UG_Responsavel_Cod;UG_Responsavel_Nome;Favorecido_CNPJ;Favorecido_Nome;PI_Cod;PI_Nome;Natureza_Despesa_Cod;Natureza_Despesa_Nome;NE_CCor_Empenho;NE_CCor_Info_Complementar;Ano_Emissao_Empenho;Ano_Lancamento;Despesas_Empenhadas;Despesas_Liquidadas;Despesas_Pagas;RAP_NP_Inscritos;RAP_NP_Reinscritos;RAP_NP_Liquidados;RAP_NP_Pagos;Total_Geral;Status_Contrato;Categoria_Natureza;RAP_NP_Total;Montante;Execucao_Liquidacao;Saldo_a_Liquidar;Pagamento;Anos_RAP
150147;CAMPUS PROFESSORA CINOBELINA ELVAS;9019150000111.0;ATD LOCACAO LTDA;M8282G01CTN;CONTRATOS EM GERAL.;339037;Locação de Mão de Obra;154048152652021NE000121;15404805000052019;2021;2026;0.0;0.0;0.0;0.0;9615.94;0.0;0.0;9615.94;Com contrato;Despesas Correntes;9615.94;9615.94;0.0;9615.94;0.0;2021
156182;PREFEITURA UNIVERSITARIA;9019150000111.0;ATD LOCACAO LTDA;M20RKG01CTN;CONTRATOS EM GERAL.;339037;Locação de Mão de Obra;154048152652021NE000130;15404805000222017;2021;2026;0.0;0.0;0.0;0.0;2494.62;0.0;0.0;2494.62;Com contrato;Despesas Correntes;2494.62;2494.62;0.0;2494.62;0.0;2021
150147;CAMPUS PROFESSORA CINOBELINA ELVAS;3756971000154.0;FP COMERCIO DE GAS LTDA;M8282G01CTN;CONTRATOS EM GERAL.;339030;Material de Consumo;154048152652021NE000388;15404805000132020;2021;2026;0.0;0.0;0.0;0.0;43732.5;0.0;0.0;43732.5;Com contrato;Despesas Correntes;43732.5;43732.5;0.0;43732.5;0.0;2021
156182;PREFEITURA UNIVERSITARIA;11344183000189.0;VERTICAL - ENGENHARIA, CONSTRUCAO E EMPREENDIMENTOS LTD;M20RKG4300N;ENSINO-GESTAO;449051;Obras e Instalações;154048152652021NE000566;15404899000022020 - UASG MINUTA: 154048 - CIPI: 4320.22-68;2021;2026;0.0;0.0;0.0;0.0;26190.42;0.0;0.0;26190.42;Sem contrato;Despesas de Capital;26190.42;26190.42;0.0;26190.42;0.0;2021
154103;CAMPUS DO JUNCO/FUFPI;3756971000154.0;FP COMERCIO DE GAS LTDA;M8282G1900N;REESTRUTURACAO E MODERNIZACAO DAS IFES;339030;Material de Consumo;154048152652021NE000579;15404805000132020 - UASG MINUTA: 154048;2021;2026;0.0;0.0;0.0;0.0;765.0;0.0;0.0;765.0;Sem contrato;Despesas Correntes;765.0;765.0;0.0;765.0;0.0;2021
154090;PRO-REITORIA DE ENSINO DE POS-GRADUACAO;154048.0;FUNDACAO UNIVERSIDADE FEDERAL DO PIAUI;V20GKN9400N;APOIO A ATIVIDADES DE POS-GRAD.;339020;Auxílio Financeiro a Pesquisadores;154048152652021NE000592;SEM INFORMACAO;2021;2026;0.0;0.0;0.0;0.0;10800.0;0.0;0.0;10800.0;Sem contrato;Despesas Correntes;10800.0;10800.0;0.0;10800.0;0.0;2021
156182;PREFEITURA UNIVERSITARIA;154048.0;FUNDACAO UNIVERSIDADE FEDERAL DO PIAUI;V4572N0100N;TREINAMENTO DE SERVIDORES     .;339039;Outros Serviços de Terceiros - Pessoa Jurídica;154048152652021NE000617;SEM INFORMACAO;2021;2026;0.0;0.0;0.0;0.0;43199.0;0.0;0.0;43199.0;Sem contrato;Despesas Correntes;43199.0;43199.0;0.0;43199.0;0.0;2021
154102;COLEGIO AGRICOLA DE FLRIANO/FUFPI;9019150000111.0;ATD LOCACAO LTDA;L20RLM01CTN;CONTRATOS EM GERAL DOS COLEGIOS TECNICOS.;339037;Locação de Mão de Obra;154048152652023NE000222;15404805000052019 - UASG MINUTA: 154048;2023;2026;0.0;0.0;0.0;0.0;1254.07;0.0;0.0;1254.07;Com contrato;Despesas Correntes;1254.07;1254.07;0.0;1254.07;0.0;2023
151667;CENTRO DE ENSINO A DISTANCIA;87883807000106.0;MBM SEGURADORA SA;M20RKG01CTN;CONTRATOS EM GERAL.;339039;Outros Serviços de Terceiros - Pessoa Jurídica;154048152652023NE000549;15404805000052023 - UASG MINUTA: 154048;2023;2026;0.0;0.0;0.0;0.0;180.85;0.0;0.0;180.85;Com contrato;Despesas Correntes;180.85;180.85;0.0;180.85;0.0;2023
156182;PREFEITURA UNIVERSITARIA;3325436000149.0;MARANATA PRESTADORA DE SERVICOS E CONSTRUCOES LTDA;M20RKG01CTN;CONTRATOS EM GERAL.;339037;Locação de Mão de Obra;154048152652023NE000662;15404805000412020 - UASG MINUTA: 154048;2023;2026;0.0;0.0;0.0;0.0;121469.06;0.0;0.0;121469.06;Com contrato;Despesas Correntes;121469.06;121469.06;0.0;121469.06;0.0;2023
156182;PREFEITURA UNIVERSITARIA;9019150000111.0;ATD LOCACAO LTDA;M20RKG01CTN;CONTRATOS EM GERAL.;339037;Locação de Mão de Obra;154048152652023NE000711;15404805000052019 - UASG MINUTA: 154048;2023;2026;0.0;0.0;0.0;0.0;90443.26;0.0;0.0;90443.26;Com contrato;Despesas Correntes;90443.26;90443.26;0.0;90443.26;0.0;2023
154102;COLEGIO AGRICOLA DE FLRIANO/FUFPI;9019150000111.0;ATD LOCACAO LTDA;L20RLM01CTN;CONTRATOS EM GERAL DOS COLEGIOS TECNICOS.;339037;Locação de Mão de Obra;154048152652023NE000735;15404805000052019 - UASG MINUTA: 154048;2023;2026;0.0;0.0;0.0;0.0;16040.45;0.0;0.0;16040.45;Com contrato;Despesas Correntes;16040.45;16040.45;0.0;16040.45;0.0;2023
151064;CAMPUS AMILCAR FERREIRA SOBRAL;37180769000149.0;INOVA SERVICE DISTRIBUIDORA LTDA;M20RKG6000N;ENSINO-GESTAO;339030;Material de Consumo;154048152652023NE000760;15404805000102023 - UASG MINUTA: 154048;2023;2026;0.0;0.0;0.0;0.0;280.0;0.0;0.0;280.0;Sem contrato;Despesas Correntes;280.0;280.0;0.0;280.0;0.0;2023
154103;CAMPUS DO JUNCO/FUFPI;9019150000111.0;ATD LOCACAO LTDA;M20RKG01CTN;CONTRATOS EM GERAL.;339037;Locação de Mão de Obra;154048152652023NE000768;15404805000052019 - UASG MINUTA: 154048;2023;2026;0.0;0.0;0.0;0.0;550.0;0.0;0.0;550.0;Com contrato;Despesas Correntes;550.0;550.0;0.0;550.0;0.0;2023
151064;CAMPUS AMILCAR FERREIRA SOBRAL;29293116000148.0;C W N FERREIRA LTDA;M20RKG6000N;ENSINO-GESTAO;339030;Material de Consumo;154048152652023NE000839;15404805000182023 - UASG MINUTA: 154048;2023;2026;0.0;0.0;0.0;0.0;1263.08;0.0;0.0;1263.08;Sem contrato;Despesas Correntes;1263.08;1263.08;0.0;1263.08;0.0;2023
150147;CAMPUS PROFESSORA CINOBELINA ELVAS;63505812000109.0;ROBEVALDO ALVES LIMA LTDA;V4002N2300N;RESTAURANTE UNIVERSITARIO E OUTRAS DESPESAS;339030;Material de Consumo;154048152652023NE000879;15404805000142023 - UASG MINUTA: 154048;2023;2026;0.0;0.0;0.0;0.0;10483.0;0.0;0.0;10483.0;Sem contrato;Despesas Correntes;10483.0;10483.0;0.0;10483.0;0.0;2023
154103;CAMPUS DO JUNCO/FUFPI;9019150000111.0;ATD LOCACAO LTDA;V4002N01CTN;CONTRATOS EM GERAL DO RU.;339037;Locação de Mão de Obra;154048152652023NE000895;15404805000232023 - UASG MINUTA: 154048;2023;2026;0.0;0.0;0.0;0.0;32201.41;0.0;0.0;32201.41;Com contrato;Despesas Correntes;32201.41;32201.41;0.0;32201.41;0.0;2023
150147;CAMPUS PROFESSORA CINOBELINA ELVAS;9019150000111.0;ATD LOCACAO LTDA;M20RKG01CTN;CONTRATOS EM GERAL.;339037;Locação de Mão de Obra;154048152652023NE000949;15404805000052019 - UASG MINUTA: 154048;2023;2026;0.0;0.0;0.0;0.0;23479.42;0.0;0.0;23479.42;Com contrato;Despesas Correntes;23479.42;23479.42;0.0;23479.42;0.0;2023
151064;CAMPUS AMILCAR FERREIRA SOBRAL;6234467000182.0;FUTURA SERVICOS PROFISSIONAIS ADMINISTRATIVOS LTDA;M20RKG01CTN;CONTRATOS EM GERAL.;339037;Locação de Mão de Obra;154048152652023NE000951;15404805000042022 - UASG MINUTA: 154048;2023;2026;0.0;0.0;0.0;0.0;981.14;0.0;0.0;981.14;Com contrato;Despesas Correntes;981.14;981.14;0.0;981.14;0.0;2023
154103;CAMPUS DO JUNCO/FUFPI;9019150000111.0;ATD LOCACAO LTDA;M20RKG01CTN;CONTRATOS EM GERAL.;339037;Locação de Mão de Obra;154048152652023NE000957;15404805000052019 - UASG MINUTA: 154048;2023;2026;0.0;0.0;0.0;0.0;12927.48;0.0;0.0;12927.48;Com contrato;Despesas Correntes;12927.48;12927.48;0.0;12927.48;0.0;2023
156182;PREFEITURA UNIVERSITARIA;3325436000149.0;MARANATA PRESTADORA DE SERVICOS E CONSTRUCOES LTDA;M8282G01CTN;CONTRATOS EM GERAL.;339037;Locação de Mão de Obra;154048152652023NE000958;15404805000412020 - UASG MINUTA: 154048;2023;2026;0.0;0.0;0.0;0.0;345099.99;0.0;0.0;345099.99;Com contrato;Despesas Correntes;345099.99;345099.99;0.0;345099.99;0.0;2023
155079;HOSPITAL VETERINARIO DE BOM JESUS - UFPI;6234467000182.0;FUTURA SERVICOS PROFISSIONAIS ADMINISTRATIVOS LTDA;M20RKG71TBN;HOSPITAL VETERINARIO DE TERESINA E BOM JESUS.;339037;Locação de Mão de Obra;154048152652023NE000977;15404805000012023 - UASG MINUTA: 154048;2023;2026;0.0;0.0;0.0;0.0;128027.01;0.0;0.0;128027.01;Sem contrato;Despesas Correntes;128027.01;128027.01;0.0;128027.01;0.0;2023
156182;PREFEITURA UNIVERSITARIA;11399787000122.0;VENEZA SERVICOS ADMINISTRATIVOS LTDA;M8282G01CTN;CONTRATOS EM GERAL.;339037;Locação de Mão de Obra;154048152652023NE000981;15404805000132022 - UASG MINUTA: 154048;2023;2026;0.0;0.0;0.0;0.0;2305.77;0.0;0.0;2305.77;Com contrato;Despesas Correntes;2305.77;2305.77;0.0;2305.77;0.0;2023
154103;CAMPUS DO JUNCO/FUFPI;26549838000122.0;DISTRIBUIDORA DE ALIMENTOS SAO JUDAS TADEU LTDA;M20RKG6000N;ENSINO-GESTAO;339030;Material de Consumo;154048152652023NE001015;15404805000152023 - UASG MINUTA: 154048;2023;2026;0.0;0.0;0.0;0.0;7.36;0.0;0.0;7.36;Sem contrato;Despesas Correntes;7.36;7.36;0.0;7.36;0.0;2023
156183;SUPERINTENDENCIA DE RECURSOS HUMANOS;510001.0;COORD.GERAL DE ORCAMENTO, FINANCAS E CONTAB.;M20RKG19CPN;COPESE - UFPI;339147;Obrigações Tributárias e Contributivas em Operações Intraorçamentárias;154048152652024NE000002;SEM INFORMACAO;2024;2026;0.0;0.0;0.0;0.0;8435.21;0.0;0.0;8435.21;Sem contrato;Despesas Correntes;8435.21;8435.21;0.0;8435.21;0.0;2024
154086;ADMINISTRACAO CENTRAL/FUFPI;7832586000108.0;DF TURISMO E EVENTOS LTDA;M20RKG1900N;ENSINO-GESTAO;339033;Passagens e Despesas com Locomoção;154048152652024NE000033;15813805000402018 - UASG MINUTA: 154048;2024;2026;0.0;0.0;0.0;0.0;1.6;0.0;0.0;1.6;Sem contrato;Despesas Correntes;1.6;1.6;0.0;1.6;0.0;2024
154086;ADMINISTRACAO CENTRAL/FUFPI;154048.0;FUNDACAO UNIVERSIDADE FEDERAL DO PIAUI;M20RKG1900N;ENSINO-GESTAO;339093;Indenizações e Restituições;154048152652024NE000064;SEM INFORMACAO;2024;2026;0.0;0.0;0.0;0.0;5000.0;0.0;0.0;5000.0;Sem contrato;Despesas Correntes;5000.0;5000.0;0.0;5000.0;0.0;2024
156182;PREFEITURA UNIVERSITARIA;7783832000170.0;CRIART SERVICOS DE TERCEIRIZACAO DE MAO DE OBRA LTDA;M20RKG01CTN;CONTRATOS EM GERAL.;339037;Locação de Mão de Obra;154048152652024NE000068;15404805000172021 - UASG MINUTA: 154048;2024;2026;0.0;0.0;0.0;0.0;247.43;0.0;0.0;247.43;Com contrato;Despesas Correntes;247.43;247.43;0.0;247.43;0.0;2024
154103;CAMPUS DO JUNCO/FUFPI;7111745000177.0;TOP ARCONDICIONADO LTDA;V4002N01CTN;CONTRATOS EM GERAL DO RU.;339030;Material de Consumo;154048152652024NE000083;15404805000132019 - UASG MINUTA: 154048;2024;2026;0.0;0.0;0.0;0.0;56.66;0.0;0.0;56.66;Com contrato;Despesas Correntes;56.66;56.66;0.0;56.66;0.0;2024
154103;CAMPUS DO JUNCO/FUFPI;9019150000111.0;ATD LOCACAO LTDA;V4002N01CTN;CONTRATOS EM GERAL DO RU.;339037;Locação de Mão de Obra;154048152652024NE000088;15404805000432023 - UASG MINUTA: 154048;2024;2026;0.0;0.0;0.0;0.0;18870.97;0.0;0.0;18870.97;Com contrato;Despesas Correntes;18870.97;18870.97;0.0;18870.97;0.0;2024
156182;PREFEITURA UNIVERSITARIA;11399787000122.0;VENEZA SERVICOS ADMINISTRATIVOS LTDA;M20RKG01CTN;CONTRATOS EM GERAL.;339037;Locação de Mão de Obra;154048152652024NE000089;15404805000072023 - UASG MINUTA: 154048;2024;2026;0.0;0.0;0.0;0.0;9414.6;0.0;0.0;9414.6;Com contrato;Despesas Correntes;9414.6;9414.6;0.0;9414.6;0.0;2024
150147;CAMPUS PROFESSORA CINOBELINA ELVAS;9019150000111.0;ATD LOCACAO LTDA;M8282G01CTN;CONTRATOS EM GERAL.;339037;Locação de Mão de Obra;154048152652024NE000092;15404805000052019 - UASG MINUTA: 154048;2024;2026;0.0;0.0;0.0;0.0;8.72;0.0;0.0;8.72;Com contrato;Despesas Correntes;8.72;8.72;0.0;8.72;0.0;2024
154104;COLEGIO AGRICOLA DE BOM JESUS/FUFPI;8596699000106.0;DB LOCACAO DE VEICULOS LTDA;L20RLM01CTN;CONTRATOS EM GERAL DOS COLEGIOS TECNICOS.;339033;Passagens e Despesas com Locomoção;154048152652024NE000118;15404805000252023 - UASG MINUTA: 154048;2024;2026;0.0;0.0;0.0;0.0;3009.63;0.0;0.0;3009.63;Com contrato;Despesas Correntes;3009.63;3009.63;0.0;3009.63;0.0;2024
156181;SUPERINTENDENCIA DE COMUNICACAO SOCIAL;7836666000123.0;ANDALUZ ILUMINACAO LTDA;M20RKG01CTN;CONTRATOS EM GERAL.;339039;Outros Serviços de Terceiros - Pessoa Jurídica;154048152652024NE000119;15404805000482019 - UASG MINUTA: 154048;2024;2026;0.0;0.0;0.0;0.0;9190.2;0.0;0.0;9190.2;Com contrato;Despesas Correntes;9190.2;9190.2;0.0;9190.2;0.0;2024
154103;CAMPUS DO JUNCO/FUFPI;5340639000130.0;PRIME CONSULTORIA E ASSESSORIA EMPRESARIAL LTDA;M8282G01CTN;CONTRATOS EM GERAL.;339030;Material de Consumo;154048152652024NE000126;15404805000452023 - UASG MINUTA: 154048;2024;2026;0.0;0.0;0.0;0.0;1655.31;0.0;0.0;1655.31;Com contrato;Despesas Correntes;1655.31;1655.31;0.0;1655.31;0.0;2024
154103;CAMPUS DO JUNCO/FUFPI;9019150000111.0;ATD LOCACAO LTDA;M8282G01CTN;CONTRATOS EM GERAL.;339037;Locação de Mão de Obra;154048152652024NE000128;15404805000052019 - UASG MINUTA: 154048;2024;2026;0.0;0.0;0.0;0.0;4343.88;0.0;0.0;4343.88;Com contrato;Despesas Correntes;4343.88;4343.88;0.0;4343.88;0.0;2024
154103;CAMPUS DO JUNCO/FUFPI;2491558000142.0;LOCALIZA VEICULOS ESPECIAIS S.A.;M8282G01CTN;CONTRATOS EM GERAL.;339033;Passagens e Despesas com Locomoção;154048152652024NE000130;15404805000192023 - UASG MINUTA: 154048;2024;2026;0.0;0.0;0.0;0.0;61.69;0.0;0.0;61.69;Com contrato;Despesas Correntes;61.69;61.69;0.0;61.69;0.0;2024
154103;CAMPUS DO JUNCO/FUFPI;8596699000106.0;DB LOCACAO DE VEICULOS LTDA;M8282G01CTN;CONTRATOS EM GERAL.;339033;Passagens e Despesas com Locomoção;154048152652024NE000135;15404805000582023 - UASG MINUTA: 154048;2024;2026;0.0;0.0;0.0;0.0;17321.85;0.0;0.0;17321.85;Com contrato;Despesas Correntes;17321.85;17321.85;0.0;17321.85;0.0;2024
156182;PREFEITURA UNIVERSITARIA;7154037000113.0;NOSSA LUZ INSTALACOES ELETRICAS LTDA;M20RKG01CTN;CONTRATOS EM GERAL.;339030;Material de Consumo;154048152652024NE000137;15404805000092018 - UASG MINUTA: 154048;2024;2026;0.0;0.0;0.0;0.0;19.79;0.0;0.0;19.79;Com contrato;Despesas Correntes;19.79;19.79;0.0;19.79;0.0;2024
156182;PREFEITURA UNIVERSITARIA;8596699000106.0;DB LOCACAO DE VEICULOS LTDA;M20RKG01CTN;CONTRATOS EM GERAL.;339033;Passagens e Despesas com Locomoção;154048152652024NE000138;15404805000472023 - UASG MINUTA: 154048;2024;2026;0.0;0.0;0.0;0.0;8624.57;8624.57;8624.57;25873.71;Com contrato;Despesas Correntes;8624.57;8624.57;8624.57;0.0;8624.57;2024
154103;CAMPUS DO JUNCO/FUFPI;69607729000127.0;J J E SILVA LTDA;M8282G01CTN;CONTRATOS EM GERAL.;339033;Passagens e Despesas com Locomoção;154048152652024NE000139;15404805000162023 - UASG MINUTA: 154048;2024;2026;0.0;0.0;0.0;0.0;23020.42;0.0;0.0;23020.42;Com contrato;Despesas Correntes;23020.42;23020.42;0.0;23020.42;0.0;2024
154103;CAMPUS DO JUNCO/FUFPI;8644690000123.0;CET-SEG SEGURANCA ARMADA LTDA;M8282G01CTN;CONTRATOS EM GERAL.;339037;Locação de Mão de Obra;154048152652024NE000141;15404805000182020 - UASG MINUTA: 154048;2024;2026;0.0;0.0;0.0;0.0;1.0;0.0;0.0;1.0;Com contrato;Despesas Correntes;1.0;1.0;0.0;1.0;0.0;2024
154103;CAMPUS DO JUNCO/FUFPI;15556957000196.0;LIFE METROLOGIA, TECNOLOGIA COMERCIO E SERVICOS EM EQUI;M8282G01CTN;CONTRATOS EM GERAL.;339030;Material de Consumo;154048152652024NE000143;15404805000062019 - UASG MINUTA: 154048;2024;2026;0.0;0.0;0.0;0.0;562.76;0.0;0.0;562.76;Com contrato;Despesas Correntes;562.76;562.76;0.0;562.76;0.0;2024
156182;PREFEITURA UNIVERSITARIA;11842881000104.0;CET SEG SERVICOS E LOCACAO DE MAO DE OBRA LTDA;M20RKG01CTN;CONTRATOS EM GERAL.;339037;Locação de Mão de Obra;154048152652024NE000144;15404805000172020 - UASG MINUTA: 154048;2024;2026;0.0;0.0;0.0;0.0;6659.85;0.0;0.0;6659.85;Com contrato;Despesas Correntes;6659.85;6659.85;0.0;6659.85;0.0;2024
154102;COLEGIO AGRICOLA DE FLRIANO/FUFPI;2491558000142.0;LOCALIZA VEICULOS ESPECIAIS S.A.;L20RLM01CTN;CONTRATOS EM GERAL DOS COLEGIOS TECNICOS.;339033;Passagens e Despesas com Locomoção;154048152652024NE000146;15404805000192023 - UASG MINUTA: 154048;2024;2026;0.0;0.0;0.0;0.0;16.0;0.0;0.0;16.0;Com contrato;Despesas Correntes;16.0;16.0;0.0;16.0;0.0;2024
152660;HOSPITAL VETERINARIO DA UFPI;9019150000111.0;ATD LOCACAO LTDA;M20RKG71HVN;HOSPITAL VETERINARIO DE TERESINA E BOM JESUS.;339037;Locação de Mão de Obra;154048152652024NE000147;15404805000352023 - UASG MINUTA: 154048;2024;2026;0.0;0.0;0.0;0.0;29886.25;0.0;0.0;29886.25;Sem contrato;Despesas Correntes;29886.25;29886.25;0.0;29886.25;0.0;2024
156182;PREFEITURA UNIVERSITARIA;9019150000111.0;ATD LOCACAO LTDA;M20RKG01CTN;CONTRATOS EM GERAL.;339037;Locação de Mão de Obra;154048152652024NE000148;15404805000052019 - UASG MINUTA: 154048;2024;2026;0.0;0.0;0.0;0.0;3941.76;0.0;0.0;3941.76;Com contrato;Despesas Correntes;3941.76;3941.76;0.0;3941.76;0.0;2024
156182;PREFEITURA UNIVERSITARIA;19152814000170.0;NACIONAL SERVICOS INTEGRADOS LTDA;M20RKG01CTN;CONTRATOS EM GERAL.;339037;Locação de Mão de Obra;154048152652024NE000155;15404805000182021 - UASG MINUTA: 154048;2024;2026;0.0;0.0;0.0;0.0;80630.63;0.0;0.0;80630.63;Com contrato;Despesas Correntes;80630.63;80630.63;0.0;80630.63;0.0;2024
154356;PRO-REITORIA ASS.ESTUDANTIS E COMUNITARIOS;13751395000106.0;INFINYT COMERCIO SERVICOS E REPRESENTACOES LTDA;V4002N01CTN;CONTRATOS EM GERAL DO RU.;339039;Outros Serviços de Terceiros - Pessoa Jurídica;154048152652024NE000160;15404805000142022 - UASG MINUTA: 154048;2024;2026;0.0;0.0;0.0;0.0;658.77;0.0;0.0;658.77;Com contrato;Despesas Correntes;658.77;658.77;0.0;658.77;0.0;2024
152660;HOSPITAL VETERINARIO DA UFPI;5564043000113.0;MASTER FACILITIES LTDA;M20RKG71TBN;HOSPITAL VETERINARIO DE TERESINA E BOM JESUS.;339037;Locação de Mão de Obra;154048152652024NE000164;15404805000052022 - UASG MINUTA: 154048;2024;2026;0.0;0.0;0.0;0.0;6062.98;0.0;0.0;6062.98;Sem contrato;Despesas Correntes;6062.98;6062.98;0.0;6062.98;0.0;2024
152660;HOSPITAL VETERINARIO DA UFPI;6234467000182.0;FUTURA SERVICOS PROFISSIONAIS ADMINISTRATIVOS LTDA;M20RKG71HVN;HOSPITAL VETERINARIO DE TERESINA E BOM JESUS.;339037;Locação de Mão de Obra;154048152652024NE000165;15404805000012023 - UASG MINUTA: 154048;2024;2026;0.0;0.0;0.0;0.0;11214.6;0.0;0.0;11214.6;Sem contrato;Despesas Correntes;11214.6;11214.6;0.0;11214.6;0.0;2024
152660;HOSPITAL VETERINARIO DA UFPI;7111745000177.0;TOP ARCONDICIONADO LTDA;M20RKG71HVN;HOSPITAL VETERINARIO DE TERESINA E BOM JESUS.;339039;Outros Serviços de Terceiros - Pessoa Jurídica;154048152652024NE000166;15404805000362019 - UASG MINUTA: 154048;2024;2026;0.0;0.0;0.0;0.0;1300.0;0.0;0.0;1300.0;Sem contrato;Despesas Correntes;1300.0;1300.0;0.0;1300.0;0.0;2024
152660;HOSPITAL VETERINARIO DA UFPI;7111745000177.0;TOP ARCONDICIONADO LTDA;M20RKG71HVN;HOSPITAL VETERINARIO DE TERESINA E BOM JESUS.;339030;Material de Consumo;154048152652024NE000167;15404805000362019 - UASG MINUTA: 154048;2024;2026;0.0;0.0;0.0;0.0;7006.06;0.0;0.0;7006.06;Sem contrato;Despesas Correntes;7006.06;7006.06;0.0;7006.06;0.0;2024
151064;CAMPUS AMILCAR FERREIRA SOBRAL;3506307000157.0;TICKET SOLUCOES HDFGT S/A;M8282G01CTN;CONTRATOS EM GERAL.;339039;Outros Serviços de Terceiros - Pessoa Jurídica;154048152652024NE000173;15404805000552023 - UASG MINUTA: 154048;2024;2026;0.0;0.0;0.0;0.0;528.46;0.0;0.0;528.46;Com contrato;Despesas Correntes;528.46;528.46;0.0;528.46;0.0;2024
154103;CAMPUS DO JUNCO/FUFPI;10013974000163.0;SERVFAZ SERVICOS DE MAO DE OBRA LTDA;M8282G01CTN;CONTRATOS EM GERAL.;339037;Locação de Mão de Obra;154048152652024NE000174;15404805000012020 - UASG MINUTA: 154048;2024;2026;0.0;0.0;0.0;0.0;3.0;0.0;0.0;3.0;Com contrato;Despesas Correntes;3.0;3.0;0.0;3.0;0.0;2024
154101;COLEGIO AGRICOLA DE TERESINA/FUFPI;8596699000106.0;DB LOCACAO DE VEICULOS LTDA;L20RLM01CTN;CONTRATOS EM GERAL DOS COLEGIOS TECNICOS.;339033;Passagens e Despesas com Locomoção;154048152652024NE000176;15404805000252023 - UASG MINUTA: 154048;2024;2026;0.0;0.0;0.0;0.0;16075.62;0.0;0.0;16075.62;Com contrato;Despesas Correntes;16075.62;16075.62;0.0;16075.62;0.0;2024
156182;PREFEITURA UNIVERSITARIA;12710740000109.0;NATUS AMBIENTAL LTDA;M20RKG01CTN;CONTRATOS EM GERAL.;339039;Outros Serviços de Terceiros - Pessoa Jurídica;154048152652024NE000178;15404805000242020 - UASG MINUTA: 154048;2024;2026;0.0;0.0;0.0;0.0;15755.48;15755.48;15755.48;47266.44;Com contrato;Despesas Correntes;15755.48;15755.48;15755.48;0.0;15755.48;2024
154578;PRO-REITORIA DE PESQUISA;154048.0;FUNDACAO UNIVERSIDADE FEDERAL DO PIAUI;V20GKN2300N;CONCESSAO DE BOLSAS.;339018;Auxílio Financeiro a Estudantes;154048152652024NE000187;SEM INFORMACAO;2024;2026;0.0;0.0;0.0;0.0;24.06;0.0;0.0;24.06;Sem contrato;Despesas Correntes;24.06;24.06;0.0;24.06;0.0;2024
154090;PRO-REITORIA DE ENSINO DE POS-GRADUACAO;7832586000108.0;DF TURISMO E EVENTOS LTDA;V20RKN9400N;APOIO A ATIVIDADE DE POS-GRADUACAO.;339033;Passagens e Despesas com Locomoção;154048152652024NE000201;15813805000402018 - UASG MINUTA: 154048;2024;2026;0.0;0.0;0.0;0.0;69706.61;0.0;0.0;69706.61;Sem contrato;Despesas Correntes;69706.61;69706.61;0.0;69706.61;0.0;2024
154090;PRO-REITORIA DE ENSINO DE POS-GRADUACAO;7832586000108.0;DF TURISMO E EVENTOS LTDA;V20RKN9400N;APOIO A ATIVIDADE DE POS-GRADUACAO.;339033;Passagens e Despesas com Locomoção;154048152652024NE000202;15813805000402018 - UASG MINUTA: 154048;2024;2026;0.0;0.0;0.0;0.0;14000.0;0.0;0.0;14000.0;Sem contrato;Despesas Correntes;14000.0;14000.0;0.0;14000.0;0.0;2024
154103;CAMPUS DO JUNCO/FUFPI;29293116000148.0;C W N FERREIRA LTDA;M8282G6000N;REESTRUTURACAO E MODERNIZACAO DAS IFES;339030;Material de Consumo;154048152652024NE000203;15404805000182023 - UASG MINUTA: 154048;2024;2026;0.0;0.0;0.0;0.0;4920.46;0.0;0.0;4920.46;Sem contrato;Despesas Correntes;4920.46;4920.46;0.0;4920.46;0.0;2024
151064;CAMPUS AMILCAR FERREIRA SOBRAL;12710740000109.0;NATUS AMBIENTAL LTDA;M8282G01CTN;CONTRATOS EM GERAL.;339039;Outros Serviços de Terceiros - Pessoa Jurídica;154048152652024NE000207;15404805000232020 - UASG MINUTA: 154048;2024;2026;0.0;0.0;0.0;0.0;2229.41;0.0;0.0;2229.41;Com contrato;Despesas Correntes;2229.41;2229.41;0.0;2229.41;0.0;2024
156182;PREFEITURA UNIVERSITARIA;26905527000159.0;VALDEMAR DA SILVA DO NASCIMENTO;M20RKG01CTN;CONTRATOS EM GERAL.;339039;Outros Serviços de Terceiros - Pessoa Jurídica;154048152652024NE000215;15404805000192022 - UASG MINUTA: 154048;2024;2026;0.0;0.0;0.0;0.0;16.06;0.0;0.0;16.06;Com contrato;Despesas Correntes;16.06;16.06;0.0;16.06;0.0;2024
156182;PREFEITURA UNIVERSITARIA;31558453000161.0;EMIDIO SOARES COELHO LTDA;M20RKG1900N;ENSINO-GESTAO;339039;Outros Serviços de Terceiros - Pessoa Jurídica;154048152652024NE000222;SEM INFORMACAO;2024;2026;0.0;0.0;0.0;0.0;214.0;0.0;0.0;214.0;Sem contrato;Despesas Correntes;214.0;214.0;0.0;214.0;0.0;2024
151064;CAMPUS AMILCAR FERREIRA SOBRAL;9019150000111.0;ATD LOCACAO LTDA;V4002N01CTN;CONTRATOS EM GERAL DO RU.;339037;Locação de Mão de Obra;154048152652024NE000223;15404805000422023 - UASG MINUTA: 154048;2024;2026;0.0;0.0;0.0;0.0;226.09;0.0;0.0;226.09;Com contrato;Despesas Correntes;226.09;226.09;0.0;226.09;0.0;2024
150147;CAMPUS PROFESSORA CINOBELINA ELVAS;10695571000141.0;ROBERGES LIMA CAVALCANTI LTDA;M8282G01CTN;CONTRATOS EM GERAL.;339039;Outros Serviços de Terceiros - Pessoa Jurídica;154048152652024NE000225;15404805000312018 - UASG MINUTA: 154048;2024;2026;0.0;0.0;0.0;0.0;185.0;0.0;0.0;185.0;Com contrato;Despesas Correntes;185.0;185.0;0.0;185.0;0.0;2024
154578;PRO-REITORIA DE PESQUISA;183038.0;INSTITUTO NACIONAL DA PROPRIEDADE INDUSTRIAL;V20RKN2000N;APOIO A PESQUISA.;339139;OUTROS SERVICOS DE TERCEIROS - PESSOA JURIDICA (INTRA);154048152652024NE000226;SEM INFORMACAO;2024;2026;0.0;0.0;0.0;0.0;217.0;0.0;0.0;217.0;Sem contrato;Despesas Correntes;217.0;217.0;0.0;217.0;0.0;2024
154356;PRO-REITORIA ASS.ESTUDANTIS E COMUNITARIOS;7194788000163.0;LIMPSERV LTDA;V4002N01CTN;CONTRATOS EM GERAL DO RU.;339037;Locação de Mão de Obra;154048152652024NE000232;15404805000422019 - UASG MINUTA: 154048;2024;2026;0.0;0.0;0.0;0.0;70362.66;0.0;0.0;70362.66;Com contrato;Despesas Correntes;70362.66;70362.66;0.0;70362.66;0.0;2024
154102;COLEGIO AGRICOLA DE FLRIANO/FUFPI;19152814000170.0;NACIONAL SERVICOS INTEGRADOS LTDA;L20RLM01CTN;CONTRATOS EM GERAL DOS COLEGIOS TECNICOS.;339037;Locação de Mão de Obra;154048152652024NE000233;15404805000102023 - UASG MINUTA: 154048;2024;2026;0.0;0.0;0.0;0.0;3275.47;0.0;0.0;3275.47;Com contrato;Despesas Correntes;3275.47;3275.47;0.0;3275.47;0.0;2024
151064;CAMPUS AMILCAR FERREIRA SOBRAL;17424989000163.0;GLOBALTEC COMERCIO E SERVICOS ODONTO HOSPITALARES LTDA;M8282G01CTN;CONTRATOS EM GERAL.;339030;Material de Consumo;154048152652024NE000236;15404805000232021 - UASG MINUTA: 154048;2024;2026;0.0;0.0;0.0;0.0;1499.36;0.0;0.0;1499.36;Com contrato;Despesas Correntes;1499.36;1499.36;0.0;1499.36;0.0;2024
154087;PRO-REITORIA DE ADMINISTRACAOFUFPI;3746938001387.0;BRS SUPRIMENTOS CORPORATIVOS S/A;M20RKG01CTN;CONTRATOS EM GERAL.;339039;Outros Serviços de Terceiros - Pessoa Jurídica;154048152652024NE000245;15404805000142021 - UASG MINUTA: 154048;2024;2026;0.0;0.0;0.0;0.0;2878.77;2878.75;2878.75;8636.27;Com contrato;Despesas Correntes;2878.77;2878.77;2878.75;0.01999999999998181;2878.75;2024
151064;CAMPUS AMILCAR FERREIRA SOBRAL;12839383000175.0;ALESSANDRO DE SIQUEIRA SANTOS;M8282G01CTN;CONTRATOS EM GERAL.;339039;Outros Serviços de Terceiros - Pessoa Jurídica;154048152652024NE000248;15404805000372023 - UASG MINUTA: 154048;2024;2026;0.0;0.0;0.0;0.0;570.9;0.0;0.0;570.9;Com contrato;Despesas Correntes;570.9;570.9;0.0;570.9;0.0;2024
156180;NUCLEO DE TECNOLOGIA DA INFORMACAO-NTI;11241567000176.0;APC TECNOLOGIA LTDA;M20RKG01CTN;CONTRATOS EM GERAL.;339040;Serviços de Tecnologia da Informação e Comunicação - pessoa jurídica;154048152652024NE000249;15404805000212023 - UASG MINUTA: 154048;2024;2026;0.0;0.0;0.0;0.0;571.99;0.0;0.0;571.99;Com contrato;Despesas Correntes;571.99;571.99;0.0;571.99;0.0;2024
154098;CENTRO DE CIENCAS AGRARIAS/FUFPI;22561863000170.0;MULTPAR SERVICOS DE CONSTRUCAO LTDA;M20RKG01CTN;CONTRATOS EM GERAL.;339039;Outros Serviços de Terceiros - Pessoa Jurídica;154048152652024NE000259;15404805000612019 - UASG MINUTA: 154048;2024;2026;0.0;0.0;0.0;0.0;147.87;0.0;0.0;147.87;Com contrato;Despesas Correntes;147.87;147.87;0.0;147.87;0.0;2024
154098;CENTRO DE CIENCAS AGRARIAS/FUFPI;36193120000108.0;HMGK COMERCIO E SERVICOS LTDA;M20RKG6000N;ENSINO-GESTAO;339030;Material de Consumo;154048152652024NE000265;15404805000082023 - UASG MINUTA: 154048;2024;2026;0.0;0.0;0.0;0.0;340.0;0.0;0.0;340.0;Sem contrato;Despesas Correntes;340.0;340.0;0.0;340.0;0.0;2024
154086;ADMINISTRACAO CENTRAL/FUFPI;33683111000107.0;SERVICO FEDERAL DE PROCESSAMENTO DE DADOS (SERPRO);M20RKG01CTN;CONTRATOS EM GERAL.;339040;Serviços de Tecnologia da Informação e Comunicação - pessoa jurídica;154048152652024NE000276;15404806000152021 - UASG MINUTA: 154048;2024;2026;0.0;0.0;0.0;0.0;16.3;0.0;0.0;16.3;Com contrato;Despesas Correntes;16.3;16.3;0.0;16.3;0.0;2024
156181;SUPERINTENDENCIA DE COMUNICACAO SOCIAL;19152814000170.0;NACIONAL SERVICOS INTEGRADOS LTDA;M20RKG01CTN;CONTRATOS EM GERAL.;339037;Locação de Mão de Obra;154048152652024NE000280;15404805000082023 - UASG MINUTA: 154048;2024;2026;0.0;0.0;0.0;0.0;6944.09;0.0;0.0;6944.09;Com contrato;Despesas Correntes;6944.09;6944.09;0.0;6944.09;0.0;2024
151064;CAMPUS AMILCAR FERREIRA SOBRAL;16858835000117.0;DECISION TEAM LTDA;M8282G01CTN;CONTRATOS EM GERAL.;339039;Outros Serviços de Terceiros - Pessoa Jurídica;154048152652024NE000283;15404805000062022 - UASG MINUTA: 154048;2024;2026;0.0;0.0;0.0;0.0;88.0;0.0;0.0;88.0;Com contrato;Despesas Correntes;88.0;88.0;0.0;88.0;0.0;2024
151064;CAMPUS AMILCAR FERREIRA SOBRAL;16858835000117.0;DECISION TEAM LTDA;M8282G01CTN;CONTRATOS EM GERAL.;339030;Material de Consumo;154048152652024NE000284;15404805000062022 - UASG MINUTA: 154048;2024;2026;0.0;0.0;0.0;0.0;0.9;0.0;0.0;0.9;Com contrato;Despesas Correntes;0.9;0.9;0.0;0.9;0.0;2024
156182;PREFEITURA UNIVERSITARIA;34028316002238.0;EMPRESA BRASILEIRA DE CORREIOS E TELEGRAFOS;M20RKG01CTN;CONTRATOS EM GERAL.;339039;Outros Serviços de Terceiros - Pessoa Jurídica;154048152652024NE000287;15404807000112020 - UASG MINUTA: 154048;2024;2026;0.0;0.0;0.0;0.0;853.23;0.0;0.0;853.23;Com contrato;Despesas Correntes;853.23;853.23;0.0;853.23;0.0;2024
154104;COLEGIO AGRICOLA DE BOM JESUS/FUFPI;3506307000157.0;TICKET SOLUCOES HDFGT S/A;L20RLM01CTN;CONTRATOS EM GERAL DOS COLEGIOS TECNICOS.;339039;Outros Serviços de Terceiros - Pessoa Jurídica;154048152652024NE000298;15404805000062021 - UASG MINUTA: 154048;2024;2026;0.0;0.0;0.0;0.0;3090.71;0.0;0.0;3090.71;Com contrato;Despesas Correntes;3090.71;3090.71;0.0;3090.71;0.0;2024
154097;CENTRO DE CIENCAS DA EDUCACAO/FUFPI;154048.0;FUNDACAO UNIVERSIDADE FEDERAL DO PIAUI;M20RKG1900N;ENSINO-GESTAO;339093;Indenizações e Restituições;154048152652024NE000299;SEM INFORMACAO;2024;2026;0.0;0.0;0.0;0.0;1000.0;0.0;0.0;1000.0;Sem contrato;Despesas Correntes;1000.0;1000.0;0.0;1000.0;0.0;2024
156182;PREFEITURA UNIVERSITARIA;6687545000102.0;CONSELHO REGIONAL DE ENGENHARIA E AGRONOMIA DO PIAUI;M20RKG1900N;ENSINO-GESTAO;339047;Obrigações Tributárias e Contributivas;154048152652024NE000301;SEM INFORMACAO;2024;2026;0.0;0.0;0.0;0.0;16721.87;216.78;216.78;17155.43;Sem contrato;Despesas Correntes;16721.87;16721.87;216.78;16505.09;216.78;2024
156182;PREFEITURA UNIVERSITARIA;14882936000106.0;CONSELHO DE ARQUITETURA E URBANISMO DO ESTADO DO PIAUI;M20RKG1900N;ENSINO-GESTAO;339047;Obrigações Tributárias e Contributivas;154048152652024NE000302;SEM INFORMACAO;2024;2026;0.0;0.0;0.0;0.0;12632.34;1828.96;1828.96;16290.26;Sem contrato;Despesas Correntes;12632.34;12632.34;1828.96;10803.380000000001;1828.96;2024
154102;COLEGIO AGRICOLA DE FLRIANO/FUFPI;11724406000133.0;WN CONSTRUTORA LTDA;L20RLM01CTN;CONTRATOS EM GERAL DOS COLEGIOS TECNICOS.;339039;Outros Serviços de Terceiros - Pessoa Jurídica;154048152652024NE000304;15404805000592019 - UASG MINUTA: 154048;2024;2026;0.0;0.0;0.0;0.0;7.42;0.0;0.0;7.42;Com contrato;Despesas Correntes;7.42;7.42;0.0;7.42;0.0;2024
156182;PREFEITURA UNIVERSITARIA;11399787000122.0;VENEZA SERVICOS ADMINISTRATIVOS LTDA;M20RKG01CTN;CONTRATOS EM GERAL.;339037;Locação de Mão de Obra;154048152652024NE000307;15404805000132022 - UASG MINUTA: 154048;2024;2026;0.0;0.0;0.0;0.0;4910.41;0.0;0.0;4910.41;Com contrato;Despesas Correntes;4910.41;4910.41;0.0;4910.41;0.0;2024
156180;NUCLEO DE TECNOLOGIA DA INFORMACAO-NTI;7128744000135.0;DUO TELECOM LTDA;M20RKG01CTN;CONTRATOS EM GERAL.;339039;Outros Serviços de Terceiros - Pessoa Jurídica;154048152652024NE000319;15814605000112023 - UASG MINUTA: 154048;2024;2026;0.0;0.0;0.0;0.0;9317.83;0.0;0.0;9317.83;Com contrato;Despesas Correntes;9317.83;9317.83;0.0;9317.83;0.0;2024
151064;CAMPUS AMILCAR FERREIRA SOBRAL;12710740000109.0;NATUS AMBIENTAL LTDA;M8282G01CTN;CONTRATOS EM GERAL.;339039;Outros Serviços de Terceiros - Pessoa Jurídica;154048152652024NE000326;15404805000232020 - UASG MINUTA: 154048;2024;2026;0.0;0.0;0.0;0.0;2444.2;0.0;0.0;2444.2;Com contrato;Despesas Correntes;2444.2;2444.2;0.0;2444.2;0.0;2024
155079;HOSPITAL VETERINARIO DE BOM JESUS - UFPI;2491558000142.0;LOCALIZA VEICULOS ESPECIAIS S.A.;M20RKG71TBN;HOSPITAL VETERINARIO DE TERESINA E BOM JESUS.;339033;Passagens e Despesas com Locomoção;154048152652024NE000330;15404805000192023 - UASG MINUTA: 154048;2024;2026;0.0;0.0;0.0;0.0;78.21;0.0;0.0;78.21;Sem contrato;Despesas Correntes;78.21;78.21;0.0;78.21;0.0;2024
154095;CENTRO DE CIENCIAS DA SAUDE/FUFPI;37180769000149.0;INOVA SERVICE DISTRIBUIDORA LTDA;M20RKG6000N;ENSINO-GESTAO;339030;Material de Consumo;154048152652024NE000331;15404805000102023 - UASG MINUTA: 154048;2024;2026;0.0;0.0;0.0;0.0;20400.0;0.0;0.0;20400.0;Sem contrato;Despesas Correntes;20400.0;20400.0;0.0;20400.0;0.0;2024
154102;COLEGIO AGRICOLA DE FLRIANO/FUFPI;63505812000109.0;ROBEVALDO ALVES LIMA LTDA;L2994M2300N;RESTAURANTE UNIVERSITARIO;339030;Material de Consumo;154048152652024NE000333;15404805000112023 - UASG MINUTA: 154048;2024;2026;0.0;0.0;0.0;0.0;196.78;0.0;0.0;196.78;Sem contrato;Despesas Correntes;196.78;196.78;0.0;196.78;0.0;2024
154102;COLEGIO AGRICOLA DE FLRIANO/FUFPI;63505812000109.0;ROBEVALDO ALVES LIMA LTDA;L2994M2300N;RESTAURANTE UNIVERSITARIO;339030;Material de Consumo;154048152652024NE000337;15404805000112023 - UASG MINUTA: 154048;2024;2026;0.0;0.0;0.0;0.0;114.0;0.0;0.0;114.0;Sem contrato;Despesas Correntes;114.0;114.0;0.0;114.0;0.0;2024
151064;CAMPUS AMILCAR FERREIRA SOBRAL;36495092000175.0;RVC DISTRIBUIDORA COMERCIO E SERVICOS LTDA;M8282G6000N;REESTRUTURACAO E MODERNIZACAO DAS IFES;339030;Material de Consumo;154048152652024NE000338;15404805000102023 - UASG MINUTA: 154048;2024;2026;0.0;0.0;0.0;0.0;255.6;0.0;0.0;255.6;Sem contrato;Despesas Correntes;255.6;255.6;0.0;255.6;0.0;2024
154102;COLEGIO AGRICOLA DE FLRIANO/FUFPI;154048.0;FUNDACAO UNIVERSIDADE FEDERAL DO PIAUI;L2994M23CBN;CONCESSAO DE BOLSAS;339036;Outros Serviços de Terceiros - Pessoa Física;154048152652024NE000349;SEM INFORMACAO;2024;2026;0.0;0.0;0.0;0.0;750.0;0.0;0.0;750.0;Sem contrato;Despesas Correntes;750.0;750.0;0.0;750.0;0.0;2024
156182;PREFEITURA UNIVERSITARIA;13468076000198.0;NORTE SOLUCOES E SERVICOS LTDA;M20RKG01CTN;CONTRATOS EM GERAL.;339037;Locação de Mão de Obra;154048152652024NE000350;15404805000062023 - UASG MINUTA: 154048;2024;2026;0.0;0.0;0.0;0.0;22574.65;0.0;0.0;22574.65;Com contrato;Despesas Correntes;22574.65;22574.65;0.0;22574.65;0.0;2024
154095;CENTRO DE CIENCIAS DA SAUDE/FUFPI;154048.0;FUNDACAO UNIVERSIDADE FEDERAL DO PIAUI;M20RKG1900N;ENSINO-GESTAO;339036;Outros Serviços de Terceiros - Pessoa Física;154048152652024NE000360;SEM INFORMACAO;2024;2026;0.0;0.0;0.0;0.0;1425.0;0.0;0.0;1425.0;Sem contrato;Despesas Correntes;1425.0;1425.0;0.0;1425.0;0.0;2024
150147;CAMPUS PROFESSORA CINOBELINA ELVAS;9019150000111.0;ATD LOCACAO LTDA;V4002N01CTN;CONTRATOS EM GERAL DO RU.;339037;Locação de Mão de Obra;154048152652024NE000365;15404805000412023 - UASG MINUTA: 154048;2024;2026;0.0;0.0;0.0;0.0;10749.2;0.0;0.0;10749.2;Com contrato;Despesas Correntes;10749.2;10749.2;0.0;10749.2;0.0;2024
154102;COLEGIO AGRICOLA DE FLRIANO/FUFPI;9019150000111.0;ATD LOCACAO LTDA;L20RLM01CTN;CONTRATOS EM GERAL DOS COLEGIOS TECNICOS.;339037;Locação de Mão de Obra;154048152652024NE000377;15404805000052019 - UASG MINUTA: 154048;2024;2026;0.0;0.0;0.0;0.0;164.03;0.0;0.0;164.03;Com contrato;Despesas Correntes;164.03;164.03;0.0;164.03;0.0;2024
156182;PREFEITURA UNIVERSITARIA;34028316002238.0;EMPRESA BRASILEIRA DE CORREIOS E TELEGRAFOS;M20RKG01CTN;CONTRATOS EM GERAL.;339039;Outros Serviços de Terceiros - Pessoa Jurídica;154048152652024NE000384;15404806000122020 - UASG MINUTA: 154048;2024;2026;0.0;0.0;0.0;0.0;1593.5;0.0;0.0;1593.5;Com contrato;Despesas Correntes;1593.5;1593.5;0.0;1593.5;0.0;2024
154103;CAMPUS DO JUNCO/FUFPI;19568836000115.0;L & C COMERCIO DE ALIMENTOS LTDA;V4002N2300N;RESTAURANTE UNIVERSITARIO E OUTRAS DESPESAS;339030;Material de Consumo;154048152652024NE000385;15404805000152023 - UASG MINUTA: 154048;2024;2026;0.0;0.0;0.0;0.0;1.65;0.0;0.0;1.65;Sem contrato;Despesas Correntes;1.65;1.65;0.0;1.65;0.0;2024
151064;CAMPUS AMILCAR FERREIRA SOBRAL;14968227000130.0;FERGAVI COMERCIAL LTDA;M8282G6000N;REESTRUTURACAO E MODERNIZACAO DAS IFES;339030;Material de Consumo;154048152652024NE000386;15404805000172023 - UASG MINUTA: 154048;2024;2026;0.0;0.0;0.0;0.0;601.0;0.0;0.0;601.0;Sem contrato;Despesas Correntes;601.0;601.0;0.0;601.0;0.0;2024
154101;COLEGIO AGRICOLA DE TERESINA/FUFPI;34573548000142.0;M DO S CASTRO DE ARAUJO  LTDA;L2994M2300N;RESTAURANTE UNIVERSITARIO;339030;Material de Consumo;154048152652024NE000388;15404805000112023 - UASG MINUTA: 154048;2024;2026;0.0;0.0;0.0;0.0;5.4;0.0;0.0;5.4;Sem contrato;Despesas Correntes;5.4;5.4;0.0;5.4;0.0;2024
154101;COLEGIO AGRICOLA DE TERESINA/FUFPI;18717757000166.0;SANTANA DISTRIBUIDORA LTDA;L2994M2300N;RESTAURANTE UNIVERSITARIO;339030;Material de Consumo;154048152652024NE000389;15404805000112023 - UASG MINUTA: 154048;2024;2026;0.0;0.0;0.0;0.0;206.1;0.0;0.0;206.1;Sem contrato;Despesas Correntes;206.1;206.1;0.0;206.1;0.0;2024
156181;SUPERINTENDENCIA DE COMUNICACAO SOCIAL;115406.0;EMPRESA BRASIL DE COMUNICACAO S.A;M20RKG01CTN;CONTRATOS EM GERAL.;339139;OUTROS SERVICOS DE TERCEIROS - PESSOA JURIDICA (INTRA);154048152652024NE000394;15404807000082024 - UASG MINUTA: 154048;2024;2026;0.0;0.0;0.0;0.0;3784.24;0.0;0.0;3784.24;Com contrato;Despesas Correntes;3784.24;3784.24;0.0;3784.24;0.0;2024
156181;SUPERINTENDENCIA DE COMUNICACAO SOCIAL;47282733000120.0;LEAL EVENTOS LTDA;M20RKG01CTN;CONTRATOS EM GERAL.;339039;Outros Serviços de Terceiros - Pessoa Jurídica;154048152652024NE000405;15404805900032024 - UASG MINUTA: 154048;2024;2026;0.0;0.0;0.0;0.0;162.0;0.0;0.0;162.0;Com contrato;Despesas Correntes;162.0;162.0;0.0;162.0;0.0;2024
151064;CAMPUS AMILCAR FERREIRA SOBRAL;45306525000198.0;CIAMUNDO IMPORTACAO E EXPORTACAO LTDA;M8282G6000N;REESTRUTURACAO E MODERNIZACAO DAS IFES;339030;Material de Consumo;154048152652024NE000411;15404805000092023 - UASG MINUTA: 154048;2024;2026;0.0;0.0;0.0;0.0;221.0;0.0;0.0;221.0;Sem contrato;Despesas Correntes;221.0;221.0;0.0;221.0;0.0;2024
154103;CAMPUS DO JUNCO/FUFPI;47282733000120.0;LEAL EVENTOS LTDA;M20RKG01CTN;CONTRATOS EM GERAL.;339039;Outros Serviços de Terceiros - Pessoa Jurídica;154048152652024NE000413;15404805900032024 - UASG MINUTA: 154048;2024;2026;0.0;0.0;0.0;0.0;680.0;0.0;0.0;680.0;Com contrato;Despesas Correntes;680.0;680.0;0.0;680.0;0.0;2024
150147;CAMPUS PROFESSORA CINOBELINA ELVAS;47282733000120.0;LEAL EVENTOS LTDA;M20RKG01CTN;CONTRATOS EM GERAL.;339039;Outros Serviços de Terceiros - Pessoa Jurídica;154048152652024NE000414;15404805900032024 - UASG MINUTA: 154048;2024;2026;0.0;0.0;0.0;0.0;1561.0;0.0;0.0;1561.0;Com contrato;Despesas Correntes;1561.0;1561.0;0.0;1561.0;0.0;2024
151064;CAMPUS AMILCAR FERREIRA SOBRAL;47282733000120.0;LEAL EVENTOS LTDA;M20RKG01CTN;CONTRATOS EM GERAL.;339039;Outros Serviços de Terceiros - Pessoa Jurídica;154048152652024NE000415;15404805900032024 - UASG MINUTA: 154048;2024;2026;0.0;0.0;0.0;0.0;10.0;0.0;0.0;10.0;Com contrato;Despesas Correntes;10.0;10.0;0.0;10.0;0.0;2024
154104;COLEGIO AGRICOLA DE BOM JESUS/FUFPI;154048.0;FUNDACAO UNIVERSIDADE FEDERAL DO PIAUI;L20RLM1900N;COLEGIOS TECNICOS DA UFPI;339093;Indenizações e Restituições;154048152652024NE000420;SEM INFORMACAO;2024;2026;0.0;0.0;0.0;0.0;310.0;0.0;0.0;310.0;Sem contrato;Despesas Correntes;310.0;310.0;0.0;310.0;0.0;2024
154091;PRO-REITORIA DE PLANEJAMENTO/FUFPI;154048.0;FUNDACAO UNIVERSIDADE FEDERAL DO PIAUI;V21GSN21IFN;IDIOMAS SEM FRONTEIRAS;339018;Auxílio Financeiro a Estudantes;154048152652024NE000428;SEM INFORMACAO;2024;2026;0.0;0.0;0.0;0.0;58.0;0.0;0.0;58.0;Sem contrato;Despesas Correntes;58.0;58.0;0.0;58.0;0.0;2024
154356;PRO-REITORIA ASS.ESTUDANTIS E COMUNITARIOS;17232997000108.0;EASYTECH ENGENHARIA SERVICOS TECNICOS LTDA;V4002N01CTN;CONTRATOS EM GERAL DO RU.;339039;Outros Serviços de Terceiros - Pessoa Jurídica;154048152652024NE000432;15404805000212019 - UASG MINUTA: 154048;2024;2026;0.0;0.0;0.0;0.0;60.0;0.0;0.0;60.0;Com contrato;Despesas Correntes;60.0;60.0;0.0;60.0;0.0;2024
156181;SUPERINTENDENCIA DE COMUNICACAO SOCIAL;10675963000149.0;MEGA-ON SOLUCOES LTDA;M20RKG01CTN;CONTRATOS EM GERAL.;339037;Locação de Mão de Obra;154048152652024NE000437;15404805900042024 - UASG MINUTA: 154048;2024;2026;0.0;0.0;0.0;0.0;186.07;0.0;0.0;186.07;Com contrato;Despesas Correntes;186.07;186.07;0.0;186.07;0.0;2024
156182;PREFEITURA UNIVERSITARIA;22561863000170.0;MULTPAR SERVICOS DE CONSTRUCAO LTDA;M20RKG01CTN;CONTRATOS EM GERAL.;339039;Outros Serviços de Terceiros - Pessoa Jurídica;154048152652024NE000438;15404805000612019 - UASG MINUTA: 154048;2024;2026;0.0;0.0;0.0;0.0;0.28;0.0;0.0;0.28;Com contrato;Despesas Correntes;0.28;0.28;0.0;0.28;0.0;2024
154102;COLEGIO AGRICOLA DE FLRIANO/FUFPI;154048.0;FUNDACAO UNIVERSIDADE FEDERAL DO PIAUI;L2994M23CBN;CONCESSAO DE BOLSAS;339018;Auxílio Financeiro a Estudantes;154048152652024NE000445;SEM INFORMACAO;2024;2026;0.0;0.0;0.0;0.0;200.0;0.0;0.0;200.0;Sem contrato;Despesas Correntes;200.0;200.0;0.0;200.0;0.0;2024
154102;COLEGIO AGRICOLA DE FLRIANO/FUFPI;6234467000182.0;FUTURA SERVICOS PROFISSIONAIS ADMINISTRATIVOS LTDA;L20RLM01CTN;CONTRATOS EM GERAL DOS COLEGIOS TECNICOS.;339037;Locação de Mão de Obra;154048152652024NE000454;15404805000042022 - UASG MINUTA: 154048;2024;2026;0.0;0.0;0.0;0.0;5279.82;0.0;0.0;5279.82;Com contrato;Despesas Correntes;5279.82;5279.82;0.0;5279.82;0.0;2024
154104;COLEGIO AGRICOLA DE BOM JESUS/FUFPI;8644690000123.0;CET-SEG SEGURANCA ARMADA LTDA;L20RLM01CTN;CONTRATOS EM GERAL DOS COLEGIOS TECNICOS.;339037;Locação de Mão de Obra;154048152652024NE000455;15404805000152020 - UASG MINUTA: 154048;2024;2026;0.0;0.0;0.0;0.0;8522.12;0.0;0.0;8522.12;Com contrato;Despesas Correntes;8522.12;8522.12;0.0;8522.12;0.0;2024
151064;CAMPUS AMILCAR FERREIRA SOBRAL;154048.0;FUNDACAO UNIVERSIDADE FEDERAL DO PIAUI;M8282G1900N;REESTRUTURACAO E MODERNIZACAO DAS IFES;339093;Indenizações e Restituições;154048152652024NE000457;SEM INFORMACAO;2024;2026;0.0;0.0;0.0;0.0;57.59;0.0;0.0;57.59;Sem contrato;Despesas Correntes;57.59;57.59;0.0;57.59;0.0;2024
156180;NUCLEO DE TECNOLOGIA DA INFORMACAO-NTI;7501328000130.0;FUNDACAO CULTURAL E DE FOMENTO A PESQUISA, ENSINO, EXTE;V20RKG01RPN;REDE POTI;339039;Outros Serviços de Terceiros - Pessoa Jurídica;154048152652024NE000464;15404806000432019 - UASG MINUTA: 154048;2024;2026;0.0;0.0;0.0;0.0;2098.05;0.0;0.0;2098.05;Sem contrato;Despesas Correntes;2098.05;2098.05;0.0;2098.05;0.0;2024
154356;PRO-REITORIA ASS.ESTUDANTIS E COMUNITARIOS;7111745000177.0;TOP ARCONDICIONADO LTDA;V4002N01CTN;CONTRATOS EM GERAL DO RU.;339039;Outros Serviços de Terceiros - Pessoa Jurídica;154048152652024NE000470;15404805000112019 - UASG MINUTA: 154048;2024;2026;0.0;0.0;0.0;0.0;4747.0;0.0;0.0;4747.0;Com contrato;Despesas Correntes;4747.0;4747.0;0.0;4747.0;0.0;2024
154104;COLEGIO AGRICOLA DE BOM JESUS/FUFPI;12879718000421.0;AGROLESTE RACOES NUTRICAO DE ANIMAIS LTDA;L20RLM6000N;COLEGIOS TECNICOS DA UFPI;339030;Material de Consumo;154048152652024NE000472;15404805000132023 - UASG MINUTA: 154048;2024;2026;0.0;0.0;0.0;0.0;923.13;0.0;0.0;923.13;Sem contrato;Despesas Correntes;923.13;923.13;0.0;923.13;0.0;2024
154091;PRO-REITORIA DE PLANEJAMENTO/FUFPI;154048.0;FUNDACAO UNIVERSIDADE FEDERAL DO PIAUI;V20GKN21IFN;IDIOMAS SEM FRONTEIRAS;339018;Auxílio Financeiro a Estudantes;154048152652024NE000475;SEM INFORMACAO;2024;2026;0.0;0.0;0.0;0.0;304.98;304.98;304.98;914.94;Sem contrato;Despesas Correntes;304.98;304.98;304.98;0.0;304.98;2024
154102;COLEGIO AGRICOLA DE FLRIANO/FUFPI;18717757000166.0;SANTANA DISTRIBUIDORA LTDA;L2994M2300N;RESTAURANTE UNIVERSITARIO;339030;Material de Consumo;154048152652024NE000492;15404805000152023 - UASG MINUTA: 154048;2024;2026;0.0;0.0;0.0;0.0;474.6;468.0;468.0;1410.6;Sem contrato;Despesas Correntes;474.6;474.6;468.0;6.600000000000023;468.0;2024
154356;PRO-REITORIA ASS.ESTUDANTIS E COMUNITARIOS;11436412000195.0;CENTRAL DE FRIOS PIAUI LTDA;V4002N2300N;RESTAURANTE UNIVERSITARIO E OUTRAS DESPESAS;339030;Material de Consumo;154048152652024NE000494;15404805000152023 - UASG MINUTA: 154048;2024;2026;0.0;0.0;0.0;0.0;4778.8;0.0;0.0;4778.8;Sem contrato;Despesas Correntes;4778.8;4778.8;0.0;4778.8;0.0;2024
154103;CAMPUS DO JUNCO/FUFPI;26549838000122.0;DISTRIBUIDORA DE ALIMENTOS SAO JUDAS TADEU LTDA;V4002N2300N;RESTAURANTE UNIVERSITARIO E OUTRAS DESPESAS;339030;Material de Consumo;154048152652024NE000500;15404805000152023 - UASG MINUTA: 154048;2024;2026;0.0;0.0;0.0;0.0;24034.09;1709.82;1709.82;27453.73;Sem contrato;Despesas Correntes;24034.09;24034.09;1709.82;22324.27;1709.82;2024
150147;CAMPUS PROFESSORA CINOBELINA ELVAS;63505812000109.0;ROBEVALDO ALVES LIMA LTDA;V4002N2300N;RESTAURANTE UNIVERSITARIO E OUTRAS DESPESAS;339030;Material de Consumo;154048152652024NE000502;15404805000152023 - UASG MINUTA: 154048;2024;2026;0.0;0.0;0.0;0.0;67725.6;9726.6;9726.6;87178.8;Sem contrato;Despesas Correntes;67725.6;67725.6;9726.6;57999.00000000001;9726.6;2024
154104;COLEGIO AGRICOLA DE BOM JESUS/FUFPI;11436412000195.0;CENTRAL DE FRIOS PIAUI LTDA;L2994M2300N;RESTAURANTE UNIVERSITARIO;339030;Material de Consumo;154048152652024NE000503;15404805000152023 - UASG MINUTA: 154048;2024;2026;0.0;0.0;0.0;0.0;3686.0;0.0;0.0;3686.0;Sem contrato;Despesas Correntes;3686.0;3686.0;0.0;3686.0;0.0;2024
154102;COLEGIO AGRICOLA DE FLRIANO/FUFPI;11436412000195.0;CENTRAL DE FRIOS PIAUI LTDA;L2994M2300N;RESTAURANTE UNIVERSITARIO;339030;Material de Consumo;154048152652024NE000521;15404805000152023 - UASG MINUTA: 154048;2024;2026;0.0;0.0;0.0;0.0;229.64;0.0;0.0;229.64;Sem contrato;Despesas Correntes;229.64;229.64;0.0;229.64;0.0;2024
154104;COLEGIO AGRICOLA DE BOM JESUS/FUFPI;18717757000166.0;SANTANA DISTRIBUIDORA LTDA;L2994M2300N;RESTAURANTE UNIVERSITARIO;339030;Material de Consumo;154048152652024NE000523;15404805000152023 - UASG MINUTA: 154048;2024;2026;0.0;0.0;0.0;0.0;5559.97;5476.6;5476.6;16513.17;Sem contrato;Despesas Correntes;5559.97;5559.97;5476.6;83.36999999999989;5476.6;2024
151064;CAMPUS AMILCAR FERREIRA SOBRAL;11436412000195.0;CENTRAL DE FRIOS PIAUI LTDA;V4002N2300N;RESTAURANTE UNIVERSITARIO E OUTRAS DESPESAS;339030;Material de Consumo;154048152652024NE000524;15404805000152023 - UASG MINUTA: 154048;2024;2026;0.0;0.0;0.0;0.0;15.96;0.0;0.0;15.96;Sem contrato;Despesas Correntes;15.96;15.96;0.0;15.96;0.0;2024
154104;COLEGIO AGRICOLA DE BOM JESUS/FUFPI;11436412000195.0;CENTRAL DE FRIOS PIAUI LTDA;L2994M2300N;RESTAURANTE UNIVERSITARIO;339030;Material de Consumo;154048152652024NE000530;15404805000152023 - UASG MINUTA: 154048;2024;2026;0.0;0.0;0.0;0.0;142.0;0.0;0.0;142.0;Sem contrato;Despesas Correntes;142.0;142.0;0.0;142.0;0.0;2024
150147;CAMPUS PROFESSORA CINOBELINA ELVAS;7111745000177.0;TOP ARCONDICIONADO LTDA;V4002N01CTN;CONTRATOS EM GERAL DO RU.;339039;Outros Serviços de Terceiros - Pessoa Jurídica;154048152652024NE000539;15404805000092019 - UASG MINUTA: 154048;2024;2026;0.0;0.0;0.0;0.0;20.0;0.0;0.0;20.0;Com contrato;Despesas Correntes;20.0;20.0;0.0;20.0;0.0;2024
150147;CAMPUS PROFESSORA CINOBELINA ELVAS;7111745000177.0;TOP ARCONDICIONADO LTDA;V4002N01CTN;CONTRATOS EM GERAL DO RU.;339030;Material de Consumo;154048152652024NE000540;15404805000092019 - UASG MINUTA: 154048;2024;2026;0.0;0.0;0.0;0.0;1247.75;0.0;0.0;1247.75;Com contrato;Despesas Correntes;1247.75;1247.75;0.0;1247.75;0.0;2024
154103;CAMPUS DO JUNCO/FUFPI;15556957000196.0;LIFE METROLOGIA, TECNOLOGIA COMERCIO E SERVICOS EM EQUI;M8282G01CTN;CONTRATOS EM GERAL.;339039;Outros Serviços de Terceiros - Pessoa Jurídica;154048152652024NE000544;15404805000062019 - UASG MINUTA: 154048;2024;2026;0.0;0.0;0.0;0.0;22801.21;0.0;0.0;22801.21;Com contrato;Despesas Correntes;22801.21;22801.21;0.0;22801.21;0.0;2024
154356;PRO-REITORIA ASS.ESTUDANTIS E COMUNITARIOS;11436412000195.0;CENTRAL DE FRIOS PIAUI LTDA;V4002N2300N;RESTAURANTE UNIVERSITARIO E OUTRAS DESPESAS;339030;Material de Consumo;154048152652024NE000545;15404805000152023 - UASG MINUTA: 154048;2024;2026;0.0;0.0;0.0;0.0;140.9;0.0;0.0;140.9;Sem contrato;Despesas Correntes;140.9;140.9;0.0;140.9;0.0;2024
156182;PREFEITURA UNIVERSITARIA;6554869000911.0;MUNICIPIO DE TERESINA;M20RKG1900N;ENSINO-GESTAO;339047;Obrigações Tributárias e Contributivas;154048152652024NE000547;SEM INFORMACAO;2024;2026;0.0;0.0;0.0;0.0;30.62;0.0;0.0;30.62;Sem contrato;Despesas Correntes;30.62;30.62;0.0;30.62;0.0;2024
150147;CAMPUS PROFESSORA CINOBELINA ELVAS;7783832000170.0;CRIART SERVICOS DE TERCEIRIZACAO DE MAO DE OBRA LTDA;M20RKG01CTN;CONTRATOS EM GERAL.;339037;Locação de Mão de Obra;154048152652024NE000560;15404805000072021 - UASG MINUTA: 154048;2024;2026;0.0;0.0;0.0;0.0;0.02;0.0;0.0;0.02;Com contrato;Despesas Correntes;0.02;0.02;0.0;0.02;0.0;2024
154356;PRO-REITORIA ASS.ESTUDANTIS E COMUNITARIOS;41260555000150.0;C M F SILVA;V4002N2300N;RESTAURANTE UNIVERSITARIO E OUTRAS DESPESAS;339030;Material de Consumo;154048152652024NE000567;15404805000152023 - UASG MINUTA: 154048;2024;2026;0.0;0.0;0.0;0.0;4.6;0.0;0.0;4.6;Sem contrato;Despesas Correntes;4.6;4.6;0.0;4.6;0.0;2024
154104;COLEGIO AGRICOLA DE BOM JESUS/FUFPI;7783832000170.0;CRIART SERVICOS DE TERCEIRIZACAO DE MAO DE OBRA LTDA;L20RLM01CTN;CONTRATOS EM GERAL DOS COLEGIOS TECNICOS.;339037;Locação de Mão de Obra;154048152652024NE000573;15404805000072021 - UASG MINUTA: 154048;2024;2026;0.0;0.0;0.0;0.0;49798.92;0.0;0.0;49798.92;Com contrato;Despesas Correntes;49798.92;49798.92;0.0;49798.92;0.0;2024
156182;PREFEITURA UNIVERSITARIA;8644690000123.0;CET-SEG SEGURANCA ARMADA LTDA;M20RKG01CTN;CONTRATOS EM GERAL.;339037;Locação de Mão de Obra;154048152652024NE000574;15404805000162020 - UASG MINUTA: 154048;2024;2026;0.0;0.0;0.0;0.0;135579.14;0.0;0.0;135579.14;Com contrato;Despesas Correntes;135579.14;135579.14;0.0;135579.14;0.0;2024
154090;PRO-REITORIA DE ENSINO DE POS-GRADUACAO;154048.0;FUNDACAO UNIVERSIDADE FEDERAL DO PIAUI;M20RKG1900N;ENSINO-GESTAO;339036;Outros Serviços de Terceiros - Pessoa Física;154048152652024NE000575;SEM INFORMACAO;2024;2026;0.0;0.0;0.0;0.0;3705.0;0.0;0.0;3705.0;Sem contrato;Despesas Correntes;3705.0;3705.0;0.0;3705.0;0.0;2024
154356;PRO-REITORIA ASS.ESTUDANTIS E COMUNITARIOS;41260555000150.0;C M F SILVA;V4002N2300N;RESTAURANTE UNIVERSITARIO E OUTRAS DESPESAS;339030;Material de Consumo;154048152652024NE000576;15404805000152023 - UASG MINUTA: 154048;2024;2026;0.0;0.0;0.0;0.0;1.95;0.0;0.0;1.95;Sem contrato;Despesas Correntes;1.95;1.95;0.0;1.95;0.0;2024
156183;SUPERINTENDENCIA DE RECURSOS HUMANOS;154048.0;FUNDACAO UNIVERSIDADE FEDERAL DO PIAUI;M20RKG19CPN;COPESE - UFPI;339036;Outros Serviços de Terceiros - Pessoa Física;154048152652024NE000578;SEM INFORMACAO;2024;2026;0.0;0.0;0.0;0.0;26872.51;0.0;0.0;26872.51;Sem contrato;Despesas Correntes;26872.51;26872.51;0.0;26872.51;0.0;2024
154102;COLEGIO AGRICOLA DE FLRIANO/FUFPI;154048.0;FUNDACAO UNIVERSIDADE FEDERAL DO PIAUI;L2994M23CBN;CONCESSAO DE BOLSAS;339018;Auxílio Financeiro a Estudantes;154048152652024NE000613;SEM INFORMACAO;2024;2026;0.0;0.0;0.0;0.0;126.86;0.0;0.0;126.86;Sem contrato;Despesas Correntes;126.86;126.86;0.0;126.86;0.0;2024
156181;SUPERINTENDENCIA DE COMUNICACAO SOCIAL;33736327000185.0;BRENO P DELLING LTDA;M20RKG01CTN;CONTRATOS EM GERAL.;339030;Material de Consumo;154048152652024NE000631;15404805900062024 - UASG MINUTA: 154048;2024;2026;0.0;0.0;0.0;0.0;252.15;0.0;0.0;252.15;Com contrato;Despesas Correntes;252.15;252.15;0.0;252.15;0.0;2024
150147;CAMPUS PROFESSORA CINOBELINA ELVAS;9019150000111.0;ATD LOCACAO LTDA;M20RKG01CTN;CONTRATOS EM GERAL.;339092;Despesas de Exercícios Anteriores;154048152652024NE000639;15404805000052019 - UASG MINUTA: 154048;2024;2026;0.0;0.0;0.0;0.0;57063.57;0.0;0.0;57063.57;Com contrato;Despesas Correntes;57063.57;57063.57;0.0;57063.57;0.0;2024
154356;PRO-REITORIA ASS.ESTUDANTIS E COMUNITARIOS;63505812000109.0;ROBEVALDO ALVES LIMA LTDA;V4002N2300N;RESTAURANTE UNIVERSITARIO E OUTRAS DESPESAS;339030;Material de Consumo;154048152652024NE000653;15404805900092024 - UASG MINUTA: 154048;2024;2026;0.0;0.0;0.0;0.0;195.33;0.0;0.0;195.33;Sem contrato;Despesas Correntes;195.33;195.33;0.0;195.33;0.0;2024
151064;CAMPUS AMILCAR FERREIRA SOBRAL;8644690000123.0;CET-SEG SEGURANCA ARMADA LTDA;M8282G01CTN;CONTRATOS EM GERAL.;339037;Locação de Mão de Obra;154048152652024NE000657;15404805000142020 - UASG MINUTA: 154048;2024;2026;0.0;0.0;0.0;0.0;1657.38;0.0;0.0;1657.38;Com contrato;Despesas Correntes;1657.38;1657.38;0.0;1657.38;0.0;2024
154356;PRO-REITORIA ASS.ESTUDANTIS E COMUNITARIOS;18717757000166.0;SANTANA DISTRIBUIDORA LTDA;V4002N2300N;RESTAURANTE UNIVERSITARIO E OUTRAS DESPESAS;339030;Material de Consumo;154048152652024NE000663;15404805900092024 - UASG MINUTA: 154048;2024;2026;0.0;0.0;0.0;0.0;2113.0;0.0;0.0;2113.0;Sem contrato;Despesas Correntes;2113.0;2113.0;0.0;2113.0;0.0;2024
151064;CAMPUS AMILCAR FERREIRA SOBRAL;63505812000109.0;ROBEVALDO ALVES LIMA LTDA;V4002N2300N;RESTAURANTE UNIVERSITARIO E OUTRAS DESPESAS;339030;Material de Consumo;154048152652024NE000664;15404805900092024 - UASG MINUTA: 154048;2024;2026;0.0;0.0;0.0;0.0;5268.0;5268.0;5268.0;15804.0;Sem contrato;Despesas Correntes;5268.0;5268.0;5268.0;0.0;5268.0;2024
150147;CAMPUS PROFESSORA CINOBELINA ELVAS;69607729000127.0;J J E SILVA LTDA;M20RKG01CTN;CONTRATOS EM GERAL.;339033;Passagens e Despesas com Locomoção;154048152652024NE000665;15404805000262023 - UASG MINUTA: 154048;2024;2026;0.0;0.0;0.0;0.0;6.49;0.0;0.0;6.49;Com contrato;Despesas Correntes;6.49;6.49;0.0;6.49;0.0;2024
151064;CAMPUS AMILCAR FERREIRA SOBRAL;19152814000170.0;NACIONAL SERVICOS INTEGRADOS LTDA;M8282G01CTN;CONTRATOS EM GERAL.;339037;Locação de Mão de Obra;154048152652024NE000668;15404805000102024 - UASG MINUTA: 154048;2024;2026;0.0;0.0;0.0;0.0;11.16;0.0;0.0;11.16;Com contrato;Despesas Correntes;11.16;11.16;0.0;11.16;0.0;2024
150147;CAMPUS PROFESSORA CINOBELINA ELVAS;18717757000166.0;SANTANA DISTRIBUIDORA LTDA;V4002N2300N;RESTAURANTE UNIVERSITARIO E OUTRAS DESPESAS;339030;Material de Consumo;154048152652024NE000672;15404805900092024 - UASG MINUTA: 154048;2024;2026;0.0;0.0;0.0;0.0;1246.0;1246.0;1246.0;3738.0;Sem contrato;Despesas Correntes;1246.0;1246.0;1246.0;0.0;1246.0;2024
150147;CAMPUS PROFESSORA CINOBELINA ELVAS;63505812000109.0;ROBEVALDO ALVES LIMA LTDA;V4002N2300N;RESTAURANTE UNIVERSITARIO E OUTRAS DESPESAS;339030;Material de Consumo;154048152652024NE000675;15404805900092024 - UASG MINUTA: 154048;2024;2026;0.0;0.0;0.0;0.0;152.0;0.0;0.0;152.0;Sem contrato;Despesas Correntes;152.0;152.0;0.0;152.0;0.0;2024
154103;CAMPUS DO JUNCO/FUFPI;10013974000163.0;SERVFAZ SERVICOS DE MAO DE OBRA LTDA;M20RKG01CTN;CONTRATOS EM GERAL.;339037;Locação de Mão de Obra;154048152652024NE000677;15404805000012020 - UASG MINUTA: 154048;2024;2026;0.0;0.0;0.0;0.0;2142.86;0.0;0.0;2142.86;Com contrato;Despesas Correntes;2142.86;2142.86;0.0;2142.86;0.0;2024
154103;CAMPUS DO JUNCO/FUFPI;8644690000123.0;CET-SEG SEGURANCA ARMADA LTDA;M20RKG01CTN;CONTRATOS EM GERAL.;339037;Locação de Mão de Obra;154048152652024NE000679;15404805000182020 - UASG MINUTA: 154048;2024;2026;0.0;0.0;0.0;0.0;31527.43;31527.43;31527.43;94582.29;Com contrato;Despesas Correntes;31527.43;31527.43;31527.43;0.0;31527.43;2024
151064;CAMPUS AMILCAR FERREIRA SOBRAL;26174873000104.0;MELLUZZI DISTRIBUIDORA DE MEDICAMENTOS LTDA;M20RKG6000N;ENSINO-GESTAO;339030;Material de Consumo;154048152652024NE000680;25703405000162023 - UASG MINUTA: 154048;2024;2026;0.0;0.0;0.0;0.0;2985.0;0.0;0.0;2985.0;Sem contrato;Despesas Correntes;2985.0;2985.0;0.0;2985.0;0.0;2024
154087;PRO-REITORIA DE ADMINISTRACAOFUFPI;24240278000102.0;AGUA VIENA LTDA;M20RKG6000N;ENSINO-GESTAO;339030;Material de Consumo;154048152652024NE000681;15404805900122024 - UASG MINUTA: 154048;2024;2026;0.0;0.0;0.0;0.0;17353.2;17278.2;17278.2;51909.6;Sem contrato;Despesas Correntes;17353.2;17353.2;17278.2;75.0;17278.2;2024
154087;PRO-REITORIA DE ADMINISTRACAOFUFPI;42771150000149.0;E A ARAUJO DISTRIBUIDORA;M20RKG6000N;ENSINO-GESTAO;339030;Material de Consumo;154048152652024NE000682;15404805900122024 - UASG MINUTA: 154048;2024;2026;0.0;0.0;0.0;0.0;3852.0;3852.0;3852.0;11556.0;Sem contrato;Despesas Correntes;3852.0;3852.0;3852.0;0.0;3852.0;2024
156182;PREFEITURA UNIVERSITARIA;40910360000145.0;AJ SERVICOS LTDA;M20RKG01CTN;CONTRATOS EM GERAL.;339039;Outros Serviços de Terceiros - Pessoa Jurídica;154048152652024NE000689;15404805900022024 - UASG MINUTA: 154048;2024;2026;0.0;0.0;0.0;0.0;0.09;0.0;0.0;0.09;Com contrato;Despesas Correntes;0.09;0.09;0.0;0.09;0.0;2024
151064;CAMPUS AMILCAR FERREIRA SOBRAL;6234467000182.0;FUTURA SERVICOS PROFISSIONAIS ADMINISTRATIVOS LTDA;M20RKG01CTN;CONTRATOS EM GERAL.;339037;Locação de Mão de Obra;154048152652024NE000692;15404805000042022 - UASG MINUTA: 154048;2024;2026;0.0;0.0;0.0;0.0;297.4;0.0;0.0;297.4;Com contrato;Despesas Correntes;297.4;297.4;0.0;297.4;0.0;2024
154088;PRO-REITORIA DE ENSINOFUFPI;154048.0;FUNDACAO UNIVERSIDADE FEDERAL DO PIAUI;V4002N23PRN;PROMISAES;339018;Auxílio Financeiro a Estudantes;154048152652024NE000695;SEM INFORMACAO;2024;2026;0.0;0.0;0.0;0.0;11196.0;11196.0;11196.0;33588.0;Sem contrato;Despesas Correntes;11196.0;11196.0;11196.0;0.0;11196.0;2024
151064;CAMPUS AMILCAR FERREIRA SOBRAL;56173339000144.0;DI ANGIO COMERCIO DE MAQUINAS LTDA;M20RKG01CTN;CONTRATOS EM GERAL.;339039;Outros Serviços de Terceiros - Pessoa Jurídica;154048152652024NE000697;15404807000432020 - UASG MINUTA: 154048;2024;2026;0.0;0.0;0.0;0.0;0.24;0.0;0.0;0.24;Com contrato;Despesas Correntes;0.24;0.24;0.0;0.24;0.0;2024
150147;CAMPUS PROFESSORA CINOBELINA ELVAS;18717757000166.0;SANTANA DISTRIBUIDORA LTDA;V4002N2300N;RESTAURANTE UNIVERSITARIO E OUTRAS DESPESAS;339030;Material de Consumo;154048152652024NE000701;15404805900092024 - UASG MINUTA: 154048;2024;2026;0.0;0.0;0.0;0.0;3190.0;0.0;0.0;3190.0;Sem contrato;Despesas Correntes;3190.0;3190.0;0.0;3190.0;0.0;2024
151064;CAMPUS AMILCAR FERREIRA SOBRAL;18717757000166.0;SANTANA DISTRIBUIDORA LTDA;V4002N2300N;RESTAURANTE UNIVERSITARIO E OUTRAS DESPESAS;339030;Material de Consumo;154048152652024NE000702;15404805900092024 - UASG MINUTA: 154048;2024;2026;0.0;0.0;0.0;0.0;1514.6;1416.0;1416.0;4346.6;Sem contrato;Despesas Correntes;1514.6;1514.6;1416.0;98.59999999999991;1416.0;2024
156182;PREFEITURA UNIVERSITARIA;26905527000159.0;VALDEMAR DA SILVA DO NASCIMENTO;M20RKG01CTN;CONTRATOS EM GERAL.;339039;Outros Serviços de Terceiros - Pessoa Jurídica;154048152652024NE000703;15404805000192022 - UASG MINUTA: 154048;2024;2026;0.0;0.0;0.0;0.0;7.46;0.0;0.0;7.46;Com contrato;Despesas Correntes;7.46;7.46;0.0;7.46;0.0;2024
154356;PRO-REITORIA ASS.ESTUDANTIS E COMUNITARIOS;18717757000166.0;SANTANA DISTRIBUIDORA LTDA;V4002N2300N;RESTAURANTE UNIVERSITARIO E OUTRAS DESPESAS;339030;Material de Consumo;154048152652024NE000705;15404805900092024 - UASG MINUTA: 154048;2024;2026;0.0;0.0;0.0;0.0;12460.0;9760.0;6952.0;29172.0;Sem contrato;Despesas Correntes;12460.0;12460.0;9760.0;2700.0;6952.0;2024
150147;CAMPUS PROFESSORA CINOBELINA ELVAS;63505812000109.0;ROBEVALDO ALVES LIMA LTDA;V4002N2300N;RESTAURANTE UNIVERSITARIO E OUTRAS DESPESAS;339030;Material de Consumo;154048152652024NE000708;15404805900092024 - UASG MINUTA: 154048;2024;2026;0.0;0.0;0.0;0.0;218.0;218.0;218.0;654.0;Sem contrato;Despesas Correntes;218.0;218.0;218.0;0.0;218.0;2024
154356;PRO-REITORIA ASS.ESTUDANTIS E COMUNITARIOS;63505812000109.0;ROBEVALDO ALVES LIMA LTDA;V4002N2300N;RESTAURANTE UNIVERSITARIO E OUTRAS DESPESAS;339030;Material de Consumo;154048152652024NE000710;15404805900092024 - UASG MINUTA: 154048;2024;2026;0.0;0.0;0.0;0.0;916.06;0.0;0.0;916.06;Sem contrato;Despesas Correntes;916.06;916.06;0.0;916.06;0.0;2024
154356;PRO-REITORIA ASS.ESTUDANTIS E COMUNITARIOS;63505812000109.0;ROBEVALDO ALVES LIMA LTDA;V4002N2300N;RESTAURANTE UNIVERSITARIO E OUTRAS DESPESAS;339030;Material de Consumo;154048152652024NE000712;15404805900092024 - UASG MINUTA: 154048;2024;2026;0.0;0.0;0.0;0.0;35355.37;35355.37;35355.37;106066.11;Sem contrato;Despesas Correntes;35355.37;35355.37;35355.37;0.0;35355.37;2024
151064;CAMPUS AMILCAR FERREIRA SOBRAL;18717757000166.0;SANTANA DISTRIBUIDORA LTDA;V4002N2300N;RESTAURANTE UNIVERSITARIO E OUTRAS DESPESAS;339030;Material de Consumo;154048152652024NE000714;15404805900092024 - UASG MINUTA: 154048;2024;2026;0.0;0.0;0.0;0.0;5845.2;0.0;0.0;5845.2;Sem contrato;Despesas Correntes;5845.2;5845.2;0.0;5845.2;0.0;2024
150147;CAMPUS PROFESSORA CINOBELINA ELVAS;63505812000109.0;ROBEVALDO ALVES LIMA LTDA;V4002N2300N;RESTAURANTE UNIVERSITARIO E OUTRAS DESPESAS;339030;Material de Consumo;154048152652024NE000715;15404805900092024 - UASG MINUTA: 154048;2024;2026;0.0;0.0;0.0;0.0;6207.4;6205.1;6205.1;18617.6;Sem contrato;Despesas Correntes;6207.4;6207.4;6205.1;2.2999999999992724;6205.1;2024
151064;CAMPUS AMILCAR FERREIRA SOBRAL;63505812000109.0;ROBEVALDO ALVES LIMA LTDA;M8282G6000N;REESTRUTURACAO E MODERNIZACAO DAS IFES;339030;Material de Consumo;154048152652024NE000719;15404805900092024 - UASG MINUTA: 154048;2024;2026;0.0;0.0;0.0;0.0;4905.0;0.0;0.0;4905.0;Sem contrato;Despesas Correntes;4905.0;4905.0;0.0;4905.0;0.0;2024
151064;CAMPUS AMILCAR FERREIRA SOBRAL;11724406000133.0;WN CONSTRUTORA LTDA;M20RKG01CTN;CONTRATOS EM GERAL.;339039;Outros Serviços de Terceiros - Pessoa Jurídica;154048152652024NE000721;15404805000592019 - UASG MINUTA: 154048;2024;2026;0.0;0.0;0.0;0.0;6.3;0.0;0.0;6.3;Com contrato;Despesas Correntes;6.3;6.3;0.0;6.3;0.0;2024
151064;CAMPUS AMILCAR FERREIRA SOBRAL;63505812000109.0;ROBEVALDO ALVES LIMA LTDA;V4002N2300N;RESTAURANTE UNIVERSITARIO E OUTRAS DESPESAS;339030;Material de Consumo;154048152652024NE000725;15404805900092024 - UASG MINUTA: 154048;2024;2026;0.0;0.0;0.0;0.0;6221.25;2285.39;2285.39;10792.03;Sem contrato;Despesas Correntes;6221.25;6221.25;2285.39;3935.86;2285.39;2024
151064;CAMPUS AMILCAR FERREIRA SOBRAL;5340639000130.0;PRIME CONSULTORIA E ASSESSORIA EMPRESARIAL LTDA;M20RKG01CTN;CONTRATOS EM GERAL.;339039;Outros Serviços de Terceiros - Pessoa Jurídica;154048152652024NE000726;15404805000402023 - UASG MINUTA: 154048;2024;2026;0.0;0.0;0.0;0.0;0.62;0.0;0.0;0.62;Com contrato;Despesas Correntes;0.62;0.62;0.0;0.62;0.0;2024
151064;CAMPUS AMILCAR FERREIRA SOBRAL;5340639000130.0;PRIME CONSULTORIA E ASSESSORIA EMPRESARIAL LTDA;M20RKG01CTN;CONTRATOS EM GERAL.;339030;Material de Consumo;154048152652024NE000727;15404805000402023 - UASG MINUTA: 154048;2024;2026;0.0;0.0;0.0;0.0;0.5;0.0;0.0;0.5;Com contrato;Despesas Correntes;0.5;0.5;0.0;0.5;0.0;2024
154090;PRO-REITORIA DE ENSINO DE POS-GRADUACAO;154048.0;FUNDACAO UNIVERSIDADE FEDERAL DO PIAUI;V20RKN5500N;CONCESSAO DE BOLSAS;339018;Auxílio Financeiro a Estudantes;154048152652024NE000729;SEM INFORMACAO;2024;2026;0.0;0.0;0.0;0.0;900.0;0.0;0.0;900.0;Sem contrato;Despesas Correntes;900.0;900.0;0.0;900.0;0.0;2024
150147;CAMPUS PROFESSORA CINOBELINA ELVAS;8441389000112.0;COMPREHENSE DO BRASIL ENGENHARIA LTDA;M20RKG01CTN;CONTRATOS EM GERAL.;339039;Outros Serviços de Terceiros - Pessoa Jurídica;154048152652024NE000737;15404805000422018 - UASG MINUTA: 154048;2024;2026;0.0;0.0;0.0;0.0;32120.11;0.0;0.0;32120.11;Com contrato;Despesas Correntes;32120.11;32120.11;0.0;32120.11;0.0;2024
150147;CAMPUS PROFESSORA CINOBELINA ELVAS;63505812000109.0;ROBEVALDO ALVES LIMA LTDA;V4002N2300N;RESTAURANTE UNIVERSITARIO E OUTRAS DESPESAS;339030;Material de Consumo;154048152652024NE000738;15404805900092024 - UASG MINUTA: 154048;2024;2026;0.0;0.0;0.0;0.0;14125.9;14108.25;14108.25;42342.4;Sem contrato;Despesas Correntes;14125.9;14125.9;14108.25;17.649999999999636;14108.25;2024
154103;CAMPUS DO JUNCO/FUFPI;3756971000154.0;FP COMERCIO DE GAS LTDA;V4002N2300N;RESTAURANTE UNIVERSITARIO E OUTRAS DESPESAS;339030;Material de Consumo;154048152652024NE000739;15404805900112024 - UASG MINUTA: 154048;2024;2026;0.0;0.0;0.0;0.0;30213.34;27321.02;27321.02;84855.38;Sem contrato;Despesas Correntes;30213.34;30213.34;27321.02;2892.3199999999997;27321.02;2024
150147;CAMPUS PROFESSORA CINOBELINA ELVAS;18431758000140.0;3I COMERCIO E SERVICOS DE MANUTENCAO EM EQUIPAMENTOS EL;M20RKG01CTN;CONTRATOS EM GERAL.;339039;Outros Serviços de Terceiros - Pessoa Jurídica;154048152652024NE000740;15404805000072022 - UASG MINUTA: 154048;2024;2026;0.0;0.0;0.0;0.0;53.72;0.0;0.0;53.72;Com contrato;Despesas Correntes;53.72;53.72;0.0;53.72;0.0;2024
151064;CAMPUS AMILCAR FERREIRA SOBRAL;10721795000180.0;POTY COMERCIO E SERVICOS LTDA;V4002N2300N;RESTAURANTE UNIVERSITARIO E OUTRAS DESPESAS;339030;Material de Consumo;154048152652024NE000741;15404805900092024 - UASG MINUTA: 154048;2024;2026;0.0;0.0;0.0;0.0;4739.6;4739.6;0.0;9479.2;Sem contrato;Despesas Correntes;4739.6;4739.6;4739.6;0.0;0.0;2024
154102;COLEGIO AGRICOLA DE FLRIANO/FUFPI;6840748000189.0;EQUATORIAL PIAUI DISTRIBUIDORA DE ENERGIA S.A;L20RLM01CTN;CONTRATOS EM GERAL DOS COLEGIOS TECNICOS.;339039;Outros Serviços de Terceiros - Pessoa Jurídica;154048152652024NE000747;15404806000342023 - UASG MINUTA: 154048;2024;2026;0.0;0.0;0.0;0.0;388.63;0.0;0.0;388.63;Com contrato;Despesas Correntes;388.63;388.63;0.0;388.63;0.0;2024
154356;PRO-REITORIA ASS.ESTUDANTIS E COMUNITARIOS;44259236000112.0;DAVANTI MAQUINAS, MOVEIS E EQUIPAMENTOS INDUSTRIAIS LTD;V4002N6000N;MATERIAL PERMANENTE PARA O PNAES;449052;Equipamentos e Material Permanente;154048152652024NE000759;15404805900082024 - UASG MINUTA: 154048;2024;2026;0.0;0.0;0.0;0.0;64086.8;0.0;0.0;64086.8;Sem contrato;Despesas de Capital;64086.8;64086.8;0.0;64086.8;0.0;2024
151064;CAMPUS AMILCAR FERREIRA SOBRAL;3756971000154.0;FP COMERCIO DE GAS LTDA;M20RKG6000N;ENSINO-GESTAO;339030;Material de Consumo;154048152652024NE000761;15404805900112024 - UASG MINUTA: 154048;2024;2026;0.0;0.0;0.0;0.0;3596.32;0.0;0.0;3596.32;Sem contrato;Despesas Correntes;3596.32;3596.32;0.0;3596.32;0.0;2024
154095;CENTRO DE CIENCIAS DA SAUDE/FUFPI;13751395000106.0;INFINYT COMERCIO SERVICOS E REPRESENTACOES LTDA;M20RKG01CTN;CONTRATOS EM GERAL.;339030;Material de Consumo;154048152652024NE000768;15404805000152022 - UASG MINUTA: 154048;2024;2026;0.0;0.0;0.0;0.0;828.5;0.0;0.0;828.5;Com contrato;Despesas Correntes;828.5;828.5;0.0;828.5;0.0;2024
154356;PRO-REITORIA ASS.ESTUDANTIS E COMUNITARIOS;19031878000112.0;AUTOMX SOLUCOES LTDA;V4002N2300N;RESTAURANTE UNIVERSITARIO E OUTRAS DESPESAS;339030;Material de Consumo;154048152652024NE000769;15404805900082024 - UASG MINUTA: 154048;2024;2026;0.0;0.0;0.0;0.0;14700.0;0.0;0.0;14700.0;Sem contrato;Despesas Correntes;14700.0;14700.0;0.0;14700.0;0.0;2024
154103;CAMPUS DO JUNCO/FUFPI;18717757000166.0;SANTANA DISTRIBUIDORA LTDA;V4002N2300N;RESTAURANTE UNIVERSITARIO E OUTRAS DESPESAS;339030;Material de Consumo;154048152652024NE000770;15404805900092024 - UASG MINUTA: 154048;2024;2026;0.0;0.0;0.0;0.0;21504.87;21504.87;21504.87;64514.61;Sem contrato;Despesas Correntes;21504.87;21504.87;21504.87;0.0;21504.87;2024
154103;CAMPUS DO JUNCO/FUFPI;10721795000180.0;POTY COMERCIO E SERVICOS LTDA;V4002N2300N;RESTAURANTE UNIVERSITARIO E OUTRAS DESPESAS;339030;Material de Consumo;154048152652024NE000785;15404805900092024 - UASG MINUTA: 154048;2024;2026;0.0;0.0;0.0;0.0;8758.22;8758.22;0.0;17516.44;Sem contrato;Despesas Correntes;8758.22;8758.22;8758.22;0.0;0.0;2024
151064;CAMPUS AMILCAR FERREIRA SOBRAL;8441389000112.0;COMPREHENSE DO BRASIL ENGENHARIA LTDA;M20RKG01CTN;CONTRATOS EM GERAL.;339039;Outros Serviços de Terceiros - Pessoa Jurídica;154048152652024NE000808;15404805000432018 - UASG MINUTA: 154048;2024;2026;0.0;0.0;0.0;0.0;10722.56;0.0;0.0;10722.56;Com contrato;Despesas Correntes;10722.56;10722.56;0.0;10722.56;0.0;2024
154103;CAMPUS DO JUNCO/FUFPI;15556957000196.0;LIFE METROLOGIA, TECNOLOGIA COMERCIO E SERVICOS EM EQUI;M8282G01CTN;CONTRATOS EM GERAL.;339030;Material de Consumo;154048152652024NE000815;15404805000062019 - UASG MINUTA: 154048;2024;2026;0.0;0.0;0.0;0.0;7000.0;0.0;0.0;7000.0;Com contrato;Despesas Correntes;7000.0;7000.0;0.0;7000.0;0.0;2024
150147;CAMPUS PROFESSORA CINOBELINA ELVAS;18431758000140.0;3I COMERCIO E SERVICOS DE MANUTENCAO EM EQUIPAMENTOS EL;M20RKG01CTN;CONTRATOS EM GERAL.;339030;Material de Consumo;154048152652024NE000819;15404805000072022 - UASG MINUTA: 154048;2024;2026;0.0;0.0;0.0;0.0;341.26;0.0;0.0;341.26;Com contrato;Despesas Correntes;341.26;341.26;0.0;341.26;0.0;2024
151064;CAMPUS AMILCAR FERREIRA SOBRAL;19152814000170.0;NACIONAL SERVICOS INTEGRADOS LTDA;M20RKG01CTN;CONTRATOS EM GERAL.;339037;Locação de Mão de Obra;154048152652024NE000821;15404805000092024 - UASG MINUTA: 154048;2024;2026;0.0;0.0;0.0;0.0;32080.41;0.0;0.0;32080.41;Com contrato;Despesas Correntes;32080.41;32080.41;0.0;32080.41;0.0;2024
156182;PREFEITURA UNIVERSITARIA;27157474000106.0;AGUAS DE TERESINA SANEAMENTO SPE S.A.;M20RKG01CTN;CONTRATOS EM GERAL.;339039;Outros Serviços de Terceiros - Pessoa Jurídica;154048152652024NE000827;15404807000022018 - UASG MINUTA: 154048;2024;2026;0.0;0.0;0.0;0.0;13454.06;0.0;0.0;13454.06;Com contrato;Despesas Correntes;13454.06;13454.06;0.0;13454.06;0.0;2024
151064;CAMPUS AMILCAR FERREIRA SOBRAL;50867070000110.0;RGLMED COMERCIO ATACADISTA DE EQUIPAMENTOS HOSPITALARES;M20RKG6000N;ENSINO-GESTAO;449052;Equipamentos e Material Permanente;154048152652024NE000867;15404805900012024 - UASG MINUTA: 154048;2024;2026;0.0;0.0;0.0;0.0;2889.0;0.0;0.0;2889.0;Sem contrato;Despesas de Capital;2889.0;2889.0;0.0;2889.0;0.0;2024
154098;CENTRO DE CIENCAS AGRARIAS/FUFPI;18717757000166.0;SANTANA DISTRIBUIDORA LTDA;M20RKG6000N;ENSINO-GESTAO;339030;Material de Consumo;154048152652024NE000869;15404805900092024 - UASG MINUTA: 154048;2024;2026;0.0;0.0;0.0;0.0;1400.0;1400.0;1400.0;4200.0;Sem contrato;Despesas Correntes;1400.0;1400.0;1400.0;0.0;1400.0;2024
154356;PRO-REITORIA ASS.ESTUDANTIS E COMUNITARIOS;11436412000195.0;CENTRAL DE FRIOS PIAUI LTDA;V4002N2300N;RESTAURANTE UNIVERSITARIO E OUTRAS DESPESAS;339030;Material de Consumo;154048152652024NE000877;15404805900172024 - UASG MINUTA: 154048;2024;2026;0.0;0.0;0.0;0.0;48010.0;48010.0;48010.0;144030.0;Sem contrato;Despesas Correntes;48010.0;48010.0;48010.0;0.0;48010.0;2024
150147;CAMPUS PROFESSORA CINOBELINA ELVAS;11436412000195.0;CENTRAL DE FRIOS PIAUI LTDA;V4002N2300N;RESTAURANTE UNIVERSITARIO E OUTRAS DESPESAS;339030;Material de Consumo;154048152652024NE000878;15404805900172024 - UASG MINUTA: 154048;2024;2026;0.0;0.0;0.0;0.0;36322.5;36288.9;36288.9;108900.3;Sem contrato;Despesas Correntes;36322.5;36322.5;36288.9;33.599999999998545;36288.9;2024
154103;CAMPUS DO JUNCO/FUFPI;11436412000195.0;CENTRAL DE FRIOS PIAUI LTDA;V4002N2300N;RESTAURANTE UNIVERSITARIO E OUTRAS DESPESAS;339030;Material de Consumo;154048152652024NE000882;15404805900172024 - UASG MINUTA: 154048;2024;2026;0.0;0.0;0.0;0.0;281615.0;265400.0;257248.73;804263.73;Sem contrato;Despesas Correntes;281615.0;281615.0;265400.0;16215.0;257248.73;2024
156182;PREFEITURA UNIVERSITARIA;27157474000106.0;AGUAS DE TERESINA SANEAMENTO SPE S.A.;M20RKG01CTN;CONTRATOS EM GERAL.;339039;Outros Serviços de Terceiros - Pessoa Jurídica;154048152652024NE000897;15404807000382024 - UASG MINUTA: 154048;2024;2026;0.0;0.0;0.0;0.0;14133.0;0.0;0.0;14133.0;Com contrato;Despesas Correntes;14133.0;14133.0;0.0;14133.0;0.0;2024
156182;PREFEITURA UNIVERSITARIA;7783832000170.0;CRIART SERVICOS DE TERCEIRIZACAO DE MAO DE OBRA LTDA;M20RKG01CTN;CONTRATOS EM GERAL.;339037;Locação de Mão de Obra;154048152652025NE000053;15404805000172021 - UASG MINUTA: 154048;2025;2026;0.0;0.0;0.0;322942.61;0.0;0.0;0.0;322942.61;Com contrato;Despesas Correntes;322942.61;322942.61;0.0;322942.61;0.0;2025
154104;COLEGIO AGRICOLA DE BOM JESUS/FUFPI;87883807000106.0;MBM SEGURADORA SA;L20RLM01CTN;CONTRATOS EM GERAL DOS COLEGIOS TECNICOS.;339039;Outros Serviços de Terceiros - Pessoa Jurídica;154048152652025NE000054;15404805000112022 - UASG MINUTA: 154048;2025;2026;0.0;0.0;0.0;177.2;0.0;177.2;177.2;531.6;Com contrato;Despesas Correntes;177.2;177.2;177.2;0.0;177.2;2025
151064;CAMPUS AMILCAR FERREIRA SOBRAL;5340639000130.0;PRIME CONSULTORIA E ASSESSORIA EMPRESARIAL LTDA;M8282G01CTN;CONTRATOS EM GERAL.;339039;Outros Serviços de Terceiros - Pessoa Jurídica;154048152652025NE000057;15404805000402023 - UASG MINUTA: 154048;2025;2026;0.0;0.0;0.0;3364.18;0.0;3364.18;3364.18;10092.54;Com contrato;Despesas Correntes;3364.18;3364.18;3364.18;0.0;3364.18;2025
151064;CAMPUS AMILCAR FERREIRA SOBRAL;5340639000130.0;PRIME CONSULTORIA E ASSESSORIA EMPRESARIAL LTDA;M8282G01CTN;CONTRATOS EM GERAL.;339030;Material de Consumo;154048152652025NE000058;15404805000402023 - UASG MINUTA: 154048;2025;2026;0.0;0.0;0.0;136.45;0.0;136.45;136.45;409.35;Com contrato;Despesas Correntes;136.45;136.45;136.45;0.0;136.45;2025
154104;COLEGIO AGRICOLA DE BOM JESUS/FUFPI;5340639000130.0;PRIME CONSULTORIA E ASSESSORIA EMPRESARIAL LTDA;L20RLM01CTN;CONTRATOS EM GERAL DOS COLEGIOS TECNICOS.;339039;Outros Serviços de Terceiros - Pessoa Jurídica;154048152652025NE000060;15404805000382023 - UASG MINUTA: 154048;2025;2026;0.0;0.0;0.0;6694.12;0.0;6694.12;6694.12;20082.36;Com contrato;Despesas Correntes;6694.12;6694.12;6694.12;0.0;6694.12;2025
154104;COLEGIO AGRICOLA DE BOM JESUS/FUFPI;5340639000130.0;PRIME CONSULTORIA E ASSESSORIA EMPRESARIAL LTDA;L20RLM01CTN;CONTRATOS EM GERAL DOS COLEGIOS TECNICOS.;339030;Material de Consumo;154048152652025NE000061;15404805000382023 - UASG MINUTA: 154048;2025;2026;0.0;0.0;0.0;9711.65;0.0;9711.65;9711.65;29134.95;Com contrato;Despesas Correntes;9711.65;9711.65;9711.65;0.0;9711.65;2025
154089;PRO-REITORIA DE EXTENSAOFUFPI;154048.0;FUNDACAO UNIVERSIDADE FEDERAL DO PIAUI;V20GKN2300N;CONCESSAO DE BOLSAS.;339018;Auxílio Financeiro a Estudantes;154048152652025NE000062;SEM INFORMACAO;2025;2026;0.0;0.0;0.0;15400.0;0.0;15400.0;15400.0;46200.0;Sem contrato;Despesas Correntes;15400.0;15400.0;15400.0;0.0;15400.0;2025
156182;PREFEITURA UNIVERSITARIA;5340639000130.0;PRIME CONSULTORIA E ASSESSORIA EMPRESARIAL LTDA;M20RKG01CTN;CONTRATOS EM GERAL.;339039;Outros Serviços de Terceiros - Pessoa Jurídica;154048152652025NE000063;15404805000362023 - UASG MINUTA: 154048;2025;2026;0.0;0.0;0.0;21787.76;0.0;21787.76;21787.76;65363.28;Com contrato;Despesas Correntes;21787.76;21787.76;21787.76;0.0;21787.76;2025
156182;PREFEITURA UNIVERSITARIA;5340639000130.0;PRIME CONSULTORIA E ASSESSORIA EMPRESARIAL LTDA;M20RKG01CTN;CONTRATOS EM GERAL.;339030;Material de Consumo;154048152652025NE000064;15404805000362023 - UASG MINUTA: 154048;2025;2026;0.0;0.0;0.0;86828.04;0.0;86828.04;86828.04;260484.12;Com contrato;Despesas Correntes;86828.04;86828.04;86828.04;0.0;86828.04;2025
156182;PREFEITURA UNIVERSITARIA;11842881000104.0;CET SEG SERVICOS E LOCACAO DE MAO DE OBRA LTDA;M20RKG01CTN;CONTRATOS EM GERAL.;339037;Locação de Mão de Obra;154048152652025NE000067;15404805000172020 - UASG MINUTA: 154048;2025;2026;0.0;0.0;0.0;371131.95;0.0;371131.95;371131.95;1113395.85;Com contrato;Despesas Correntes;371131.95;371131.95;371131.95;0.0;371131.95;2025
151064;CAMPUS AMILCAR FERREIRA SOBRAL;9019150000111.0;ATD LOCACAO LTDA;V4002N01CTN;CONTRATOS EM GERAL DO RU.;339037;Locação de Mão de Obra;154048152652025NE000070;15404805000422023 - UASG MINUTA: 154048;2025;2026;0.0;0.0;0.0;76650.07;0.0;43708.84;43708.84;164067.75;Com contrato;Despesas Correntes;76650.07;76650.07;43708.84;32941.23000000001;43708.84;2025
156180;NUCLEO DE TECNOLOGIA DA INFORMACAO-NTI;41644220000135.0;DB3 SERVICOS DE TELECOMUNICACOES S.A;M20RKG01CTN;CONTRATOS EM GERAL.;339040;Serviços de Tecnologia da Informação e Comunicação - pessoa jurídica;154048152652025NE000071;15404805000092020 - UASG MINUTA: 154048;2025;2026;0.0;0.0;0.0;10884.03;0.0;8339.67;8339.67;27563.37;Com contrato;Despesas Correntes;10884.03;10884.03;8339.67;2544.3600000000006;8339.67;2025
151064;CAMPUS AMILCAR FERREIRA SOBRAL;41644220000135.0;DB3 SERVICOS DE TELECOMUNICACOES S.A;M8282G01CTN;CONTRATOS EM GERAL.;339040;Serviços de Tecnologia da Informação e Comunicação - pessoa jurídica;154048152652025NE000072;15404805000092020 - UASG MINUTA: 154048;2025;2026;0.0;0.0;0.0;19462.88;0.0;15598.19;15598.19;50659.26;Com contrato;Despesas Correntes;19462.88;19462.88;15598.19;3864.6900000000005;15598.19;2025
154103;CAMPUS DO JUNCO/FUFPI;41644220000135.0;DB3 SERVICOS DE TELECOMUNICACOES S.A;M8282G01CTN;CONTRATOS EM GERAL.;339040;Serviços de Tecnologia da Informação e Comunicação - pessoa jurídica;154048152652025NE000073;15404805000092020 - UASG MINUTA: 154048;2025;2026;0.0;0.0;0.0;19429.59;0.0;15448.87;15448.87;50327.33;Com contrato;Despesas Correntes;19429.59;19429.59;15448.87;3980.7199999999993;15448.87;2025
150147;CAMPUS PROFESSORA CINOBELINA ELVAS;41644220000135.0;DB3 SERVICOS DE TELECOMUNICACOES S.A;M8282G01CTN;CONTRATOS EM GERAL.;339040;Serviços de Tecnologia da Informação e Comunicação - pessoa jurídica;154048152652025NE000074;15404805000092020 - UASG MINUTA: 154048;2025;2026;0.0;0.0;0.0;17755.36;0.0;14114.54;14114.54;45984.44;Com contrato;Despesas Correntes;17755.36;17755.36;14114.54;3640.8199999999997;14114.54;2025
154578;PRO-REITORIA DE PESQUISA;183038.0;INSTITUTO NACIONAL DA PROPRIEDADE INDUSTRIAL;V20RKN2000N;APOIO A PESQUISA.;339139;OUTROS SERVICOS DE TERCEIROS - PESSOA JURIDICA (INTRA);154048152652025NE000075;SEM INFORMACAO;2025;2026;0.0;0.0;0.0;1532.0;0.0;45.0;45.0;1622.0;Sem contrato;Despesas Correntes;1532.0;1532.0;45.0;1487.0;45.0;2025
150147;CAMPUS PROFESSORA CINOBELINA ELVAS;9019150000111.0;ATD LOCACAO LTDA;M20RKG01CTN;CONTRATOS EM GERAL.;339037;Locação de Mão de Obra;154048152652025NE000076;15404805000052019 - UASG MINUTA: 154048;2025;2026;0.0;0.0;0.0;5442.64;0.0;0.0;0.0;5442.64;Com contrato;Despesas Correntes;5442.64;5442.64;0.0;5442.64;0.0;2025
150147;CAMPUS PROFESSORA CINOBELINA ELVAS;9019150000111.0;ATD LOCACAO LTDA;M20RKG01CTN;CONTRATOS EM GERAL.;339037;Locação de Mão de Obra;154048152652025NE000077;15404805000052019 - UASG MINUTA: 154048;2025;2026;0.0;0.0;0.0;500.0;0.0;0.0;0.0;500.0;Com contrato;Despesas Correntes;500.0;500.0;0.0;500.0;0.0;2025
150147;CAMPUS PROFESSORA CINOBELINA ELVAS;5340639000130.0;PRIME CONSULTORIA E ASSESSORIA EMPRESARIAL LTDA;M20RKG01CTN;CONTRATOS EM GERAL.;339039;Outros Serviços de Terceiros - Pessoa Jurídica;154048152652025NE000078;15404805000492023 - UASG MINUTA: 154048;2025;2026;0.0;0.0;0.0;32621.79;0.0;32621.79;32621.79;97865.37;Com contrato;Despesas Correntes;32621.79;32621.79;32621.79;0.0;32621.79;2025
154102;COLEGIO AGRICOLA DE FLRIANO/FUFPI;5340639000130.0;PRIME CONSULTORIA E ASSESSORIA EMPRESARIAL LTDA;L20RLM01CTN;CONTRATOS EM GERAL DOS COLEGIOS TECNICOS.;339039;Outros Serviços de Terceiros - Pessoa Jurídica;154048152652025NE000079;15404805000542023 - UASG MINUTA: 154048;2025;2026;0.0;0.0;0.0;9262.64;0.0;9262.64;9262.64;27787.92;Com contrato;Despesas Correntes;9262.64;9262.64;9262.64;0.0;9262.64;2025
150147;CAMPUS PROFESSORA CINOBELINA ELVAS;8644690000123.0;CET-SEG SEGURANCA ARMADA LTDA;M20RKG01CTN;CONTRATOS EM GERAL.;339037;Locação de Mão de Obra;154048152652025NE000081;15404805000152020 - UASG MINUTA: 154048;2025;2026;0.0;0.0;0.0;121335.66;0.0;98060.97;91130.5;310527.13;Com contrato;Despesas Correntes;121335.66;121335.66;98060.97;23274.690000000002;91130.5;2025
154102;COLEGIO AGRICOLA DE FLRIANO/FUFPI;5340639000130.0;PRIME CONSULTORIA E ASSESSORIA EMPRESARIAL LTDA;L20RLM01CTN;CONTRATOS EM GERAL DOS COLEGIOS TECNICOS.;339039;Outros Serviços de Terceiros - Pessoa Jurídica;154048152652025NE000082;15404805000442023 - UASG MINUTA: 154048;2025;2026;0.0;0.0;0.0;3468.09;0.0;3468.09;3468.09;10404.27;Com contrato;Despesas Correntes;3468.09;3468.09;3468.09;0.0;3468.09;2025
154102;COLEGIO AGRICOLA DE FLRIANO/FUFPI;5340639000130.0;PRIME CONSULTORIA E ASSESSORIA EMPRESARIAL LTDA;L20RLM01CTN;CONTRATOS EM GERAL DOS COLEGIOS TECNICOS.;339030;Material de Consumo;154048152652025NE000083;15404805000442023 - UASG MINUTA: 154048;2025;2026;0.0;0.0;0.0;8918.96;0.0;8918.96;8918.96;26756.88;Com contrato;Despesas Correntes;8918.96;8918.96;8918.96;0.0;8918.96;2025
154086;ADMINISTRACAO CENTRAL/FUFPI;10013974000163.0;SERVFAZ SERVICOS DE MAO DE OBRA LTDA;M20RKG01CTN;CONTRATOS EM GERAL.;339037;Locação de Mão de Obra;154048152652025NE000090;15404805000152024 - UASG MINUTA: 154048;2025;2026;0.0;0.0;0.0;22327.23;0.0;22327.23;22327.23;66981.69;Com contrato;Despesas Correntes;22327.23;22327.23;22327.23;0.0;22327.23;2025
154095;CENTRO DE CIENCIAS DA SAUDE/FUFPI;13751395000106.0;INFINYT COMERCIO SERVICOS E REPRESENTACOES LTDA;M20RKG01CTN;CONTRATOS EM GERAL.;339039;Outros Serviços de Terceiros - Pessoa Jurídica;154048152652025NE000091;15404805000152022 - UASG MINUTA: 154048;2025;2026;0.0;0.0;0.0;37189.22;0.0;37189.19;37189.19;111567.6;Com contrato;Despesas Correntes;37189.22;37189.22;37189.19;0.029999999998835847;37189.19;2025
150147;CAMPUS PROFESSORA CINOBELINA ELVAS;69607729000127.0;J J E SILVA LTDA;M20RKG01CTN;CONTRATOS EM GERAL.;339033;Passagens e Despesas com Locomoção;154048152652025NE000092;15404805000262023 - UASG MINUTA: 154048;2025;2026;0.0;0.0;0.0;1174.44;0.0;0.0;0.0;1174.44;Com contrato;Despesas Correntes;1174.44;1174.44;0.0;1174.44;0.0;2025
156182;PREFEITURA UNIVERSITARIA;5340639000130.0;PRIME CONSULTORIA E ASSESSORIA EMPRESARIAL LTDA;M20RKG01CTN;CONTRATOS EM GERAL.;339039;Outros Serviços de Terceiros - Pessoa Jurídica;154048152652025NE000093;15404805000482023 - UASG MINUTA: 154048;2025;2026;0.0;0.0;0.0;3604.33;0.0;3604.33;3604.33;10812.99;Com contrato;Despesas Correntes;3604.33;3604.33;3604.33;0.0;3604.33;2025
151064;CAMPUS AMILCAR FERREIRA SOBRAL;17424989000163.0;GLOBALTEC COMERCIO E SERVICOS ODONTO HOSPITALARES LTDA;M8282G01CTN;CONTRATOS EM GERAL.;339039;Outros Serviços de Terceiros - Pessoa Jurídica;154048152652025NE000094;15404805000232021 - UASG MINUTA: 154048;2025;2026;0.0;0.0;0.0;2500.0;0.0;2500.0;2500.0;7500.0;Com contrato;Despesas Correntes;2500.0;2500.0;2500.0;0.0;2500.0;2025
151064;CAMPUS AMILCAR FERREIRA SOBRAL;17424989000163.0;GLOBALTEC COMERCIO E SERVICOS ODONTO HOSPITALARES LTDA;M8282G01CTN;CONTRATOS EM GERAL.;339030;Material de Consumo;154048152652025NE000095;15404805000232021 - UASG MINUTA: 154048;2025;2026;0.0;0.0;0.0;1500.0;0.0;0.0;0.0;1500.0;Com contrato;Despesas Correntes;1500.0;1500.0;0.0;1500.0;0.0;2025
150147;CAMPUS PROFESSORA CINOBELINA ELVAS;40910360000145.0;AJ SERVICOS LTDA;M20RKG01CTN;CONTRATOS EM GERAL.;339039;Outros Serviços de Terceiros - Pessoa Jurídica;154048152652025NE000097;15404805000192024 - UASG MINUTA: 154048;2025;2026;0.0;0.0;0.0;242.0;0.0;242.0;242.0;726.0;Com contrato;Despesas Correntes;242.0;242.0;242.0;0.0;242.0;2025
150147;CAMPUS PROFESSORA CINOBELINA ELVAS;12710740000109.0;NATUS AMBIENTAL LTDA;M20RKG01CTN;CONTRATOS EM GERAL.;339039;Outros Serviços de Terceiros - Pessoa Jurídica;154048152652025NE000098;15404805000212020 - UASG MINUTA: 154048;2025;2026;0.0;0.0;0.0;5.01;0.0;5.01;5.01;15.03;Com contrato;Despesas Correntes;5.01;5.01;5.01;0.0;5.01;2025
154103;CAMPUS DO JUNCO/FUFPI;5340639000130.0;PRIME CONSULTORIA E ASSESSORIA EMPRESARIAL LTDA;M8282G01CTN;CONTRATOS EM GERAL.;339039;Outros Serviços de Terceiros - Pessoa Jurídica;154048152652025NE000100;15404805000452023 - UASG MINUTA: 154048;2025;2026;0.0;0.0;0.0;9061.23;0.0;7695.74;7695.74;24452.71;Com contrato;Despesas Correntes;9061.23;9061.23;7695.74;1365.4899999999998;7695.74;2025
154103;CAMPUS DO JUNCO/FUFPI;5340639000130.0;PRIME CONSULTORIA E ASSESSORIA EMPRESARIAL LTDA;M8282G01CTN;CONTRATOS EM GERAL.;339030;Material de Consumo;154048152652025NE000101;15404805000452023 - UASG MINUTA: 154048;2025;2026;0.0;0.0;0.0;32835.58;0.0;32083.49;32083.49;97002.56;Com contrato;Despesas Correntes;32835.58;32835.58;32083.49;752.0900000000001;32083.49;2025
154103;CAMPUS DO JUNCO/FUFPI;5340639000130.0;PRIME CONSULTORIA E ASSESSORIA EMPRESARIAL LTDA;M20RKG01CTN;CONTRATOS EM GERAL.;339039;Outros Serviços de Terceiros - Pessoa Jurídica;154048152652025NE000102;15404805000572023 - UASG MINUTA: 154048;2025;2026;0.0;0.0;0.0;17629.26;0.0;16099.47;16099.47;49828.2;Com contrato;Despesas Correntes;17629.26;17629.26;16099.47;1529.789999999999;16099.47;2025
154578;PRO-REITORIA DE PESQUISA;154048.0;FUNDACAO UNIVERSIDADE FEDERAL DO PIAUI;V20GKN2300N;CONCESSAO DE BOLSAS.;339018;Auxílio Financeiro a Estudantes;154048152652025NE000103;SEM INFORMACAO;2025;2026;0.0;0.0;0.0;1700.0;0.0;0.0;0.0;1700.0;Sem contrato;Despesas Correntes;1700.0;1700.0;0.0;1700.0;0.0;2025
151064;CAMPUS AMILCAR FERREIRA SOBRAL;8644690000123.0;CET-SEG SEGURANCA ARMADA LTDA;M20RKG01CTN;CONTRATOS EM GERAL.;339037;Locação de Mão de Obra;154048152652025NE000106;15404805000142020 - UASG MINUTA: 154048;2025;2026;0.0;0.0;0.0;156219.36;0.0;156219.36;156219.36;468658.08;Com contrato;Despesas Correntes;156219.36;156219.36;156219.36;0.0;156219.36;2025
151064;CAMPUS AMILCAR FERREIRA SOBRAL;6234467000182.0;FUTURA SERVICOS PROFISSIONAIS ADMINISTRATIVOS LTDA;M20RKG01CTN;CONTRATOS EM GERAL.;339037;Locação de Mão de Obra;154048152652025NE000109;15404805000042022 - UASG MINUTA: 154048;2025;2026;0.0;0.0;0.0;119072.59;0.0;119072.59;119072.59;357217.77;Com contrato;Despesas Correntes;119072.59;119072.59;119072.59;0.0;119072.59;2025
150147;CAMPUS PROFESSORA CINOBELINA ELVAS;7783832000170.0;CRIART SERVICOS DE TERCEIRIZACAO DE MAO DE OBRA LTDA;M20RKG01CTN;CONTRATOS EM GERAL.;339037;Locação de Mão de Obra;154048152652025NE000113;15404805000072021 - UASG MINUTA: 154048;2025;2026;0.0;0.0;0.0;84263.42;0.0;0.0;0.0;84263.42;Com contrato;Despesas Correntes;84263.42;84263.42;0.0;84263.42;0.0;2025
154103;CAMPUS DO JUNCO/FUFPI;6840748000189.0;EQUATORIAL PIAUI DISTRIBUIDORA DE ENERGIA S.A;M20RKG01CTN;CONTRATOS EM GERAL.;339039;Outros Serviços de Terceiros - Pessoa Jurídica;154048152652025NE000118;15404806000342023 - UASG MINUTA: 154048;2025;2026;0.0;0.0;0.0;19299.61;0.0;19299.61;19299.61;57898.83;Com contrato;Despesas Correntes;19299.61;19299.61;19299.61;0.0;19299.61;2025
154103;CAMPUS DO JUNCO/FUFPI;6845747000127.0;AGUAS E ESGOTOS DO PIAUI SA;M20RKG01CTN;CONTRATOS EM GERAL.;339039;Outros Serviços de Terceiros - Pessoa Jurídica;154048152652025NE000119;15404807001002012 - UASG MINUTA: 154048;2025;2026;0.0;0.0;0.0;10720.89;0.0;5066.58;5066.58;20854.05;Com contrato;Despesas Correntes;10720.89;10720.89;5066.58;5654.3099999999995;5066.58;2025
154102;COLEGIO AGRICOLA DE FLRIANO/FUFPI;3756971000154.0;FP COMERCIO DE GAS LTDA;L20RLM1900N;COLEGIOS TECNICOS DA UFPI;339030;Material de Consumo;154048152652025NE000120;15404805900112024 - UASG MINUTA: 154048;2025;2026;0.0;0.0;0.0;1798.16;0.0;1798.16;1798.16;5394.48;Sem contrato;Despesas Correntes;1798.16;1798.16;1798.16;0.0;1798.16;2025
151064;CAMPUS AMILCAR FERREIRA SOBRAL;16858835000117.0;DECISION TEAM LTDA;M8282G01CTN;CONTRATOS EM GERAL.;339039;Outros Serviços de Terceiros - Pessoa Jurídica;154048152652025NE000122;15404805000062022 - UASG MINUTA: 154048;2025;2026;0.0;0.0;0.0;3402.0;0.0;3402.0;3402.0;10206.0;Com contrato;Despesas Correntes;3402.0;3402.0;3402.0;0.0;3402.0;2025
156183;SUPERINTENDENCIA DE RECURSOS HUMANOS;154048.0;FUNDACAO UNIVERSIDADE FEDERAL DO PIAUI;M20RKG1900N;ENSINO-GESTAO;339036;Outros Serviços de Terceiros - Pessoa Física;154048152652025NE000124;SEM INFORMACAO;2025;2026;0.0;0.0;0.0;46.59;0.0;0.0;0.0;46.59;Sem contrato;Despesas Correntes;46.59;46.59;0.0;46.59;0.0;2025
154104;COLEGIO AGRICOLA DE BOM JESUS/FUFPI;13245525000139.0;GERAWATTS ENGENHARIA LTDA;L20RLM01CTN;CONTRATOS EM GERAL DOS COLEGIOS TECNICOS.;339039;Outros Serviços de Terceiros - Pessoa Jurídica;154048152652025NE000127;15404805000542019 - UASG MINUTA: 154048;2025;2026;0.0;0.0;0.0;25017.12;0.0;25017.12;25017.12;75051.36;Com contrato;Despesas Correntes;25017.12;25017.12;25017.12;0.0;25017.12;2025
154578;PRO-REITORIA DE PESQUISA;154048.0;FUNDACAO UNIVERSIDADE FEDERAL DO PIAUI;V20GKN2300N;CONCESSAO DE BOLSAS.;339020;Auxílio Financeiro a Pesquisadores;154048152652025NE000131;SEM INFORMACAO;2025;2026;0.0;0.0;0.0;12900.0;0.0;12900.0;12900.0;38700.0;Sem contrato;Despesas Correntes;12900.0;12900.0;12900.0;0.0;12900.0;2025
154103;CAMPUS DO JUNCO/FUFPI;9019150000111.0;ATD LOCACAO LTDA;V4002N01CTN;CONTRATOS EM GERAL DO RU.;339037;Locação de Mão de Obra;154048152652025NE000132;15404805000432023 - UASG MINUTA: 154048;2025;2026;0.0;0.0;0.0;83726.01;0.0;68576.24;68576.24;220878.49;Com contrato;Despesas Correntes;83726.01;83726.01;68576.24;15149.76999999999;68576.24;2025
156182;PREFEITURA UNIVERSITARIA;12710740000109.0;NATUS AMBIENTAL LTDA;M20RKG01CTN;CONTRATOS EM GERAL.;339039;Outros Serviços de Terceiros - Pessoa Jurídica;154048152652025NE000134;15404805000242020 - UASG MINUTA: 154048;2025;2026;0.0;0.0;0.0;51073.45;0.0;51073.45;51073.45;153220.35;Com contrato;Despesas Correntes;51073.45;51073.45;51073.45;0.0;51073.45;2025
156182;PREFEITURA UNIVERSITARIA;26905527000159.0;VALDEMAR DA SILVA DO NASCIMENTO;M8282G01CTN;CONTRATOS EM GERAL.;339039;Outros Serviços de Terceiros - Pessoa Jurídica;154048152652025NE000135;15404805000192022 - UASG MINUTA: 154048;2025;2026;0.0;0.0;0.0;980.99;0.0;978.95;978.95;2938.89;Com contrato;Despesas Correntes;980.99;980.99;978.95;2.0399999999999636;978.95;2025
154103;CAMPUS DO JUNCO/FUFPI;7111745000177.0;TOP ARCONDICIONADO LTDA;M8282G01CTN;CONTRATOS EM GERAL.;339030;Material de Consumo;154048152652025NE000137;15404805000342019 - UASG MINUTA: 154048;2025;2026;0.0;0.0;0.0;100.0;0.0;0.0;0.0;100.0;Com contrato;Despesas Correntes;100.0;100.0;0.0;100.0;0.0;2025
154087;PRO-REITORIA DE ADMINISTRACAOFUFPI;115406.0;EMPRESA BRASIL DE COMUNICACAO S.A;M20RKG01CTN;CONTRATOS EM GERAL.;339139;OUTROS SERVICOS DE TERCEIROS - PESSOA JURIDICA (INTRA);154048152652025NE000138;15404807000122024 - UASG MINUTA: 154048;2025;2026;0.0;0.0;0.0;5117.65;0.0;4794.79;4794.79;14707.23;Com contrato;Despesas Correntes;5117.65;5117.65;4794.79;322.8599999999997;4794.79;2025
156182;PREFEITURA UNIVERSITARIA;10846808000148.0;LP TOTAL SERVICE LTDA;M20RKG01CTN;CONTRATOS EM GERAL.;339039;Outros Serviços de Terceiros - Pessoa Jurídica;154048152652025NE000140;15404805000222021 - UASG MINUTA: 154048;2025;2026;0.0;0.0;0.0;12912.06;0.0;12912.06;12912.06;38736.18;Com contrato;Despesas Correntes;12912.06;12912.06;12912.06;0.0;12912.06;2025
156182;PREFEITURA UNIVERSITARIA;10846808000148.0;LP TOTAL SERVICE LTDA;M20RKG01CTN;CONTRATOS EM GERAL.;339030;Material de Consumo;154048152652025NE000141;15404805000222021 - UASG MINUTA: 154048;2025;2026;0.0;0.0;0.0;5040.16;0.0;0.0;0.0;5040.16;Com contrato;Despesas Correntes;5040.16;5040.16;0.0;5040.16;0.0;2025
156181;SUPERINTENDENCIA DE COMUNICACAO SOCIAL;10675963000149.0;MEGA-ON SOLUCOES LTDA;M20RKG01CTN;CONTRATOS EM GERAL.;339037;Locação de Mão de Obra;154048152652025NE000142;15404805000142024 - UASG MINUTA: 154048;2025;2026;0.0;0.0;0.0;26381.12;0.0;26381.12;26381.12;79143.36;Com contrato;Despesas Correntes;26381.12;26381.12;26381.12;0.0;26381.12;2025
154102;COLEGIO AGRICOLA DE FLRIANO/FUFPI;87883807000106.0;MBM SEGURADORA SA;L20RLM01CTN;CONTRATOS EM GERAL DOS COLEGIOS TECNICOS.;339039;Outros Serviços de Terceiros - Pessoa Jurídica;154048152652025NE000143;15404805000092022 - UASG MINUTA: 154048;2025;2026;0.0;0.0;0.0;254.4;0.0;254.4;254.4;763.2;Com contrato;Despesas Correntes;254.4;254.4;254.4;0.0;254.4;2025
154102;COLEGIO AGRICOLA DE FLRIANO/FUFPI;19588170000167.0;MARIANA MOREIRA ANDRASCHKO LTDA;L20RLM6000N;COLEGIOS TECNICOS DA UFPI;339030;Material de Consumo;154048152652025NE000144;15404805900182024 - UASG MINUTA: 154048;2025;2026;0.0;0.0;0.0;13589.0;0.0;0.0;0.0;13589.0;Sem contrato;Despesas Correntes;13589.0;13589.0;0.0;13589.0;0.0;2025
154103;CAMPUS DO JUNCO/FUFPI;16858835000117.0;DECISION TEAM LTDA;M8282G01CTN;CONTRATOS EM GERAL.;339039;Outros Serviços de Terceiros - Pessoa Jurídica;154048152652025NE000146;15404805000162021 - UASG MINUTA: 154048;2025;2026;0.0;0.0;0.0;6300.16;0.0;5040.0;5040.0;16380.16;Com contrato;Despesas Correntes;6300.16;6300.16;5040.0;1260.1599999999999;5040.0;2025
154103;CAMPUS DO JUNCO/FUFPI;16858835000117.0;DECISION TEAM LTDA;M8282G01CTN;CONTRATOS EM GERAL.;339030;Material de Consumo;154048152652025NE000147;15404805000162021 - UASG MINUTA: 154048;2025;2026;0.0;0.0;0.0;3.52;0.0;0.0;0.0;3.52;Com contrato;Despesas Correntes;3.52;3.52;0.0;3.52;0.0;2025
156183;SUPERINTENDENCIA DE RECURSOS HUMANOS;87883807000106.0;MBM SEGURADORA SA;M20RKG01CTN;CONTRATOS EM GERAL.;339039;Outros Serviços de Terceiros - Pessoa Jurídica;154048152652025NE000149;15404805000122022 - UASG MINUTA: 154048;2025;2026;0.0;0.0;0.0;1275.41;0.0;1236.84;1236.84;3749.09;Com contrato;Despesas Correntes;1275.41;1275.41;1236.84;38.570000000000164;1236.84;2025
150147;CAMPUS PROFESSORA CINOBELINA ELVAS;3515317000159.0;CECOL - CENTRO DE COMERCIO E LOCACAO LTDA;M20RKG01CTN;CONTRATOS EM GERAL.;339033;Passagens e Despesas com Locomoção;154048152652025NE000150;15404805900202024 - UASG MINUTA: 154048;2025;2026;0.0;0.0;0.0;10653.99;0.0;10653.99;10653.99;31961.97;Com contrato;Despesas Correntes;10653.99;10653.99;10653.99;0.0;10653.99;2025
154103;CAMPUS DO JUNCO/FUFPI;10013974000163.0;SERVFAZ SERVICOS DE MAO DE OBRA LTDA;M20RKG01CTN;CONTRATOS EM GERAL.;339037;Locação de Mão de Obra;154048152652025NE000151;15404805000012020 - UASG MINUTA: 154048;2025;2026;0.0;0.0;0.0;157251.62;0.0;146244.92;146244.92;449741.46;Com contrato;Despesas Correntes;157251.62;157251.62;146244.92;11006.699999999983;146244.92;2025
154356;PRO-REITORIA ASS.ESTUDANTIS E COMUNITARIOS;13751395000106.0;INFINYT COMERCIO SERVICOS E REPRESENTACOES LTDA;V4002N01CTN;CONTRATOS EM GERAL DO RU.;339039;Outros Serviços de Terceiros - Pessoa Jurídica;154048152652025NE000153;15404805000142022 - UASG MINUTA: 154048;2025;2026;0.0;0.0;0.0;15990.78;0.0;15329.46;15329.46;46649.7;Com contrato;Despesas Correntes;15990.78;15990.78;15329.46;661.3200000000015;15329.46;2025
154356;PRO-REITORIA ASS.ESTUDANTIS E COMUNITARIOS;13751395000106.0;INFINYT COMERCIO SERVICOS E REPRESENTACOES LTDA;V4002N01CTN;CONTRATOS EM GERAL DO RU.;339030;Material de Consumo;154048152652025NE000154;15404805000142022 - UASG MINUTA: 154048;2025;2026;0.0;0.0;0.0;408.9;0.0;0.0;0.0;408.9;Com contrato;Despesas Correntes;408.9;408.9;0.0;408.9;0.0;2025
150147;CAMPUS PROFESSORA CINOBELINA ELVAS;7721678000102.0;ARAUJO E ARAUJO EMPREENDIMENTOS LTDA;M20RKG01CTN;CONTRATOS EM GERAL.;339033;Passagens e Despesas com Locomoção;154048152652025NE000157;15404805900202024 - UASG MINUTA: 154048;2025;2026;0.0;0.0;0.0;15649.24;0.0;0.0;0.0;15649.24;Com contrato;Despesas Correntes;15649.24;15649.24;0.0;15649.24;0.0;2025
156181;SUPERINTENDENCIA DE COMUNICACAO SOCIAL;11587614000138.0;ELETRICA LOCACOES E EVENTOS LTDA;M20RKG01CTN;CONTRATOS EM GERAL.;339039;Outros Serviços de Terceiros - Pessoa Jurídica;154048152652025NE000164;15404805000162024 - UASG MINUTA: 154048;2025;2026;0.0;0.0;0.0;59.0;0.0;0.0;0.0;59.0;Com contrato;Despesas Correntes;59.0;59.0;0.0;59.0;0.0;2025
154088;PRO-REITORIA DE ENSINOFUFPI;154048.0;FUNDACAO UNIVERSIDADE FEDERAL DO PIAUI;V4002N23PRN;PROMISAES;339018;Auxílio Financeiro a Estudantes;154048152652025NE000170;SEM INFORMACAO;2025;2026;0.0;0.0;0.0;83306.0;0.0;70286.0;70286.0;223878.0;Sem contrato;Despesas Correntes;83306.0;83306.0;70286.0;13020.0;70286.0;2025
154088;PRO-REITORIA DE ENSINOFUFPI;154048.0;FUNDACAO UNIVERSIDADE FEDERAL DO PIAUI;V20GKN2300N;CONCESSAO DE BOLSAS.;339018;Auxílio Financeiro a Estudantes;154048152652025NE000171;SEM INFORMACAO;2025;2026;0.0;0.0;0.0;13122.47;0.0;13122.47;13122.47;39367.41;Sem contrato;Despesas Correntes;13122.47;13122.47;13122.47;0.0;13122.47;2025
156180;NUCLEO DE TECNOLOGIA DA INFORMACAO-NTI;64799539000135.0;TECNOSET INFORMATICA PRODUTOS E SERVICOS LTDA;M20RKG01CTN;CONTRATOS EM GERAL.;339040;Serviços de Tecnologia da Informação e Comunicação - pessoa jurídica;154048152652025NE000176;15404805000222023 - UASG MINUTA: 154048;2025;2026;0.0;0.0;0.0;93799.65;0.0;93799.65;93799.65;281398.95;Com contrato;Despesas Correntes;93799.65;93799.65;93799.65;0.0;93799.65;2025
156182;PREFEITURA UNIVERSITARIA;11399787000122.0;VENEZA SERVICOS ADMINISTRATIVOS LTDA;M20RKG01CTN;CONTRATOS EM GERAL.;339037;Locação de Mão de Obra;154048152652025NE000183;15404805000132022 - UASG MINUTA: 154048;2025;2026;0.0;0.0;0.0;17514.63;0.0;0.0;0.0;17514.63;Com contrato;Despesas Correntes;17514.63;17514.63;0.0;17514.63;0.0;2025
154101;COLEGIO AGRICOLA DE TERESINA/FUFPI;13048109000140.0;SERVIRE AGENCIAMENTO DE MAO DE OBRA LTDA;L20RLM01CTN;CONTRATOS EM GERAL DOS COLEGIOS TECNICOS.;339037;Locação de Mão de Obra;154048152652025NE000190;15404805900192024 - UASG MINUTA: 154048;2025;2026;0.0;0.0;0.0;2131.33;0.0;0.0;0.0;2131.33;Com contrato;Despesas Correntes;2131.33;2131.33;0.0;2131.33;0.0;2025
150147;CAMPUS PROFESSORA CINOBELINA ELVAS;13245525000139.0;GERAWATTS ENGENHARIA LTDA;M8282G01CTN;CONTRATOS EM GERAL.;339039;Outros Serviços de Terceiros - Pessoa Jurídica;154048152652025NE000194;15404805000542019 - UASG MINUTA: 154048;2025;2026;0.0;0.0;0.0;76.01;0.0;0.0;0.0;76.01;Com contrato;Despesas Correntes;76.01;76.01;0.0;76.01;0.0;2025
154103;CAMPUS DO JUNCO/FUFPI;8644690000123.0;CET-SEG SEGURANCA ARMADA LTDA;M20RKG01CTN;CONTRATOS EM GERAL.;339037;Locação de Mão de Obra;154048152652025NE000196;15404805000182020 - UASG MINUTA: 154048;2025;2026;0.0;0.0;0.0;130248.3;0.0;130248.3;130248.3;390744.9;Com contrato;Despesas Correntes;130248.3;130248.3;130248.3;0.0;130248.3;2025
154088;PRO-REITORIA DE ENSINOFUFPI;154048.0;FUNDACAO UNIVERSIDADE FEDERAL DO PIAUI;V20GKN2300N;CONCESSAO DE BOLSAS.;339036;Outros Serviços de Terceiros - Pessoa Física;154048152652025NE000198;SEM INFORMACAO;2025;2026;0.0;0.0;0.0;497256.25;0.0;497256.25;497256.25;1491768.75;Sem contrato;Despesas Correntes;497256.25;497256.25;497256.25;0.0;497256.25;2025
154088;PRO-REITORIA DE ENSINOFUFPI;154048.0;FUNDACAO UNIVERSIDADE FEDERAL DO PIAUI;V20GKN2300N;CONCESSAO DE BOLSAS.;339036;Outros Serviços de Terceiros - Pessoa Física;154048152652025NE000199;SEM INFORMACAO;2025;2026;0.0;0.0;0.0;1500.0;0.0;1500.0;1500.0;4500.0;Sem contrato;Despesas Correntes;1500.0;1500.0;1500.0;0.0;1500.0;2025
154088;PRO-REITORIA DE ENSINOFUFPI;154048.0;FUNDACAO UNIVERSIDADE FEDERAL DO PIAUI;V20GKN2300N;CONCESSAO DE BOLSAS.;339036;Outros Serviços de Terceiros - Pessoa Física;154048152652025NE000200;SEM INFORMACAO;2025;2026;0.0;0.0;0.0;1200.0;0.0;1200.0;1200.0;3600.0;Sem contrato;Despesas Correntes;1200.0;1200.0;1200.0;0.0;1200.0;2025
156182;PREFEITURA UNIVERSITARIA;10013974000163.0;SERVFAZ SERVICOS DE MAO DE OBRA LTDA;M20RKG01CTN;CONTRATOS EM GERAL.;339037;Locação de Mão de Obra;154048152652025NE000201;15404805000132024 - UASG MINUTA: 154048;2025;2026;0.0;0.0;0.0;779401.42;0.0;779401.42;779401.42;2338204.26;Com contrato;Despesas Correntes;779401.42;779401.42;779401.42;0.0;779401.42;2025
154578;PRO-REITORIA DE PESQUISA;154048.0;FUNDACAO UNIVERSIDADE FEDERAL DO PIAUI;V20GKN2300N;CONCESSAO DE BOLSAS.;339020;Auxílio Financeiro a Pesquisadores;154048152652025NE000202;SEM INFORMACAO;2025;2026;0.0;0.0;0.0;1600.0;0.0;1600.0;1600.0;4800.0;Sem contrato;Despesas Correntes;1600.0;1600.0;1600.0;0.0;1600.0;2025
154578;PRO-REITORIA DE PESQUISA;154048.0;FUNDACAO UNIVERSIDADE FEDERAL DO PIAUI;V20GKN2300N;CONCESSAO DE BOLSAS.;339018;Auxílio Financeiro a Estudantes;154048152652025NE000203;SEM INFORMACAO;2025;2026;0.0;0.0;0.0;13240.0;0.0;10500.0;10500.0;34240.0;Sem contrato;Despesas Correntes;13240.0;13240.0;10500.0;2740.0;10500.0;2025
152660;HOSPITAL VETERINARIO DA UFPI;7501328000130.0;FUNDACAO CULTURAL E DE FOMENTO A PESQUISA, ENSINO, EXTE;M20RKG71HVN;HOSPITAL VETERINARIO DE TERESINA E BOM JESUS.;339039;Outros Serviços de Terceiros - Pessoa Jurídica;154048152652025NE000211;15404806006082024 - UASG MINUTA: 154048;2025;2026;0.0;0.0;0.0;13587.78;0.0;0.0;0.0;13587.78;Sem contrato;Despesas Correntes;13587.78;13587.78;0.0;13587.78;0.0;2025
151064;CAMPUS AMILCAR FERREIRA SOBRAL;3506307000157.0;TICKET SOLUCOES HDFGT S/A;M20RKG01CTN;CONTRATOS EM GERAL.;339039;Outros Serviços de Terceiros - Pessoa Jurídica;154048152652025NE000213;15404805000552023 - UASG MINUTA: 154048;2025;2026;0.0;0.0;0.0;5261.52;0.0;5261.52;5261.52;15784.56;Com contrato;Despesas Correntes;5261.52;5261.52;5261.52;0.0;5261.52;2025
152660;HOSPITAL VETERINARIO DA UFPI;5564043000113.0;MASTER FACILITIES LTDA;M20RKG71TBN;HOSPITAL VETERINARIO DE TERESINA E BOM JESUS.;339037;Locação de Mão de Obra;154048152652025NE000214;15404805000052022 - UASG MINUTA: 154048;2025;2026;0.0;0.0;0.0;11.8;0.0;0.0;0.0;11.8;Sem contrato;Despesas Correntes;11.8;11.8;0.0;11.8;0.0;2025
154102;COLEGIO AGRICOLA DE FLRIANO/FUFPI;154048.0;FUNDACAO UNIVERSIDADE FEDERAL DO PIAUI;L2994M23CBN;CONCESSAO DE BOLSAS;339018;Auxílio Financeiro a Estudantes;154048152652025NE000216;SEM INFORMACAO;2025;2026;0.0;0.0;0.0;80.0;0.0;0.0;0.0;80.0;Sem contrato;Despesas Correntes;80.0;80.0;0.0;80.0;0.0;2025
150147;CAMPUS PROFESSORA CINOBELINA ELVAS;9019150000111.0;ATD LOCACAO LTDA;V4002N01CTN;CONTRATOS EM GERAL DO RU.;339037;Locação de Mão de Obra;154048152652025NE000219;15404805000412023 - UASG MINUTA: 154048;2025;2026;0.0;0.0;0.0;71776.85;0.0;60914.57;60914.57;193605.99;Com contrato;Despesas Correntes;71776.85;71776.85;60914.57;10862.280000000006;60914.57;2025
156183;SUPERINTENDENCIA DE RECURSOS HUMANOS;23653504000106.0;J P BARBOSA E SILVA LTDA;M20RKG01CTN;CONTRATOS EM GERAL.;339039;Outros Serviços de Terceiros - Pessoa Jurídica;154048152652025NE000223;15404805000032023 - UASG MINUTA: 154048;2025;2026;0.0;0.0;0.0;1.27;0.0;0.0;0.0;1.27;Com contrato;Despesas Correntes;1.27;1.27;0.0;1.27;0.0;2025
150147;CAMPUS PROFESSORA CINOBELINA ELVAS;8026009000183.0;LOKAL RENT A CAR LTDA;M20RKG01CTN;CONTRATOS EM GERAL.;339033;Passagens e Despesas com Locomoção;154048152652025NE000224;15404805900202024 - UASG MINUTA: 154048;2025;2026;0.0;0.0;0.0;27780.0;0.0;27780.0;27780.0;83340.0;Com contrato;Despesas Correntes;27780.0;27780.0;27780.0;0.0;27780.0;2025
151064;CAMPUS AMILCAR FERREIRA SOBRAL;8026009000183.0;LOKAL RENT A CAR LTDA;M20RKG01CTN;CONTRATOS EM GERAL.;339033;Passagens e Despesas com Locomoção;154048152652025NE000225;15404805900152024 - UASG MINUTA: 154048;2025;2026;0.0;0.0;0.0;28200.0;0.0;28200.0;28200.0;84600.0;Com contrato;Despesas Correntes;28200.0;28200.0;28200.0;0.0;28200.0;2025
156182;PREFEITURA UNIVERSITARIA;27595780000116.0;CS BRASIL FROTAS S.A.;M20RKG01CTN;CONTRATOS EM GERAL.;339033;Passagens e Despesas com Locomoção;154048152652025NE000228;15404805000202023 - UASG MINUTA: 154048;2025;2026;0.0;0.0;0.0;34.28;0.0;0.0;0.0;34.28;Com contrato;Despesas Correntes;34.28;34.28;0.0;34.28;0.0;2025
156182;PREFEITURA UNIVERSITARIA;7128744000135.0;DUO TELECOM LTDA;M20RKG01CTN;CONTRATOS EM GERAL.;339039;Outros Serviços de Terceiros - Pessoa Jurídica;154048152652025NE000229;15814605000112023 - UASG MINUTA: 154048;2025;2026;0.0;0.0;0.0;17543.36;0.0;16757.24;16757.24;51057.84;Com contrato;Despesas Correntes;17543.36;17543.36;16757.24;786.119999999999;16757.24;2025
156182;PREFEITURA UNIVERSITARIA;3325436000149.0;MARANATA PRESTADORA DE SERVICOS E CONSTRUCOES LTDA;M20RKG01CTN;CONTRATOS EM GERAL.;339037;Locação de Mão de Obra;154048152652025NE000230;15404805000412020 - UASG MINUTA: 154048;2025;2026;0.0;0.0;0.0;10.0;0.0;0.0;0.0;10.0;Com contrato;Despesas Correntes;10.0;10.0;0.0;10.0;0.0;2025
156181;SUPERINTENDENCIA DE COMUNICACAO SOCIAL;47282733000120.0;LEAL EVENTOS LTDA;M20RKG01CTN;CONTRATOS EM GERAL.;339039;Outros Serviços de Terceiros - Pessoa Jurídica;154048152652025NE000242;15404805000112024 - UASG MINUTA: 154048;2025;2026;0.0;0.0;0.0;4569.09;0.0;4569.09;4569.09;13707.27;Com contrato;Despesas Correntes;4569.09;4569.09;4569.09;0.0;4569.09;2025
150147;CAMPUS PROFESSORA CINOBELINA ELVAS;8596699000106.0;DB LOCACAO DE VEICULOS LTDA;M20RKG01CTN;CONTRATOS EM GERAL.;339033;Passagens e Despesas com Locomoção;154048152652025NE000261;15404805000502023 - UASG MINUTA: 154048;2025;2026;0.0;0.0;0.0;1.58;0.0;0.0;0.0;1.58;Com contrato;Despesas Correntes;1.58;1.58;0.0;1.58;0.0;2025
150147;CAMPUS PROFESSORA CINOBELINA ELVAS;7725929000127.0;NILTON TURISMO LTDA;M20RKG01CTN;CONTRATOS EM GERAL.;339033;Passagens e Despesas com Locomoção;154048152652025NE000262;15404805900152024 - UASG MINUTA: 154048;2025;2026;0.0;0.0;0.0;29075.76;0.0;20116.26;20116.26;69308.28;Com contrato;Despesas Correntes;29075.76;29075.76;20116.26;8959.5;20116.26;2025
156182;PREFEITURA UNIVERSITARIA;27157474000106.0;AGUAS DE TERESINA SANEAMENTO SPE S.A.;M20RKG01CTN;CONTRATOS EM GERAL.;339039;Outros Serviços de Terceiros - Pessoa Jurídica;154048152652025NE000268;15404807000032025 - UASG MINUTA: 154048;2025;2026;0.0;0.0;0.0;20694.59;0.0;20694.59;20694.59;62083.77;Com contrato;Despesas Correntes;20694.59;20694.59;20694.59;0.0;20694.59;2025
154087;PRO-REITORIA DE ADMINISTRACAOFUFPI;3746938001387.0;BRS SUPRIMENTOS CORPORATIVOS S/A;M20RKG01CTN;CONTRATOS EM GERAL.;339039;Outros Serviços de Terceiros - Pessoa Jurídica;154048152652025NE000269;15404805000142021 - UASG MINUTA: 154048;2025;2026;0.0;0.0;0.0;268949.21;0.0;268470.83;268470.83;805890.87;Com contrato;Despesas Correntes;268949.21;268949.21;268470.83;478.38000000000466;268470.83;2025
154102;COLEGIO AGRICOLA DE FLRIANO/FUFPI;8026009000183.0;LOKAL RENT A CAR LTDA;L20RLM01CTN;CONTRATOS EM GERAL DOS COLEGIOS TECNICOS.;339033;Passagens e Despesas com Locomoção;154048152652025NE000287;15404805900202024 - UASG MINUTA: 154048;2025;2026;0.0;0.0;0.0;55890.0;0.0;55890.0;55890.0;167670.0;Com contrato;Despesas Correntes;55890.0;55890.0;55890.0;0.0;55890.0;2025
156182;PREFEITURA UNIVERSITARIA;3515317000159.0;CECOL - CENTRO DE COMERCIO E LOCACAO LTDA;M20RKG01CTN;CONTRATOS EM GERAL.;339033;Passagens e Despesas com Locomoção;154048152652025NE000295;15404805900202024 - UASG MINUTA: 154048;2025;2026;0.0;0.0;0.0;18612.32;0.0;18609.32;18609.32;55830.96;Com contrato;Despesas Correntes;18612.32;18612.32;18609.32;3.0;18609.32;2025
151064;CAMPUS AMILCAR FERREIRA SOBRAL;6840748000189.0;EQUATORIAL PIAUI DISTRIBUIDORA DE ENERGIA S.A;M20RKG01CTN;CONTRATOS EM GERAL.;339039;Outros Serviços de Terceiros - Pessoa Jurídica;154048152652025NE000296;15404806000342023 - UASG MINUTA: 154048;2025;2026;0.0;0.0;0.0;25612.18;0.0;25612.18;25612.18;76836.54;Com contrato;Despesas Correntes;25612.18;25612.18;25612.18;0.0;25612.18;2025
154104;COLEGIO AGRICOLA DE BOM JESUS/FUFPI;8026009000183.0;LOKAL RENT A CAR LTDA;L20RLM01CTN;CONTRATOS EM GERAL DOS COLEGIOS TECNICOS.;339033;Passagens e Despesas com Locomoção;154048152652025NE000300;15404805900202024 - UASG MINUTA: 154048;2025;2026;0.0;0.0;0.0;31050.0;0.0;31050.0;31050.0;93150.0;Com contrato;Despesas Correntes;31050.0;31050.0;31050.0;0.0;31050.0;2025
154098;CENTRO DE CIENCAS AGRARIAS/FUFPI;43979792000109.0;GRAO SUL COMERCIO LTDA;M20RKG6000N;ENSINO-GESTAO;339030;Material de Consumo;154048152652025NE000303;15404805900182024 - UASG MINUTA: 154048;2025;2026;0.0;0.0;0.0;458.0;0.0;0.0;0.0;458.0;Sem contrato;Despesas Correntes;458.0;458.0;0.0;458.0;0.0;2025
156182;PREFEITURA UNIVERSITARIA;6840748000189.0;EQUATORIAL PIAUI DISTRIBUIDORA DE ENERGIA S.A;M20RKG01CTN;CONTRATOS EM GERAL.;339039;Outros Serviços de Terceiros - Pessoa Jurídica;154048152652025NE000304;15404806000342023 - UASG MINUTA: 154048;2025;2026;0.0;0.0;0.0;128094.3;0.0;128094.3;128094.3;384282.9;Com contrato;Despesas Correntes;128094.3;128094.3;128094.3;0.0;128094.3;2025
154102;COLEGIO AGRICOLA DE FLRIANO/FUFPI;19152814000170.0;NACIONAL SERVICOS INTEGRADOS LTDA;L20RLM01CTN;CONTRATOS EM GERAL DOS COLEGIOS TECNICOS.;339037;Locação de Mão de Obra;154048152652025NE000305;15404805000102023 - UASG MINUTA: 154048;2025;2026;0.0;0.0;0.0;2705.89;0.0;0.0;0.0;2705.89;Com contrato;Despesas Correntes;2705.89;2705.89;0.0;2705.89;0.0;2025
154098;CENTRO DE CIENCAS AGRARIAS/FUFPI;36543918000124.0;CASA MORAIS COMERCIO DE PRODUTOS AGROPECUARIOS LTDA;M20RKG6000N;ENSINO-GESTAO;339030;Material de Consumo;154048152652025NE000309;15404805900182024 - UASG MINUTA: 154048;2025;2026;0.0;0.0;0.0;5160.0;0.0;5160.0;5160.0;15480.0;Sem contrato;Despesas Correntes;5160.0;5160.0;5160.0;0.0;5160.0;2025
154102;COLEGIO AGRICOLA DE FLRIANO/FUFPI;154048.0;FUNDACAO UNIVERSIDADE FEDERAL DO PIAUI;L2994M23CBN;CONCESSAO DE BOLSAS;339018;Auxílio Financeiro a Estudantes;154048152652025NE000318;SEM INFORMACAO;2025;2026;0.0;0.0;0.0;5.8;0.0;0.0;0.0;5.8;Sem contrato;Despesas Correntes;5.8;5.8;0.0;5.8;0.0;2025
150147;CAMPUS PROFESSORA CINOBELINA ELVAS;6840748000189.0;EQUATORIAL PIAUI DISTRIBUIDORA DE ENERGIA S.A;M20RKG01CTN;CONTRATOS EM GERAL.;339039;Outros Serviços de Terceiros - Pessoa Jurídica;154048152652025NE000320;15404806000342023 - UASG MINUTA: 154048;2025;2026;0.0;0.0;0.0;24271.66;0.0;24271.66;24271.66;72814.98;Com contrato;Despesas Correntes;24271.66;24271.66;24271.66;0.0;24271.66;2025
154102;COLEGIO AGRICOLA DE FLRIANO/FUFPI;11436412000195.0;CENTRAL DE FRIOS PIAUI LTDA;L2994M2300N;RESTAURANTE UNIVERSITARIO;339030;Material de Consumo;154048152652025NE000324;15404805900172024 - UASG MINUTA: 154048;2025;2026;0.0;0.0;0.0;2650.5;0.0;2650.5;2650.5;7951.5;Sem contrato;Despesas Correntes;2650.5;2650.5;2650.5;0.0;2650.5;2025
156181;SUPERINTENDENCIA DE COMUNICACAO SOCIAL;33736327000185.0;BRENO P DELLING LTDA;M20RKG01CTN;CONTRATOS EM GERAL.;339039;Outros Serviços de Terceiros - Pessoa Jurídica;154048152652025NE000329;15404805000182024 - UASG MINUTA: 154048;2025;2026;0.0;0.0;0.0;7675.0;0.0;7675.0;7675.0;23025.0;Com contrato;Despesas Correntes;7675.0;7675.0;7675.0;0.0;7675.0;2025
156181;SUPERINTENDENCIA DE COMUNICACAO SOCIAL;33736327000185.0;BRENO P DELLING LTDA;M20RKG01CTN;CONTRATOS EM GERAL.;339030;Material de Consumo;154048152652025NE000330;15404805000182024 - UASG MINUTA: 154048;2025;2026;0.0;0.0;0.0;5000.0;0.0;0.0;0.0;5000.0;Com contrato;Despesas Correntes;5000.0;5000.0;0.0;5000.0;0.0;2025
154102;COLEGIO AGRICOLA DE FLRIANO/FUFPI;63505812000109.0;ROBEVALDO ALVES LIMA LTDA;L2994M2300N;RESTAURANTE UNIVERSITARIO;339030;Material de Consumo;154048152652025NE000334;15404805900222024 - UASG MINUTA: 154048;2025;2026;0.0;0.0;0.0;597.6;0.0;597.6;597.6;1792.8;Sem contrato;Despesas Correntes;597.6;597.6;597.6;0.0;597.6;2025
156183;SUPERINTENDENCIA DE RECURSOS HUMANOS;23653504000106.0;J P BARBOSA E SILVA LTDA;M20RKG01CTN;CONTRATOS EM GERAL.;339030;Material de Consumo;154048152652025NE000337;15404805000032023 - UASG MINUTA: 154048;2025;2026;0.0;0.0;0.0;250.24;0.0;0.0;0.0;250.24;Com contrato;Despesas Correntes;250.24;250.24;0.0;250.24;0.0;2025
154102;COLEGIO AGRICOLA DE FLRIANO/FUFPI;154048.0;FUNDACAO UNIVERSIDADE FEDERAL DO PIAUI;L2994M23CBN;CONCESSAO DE BOLSAS;339018;Auxílio Financeiro a Estudantes;154048152652025NE000338;SEM INFORMACAO;2025;2026;0.0;0.0;0.0;800.0;0.0;0.0;0.0;800.0;Sem contrato;Despesas Correntes;800.0;800.0;0.0;800.0;0.0;2025
154087;PRO-REITORIA DE ADMINISTRACAOFUFPI;19674387000190.0;GUERRA ASSESSORIA TECNICA LTDA;M20RKG01CTN;CONTRATOS EM GERAL.;339039;Outros Serviços de Terceiros - Pessoa Jurídica;154048152652025NE000342;15404805900132024 - UASG MINUTA: 154048;2025;2026;0.0;0.0;0.0;0.01;0.0;0.0;0.0;0.01;Com contrato;Despesas Correntes;0.01;0.01;0.0;0.01;0.0;2025
154103;CAMPUS DO JUNCO/FUFPI;1542171000105.0;SILVA & ALVES FRUTOS TROPICAIS LTDA;V4002N2300N;RESTAURANTE UNIVERSITARIO E OUTRAS DESPESAS;339030;Material de Consumo;154048152652025NE000344;15404805900172024 - UASG MINUTA: 154048;2025;2026;0.0;0.0;0.0;28.0;0.0;0.0;0.0;28.0;Sem contrato;Despesas Correntes;28.0;28.0;0.0;28.0;0.0;2025
156182;PREFEITURA UNIVERSITARIA;12710740000109.0;NATUS AMBIENTAL LTDA;M20RKG01CTN;CONTRATOS EM GERAL.;339039;Outros Serviços de Terceiros - Pessoa Jurídica;154048152652025NE000346;15404805000662019 - UASG MINUTA: 154048;2025;2026;0.0;0.0;0.0;15904.75;0.0;8418.58;8418.58;32741.91;Com contrato;Despesas Correntes;15904.75;15904.75;8418.58;7486.17;8418.58;2025
152660;HOSPITAL VETERINARIO DA UFPI;7083538000156.0;CONSELHO REGIONAL DE MEDICINA VETERINARIA DO ESTADO DO;M20RKG71TBN;HOSPITAL VETERINARIO DE TERESINA E BOM JESUS.;339047;Obrigações Tributárias e Contributivas;154048152652025NE000350;SEM INFORMACAO;2025;2026;0.0;0.0;0.0;163.0;0.0;163.0;163.0;489.0;Sem contrato;Despesas Correntes;163.0;163.0;163.0;0.0;163.0;2025
154104;COLEGIO AGRICOLA DE BOM JESUS/FUFPI;63505812000109.0;ROBEVALDO ALVES LIMA LTDA;L2994M2300N;RESTAURANTE UNIVERSITARIO;339030;Material de Consumo;154048152652025NE000360;15404805900222024 - UASG MINUTA: 154048;2025;2026;0.0;0.0;0.0;790.56;0.0;790.56;790.56;2371.68;Sem contrato;Despesas Correntes;790.56;790.56;790.56;0.0;790.56;2025
154356;PRO-REITORIA ASS.ESTUDANTIS E COMUNITARIOS;22561863000170.0;MULTPAR SERVICOS DE CONSTRUCAO LTDA;V4002N01CTN;CONTRATOS EM GERAL DO RU.;339039;Outros Serviços de Terceiros - Pessoa Jurídica;154048152652025NE000362;15404805000612019 - UASG MINUTA: 154048;2025;2026;0.0;0.0;0.0;1467.97;0.0;0.0;0.0;1467.97;Com contrato;Despesas Correntes;1467.97;1467.97;0.0;1467.97;0.0;2025
154087;PRO-REITORIA DE ADMINISTRACAOFUFPI;33683111000107.0;SERVICO FEDERAL DE PROCESSAMENTO DE DADOS (SERPRO);M20RKG01CTN;CONTRATOS EM GERAL.;339040;Serviços de Tecnologia da Informação e Comunicação - pessoa jurídica;154048152652025NE000374;15404806000152021 - UASG MINUTA: 154048;2025;2026;0.0;0.0;0.0;540.04;0.0;540.04;540.04;1620.12;Com contrato;Despesas Correntes;540.04;540.04;540.04;0.0;540.04;2025
154104;COLEGIO AGRICOLA DE BOM JESUS/FUFPI;3506307000157.0;TICKET SOLUCOES HDFGT S/A;L20RLM01CTN;CONTRATOS EM GERAL DOS COLEGIOS TECNICOS.;339039;Outros Serviços de Terceiros - Pessoa Jurídica;154048152652025NE000376;15404805000062021 - UASG MINUTA: 154048;2025;2026;0.0;0.0;0.0;14456.41;0.0;14333.21;14333.21;43122.83;Com contrato;Despesas Correntes;14456.41;14456.41;14333.21;123.20000000000073;14333.21;2025
154103;CAMPUS DO JUNCO/FUFPI;10013974000163.0;SERVFAZ SERVICOS DE MAO DE OBRA LTDA;M20RKG01CTN;CONTRATOS EM GERAL.;339037;Locação de Mão de Obra;154048152652025NE000378;15404806000702025 - UASG MINUTA: 154048;2025;2026;0.0;0.0;0.0;100593.79;0.0;100593.79;100593.79;301781.37;Com contrato;Despesas Correntes;100593.79;100593.79;100593.79;0.0;100593.79;2025
154103;CAMPUS DO JUNCO/FUFPI;9172237000124.0;D & L SERVICOS DE APOIO ADMINISTRATIVO LTDA;M20RKG01CTN;CONTRATOS EM GERAL.;339092;Despesas de Exercícios Anteriores;154048152652025NE000379;15404805000022020 - UASG MINUTA: 154048;2025;2026;0.0;0.0;0.0;70.0;0.0;0.0;0.0;70.0;Com contrato;Despesas Correntes;70.0;70.0;0.0;70.0;0.0;2025
156182;PREFEITURA UNIVERSITARIA;34028316002238.0;EMPRESA BRASILEIRA DE CORREIOS E TELEGRAFOS;M20RKG01CTN;CONTRATOS EM GERAL.;339039;Outros Serviços de Terceiros - Pessoa Jurídica;154048152652025NE000385;15404807000462025 - UASG MINUTA: 154048;2025;2026;0.0;0.0;0.0;863.11;0.0;863.11;863.11;2589.33;Com contrato;Despesas Correntes;863.11;863.11;863.11;0.0;863.11;2025
156182;PREFEITURA UNIVERSITARIA;34028316002238.0;EMPRESA BRASILEIRA DE CORREIOS E TELEGRAFOS;M20RKG01CTN;CONTRATOS EM GERAL.;339039;Outros Serviços de Terceiros - Pessoa Jurídica;154048152652025NE000386;15404806000452025 - UASG MINUTA: 154048;2025;2026;0.0;0.0;0.0;1298.4;0.0;1298.4;1298.4;3895.2;Com contrato;Despesas Correntes;1298.4;1298.4;1298.4;0.0;1298.4;2025
154578;PRO-REITORIA DE PESQUISA;154048.0;FUNDACAO UNIVERSIDADE FEDERAL DO PIAUI;V20GKN2300N;CONCESSAO DE BOLSAS.;339020;Auxílio Financeiro a Pesquisadores;154048152652025NE000388;SEM INFORMACAO;2025;2026;0.0;0.0;0.0;1300.0;0.0;1300.0;1300.0;3900.0;Sem contrato;Despesas Correntes;1300.0;1300.0;1300.0;0.0;1300.0;2025
154102;COLEGIO AGRICOLA DE FLRIANO/FUFPI;154048.0;FUNDACAO UNIVERSIDADE FEDERAL DO PIAUI;L2994M23CBN;CONCESSAO DE BOLSAS;339018;Auxílio Financeiro a Estudantes;154048152652025NE000393;SEM INFORMACAO;2025;2026;0.0;0.0;0.0;3100.0;0.0;0.0;0.0;3100.0;Sem contrato;Despesas Correntes;3100.0;3100.0;0.0;3100.0;0.0;2025
154102;COLEGIO AGRICOLA DE FLRIANO/FUFPI;154048.0;FUNDACAO UNIVERSIDADE FEDERAL DO PIAUI;L2994M23CBN;CONCESSAO DE BOLSAS;339018;Auxílio Financeiro a Estudantes;154048152652025NE000400;SEM INFORMACAO;2025;2026;0.0;0.0;0.0;400.0;0.0;0.0;0.0;400.0;Sem contrato;Despesas Correntes;400.0;400.0;0.0;400.0;0.0;2025
154103;CAMPUS DO JUNCO/FUFPI;8596699000106.0;DB LOCACAO DE VEICULOS LTDA;M20RKG01CTN;CONTRATOS EM GERAL.;339033;Passagens e Despesas com Locomoção;154048152652025NE000405;15404805000582023 - UASG MINUTA: 154048;2025;2026;0.0;0.0;0.0;1668.1;0.0;0.0;0.0;1668.1;Com contrato;Despesas Correntes;1668.1;1668.1;0.0;1668.1;0.0;2025
154103;CAMPUS DO JUNCO/FUFPI;69607729000127.0;J J E SILVA LTDA;M20RKG01CTN;CONTRATOS EM GERAL.;339033;Passagens e Despesas com Locomoção;154048152652025NE000408;15404805000272023 - UASG MINUTA: 154048;2025;2026;0.0;0.0;0.0;2799.51;0.0;0.0;0.0;2799.51;Com contrato;Despesas Correntes;2799.51;2799.51;0.0;2799.51;0.0;2025
156182;PREFEITURA UNIVERSITARIA;21992832000101.0;PONTUAL SERVICOS GERAIS LTDA;M20RKG01CTN;CONTRATOS EM GERAL.;339037;Locação de Mão de Obra;154048152652025NE000409;15404806000162025 - UASG MINUTA: 154048;2025;2026;0.0;0.0;0.0;102366.72;0.0;102366.72;102366.72;307100.16;Com contrato;Despesas Correntes;102366.72;102366.72;102366.72;0.0;102366.72;2025
154095;CENTRO DE CIENCIAS DA SAUDE/FUFPI;2482141000113.0;DENTAL BONSUCESSO PRODUTOS ODONTOLOGICOS LTDA;M20RKG6000N;ENSINO-GESTAO;339030;Material de Consumo;154048152652025NE000422;15404805900012024 - UASG MINUTA: 154048;2025;2026;0.0;0.0;0.0;131.48;0.0;0.0;0.0;131.48;Sem contrato;Despesas Correntes;131.48;131.48;0.0;131.48;0.0;2025
151064;CAMPUS AMILCAR FERREIRA SOBRAL;7721678000102.0;ARAUJO E ARAUJO EMPREENDIMENTOS LTDA;M20RKG01CTN;CONTRATOS EM GERAL.;339033;Passagens e Despesas com Locomoção;154048152652025NE000436;15404805000252025 - UASG MINUTA: 154048;2025;2026;0.0;0.0;0.0;7366.97;0.0;7366.97;7366.97;22100.91;Com contrato;Despesas Correntes;7366.97;7366.97;7366.97;0.0;7366.97;2025
154103;CAMPUS DO JUNCO/FUFPI;7721678000102.0;ARAUJO E ARAUJO EMPREENDIMENTOS LTDA;M20RKG01CTN;CONTRATOS EM GERAL.;339033;Passagens e Despesas com Locomoção;154048152652025NE000437;15404805000262025 - UASG MINUTA: 154048;2025;2026;0.0;0.0;0.0;17283.63;0.0;17283.63;17283.63;51850.89;Com contrato;Despesas Correntes;17283.63;17283.63;17283.63;0.0;17283.63;2025
154095;CENTRO DE CIENCIAS DA SAUDE/FUFPI;50867070000110.0;RGLMED COMERCIO ATACADISTA DE EQUIPAMENTOS HOSPITALARES;M8282G6000N;REESTRUTURACAO E MODERNIZACAO DAS IFES;449052;Equipamentos e Material Permanente;154048152652025NE000438;15404805900012024 - UASG MINUTA: 154048;2025;2026;0.0;0.0;0.0;14445.0;0.0;0.0;0.0;14445.0;Sem contrato;Despesas de Capital;14445.0;14445.0;0.0;14445.0;0.0;2025
154102;COLEGIO AGRICOLA DE FLRIANO/FUFPI;9019150000111.0;ATD LOCACAO LTDA;L20RLM01CTN;CONTRATOS EM GERAL DOS COLEGIOS TECNICOS.;339037;Locação de Mão de Obra;154048152652025NE000439;15404805000192025 - UASG MINUTA: 154048;2025;2026;0.0;0.0;0.0;34600.0;0.0;32870.0;32870.0;100340.0;Com contrato;Despesas Correntes;34600.0;34600.0;32870.0;1730.0;32870.0;2025
154101;COLEGIO AGRICOLA DE TERESINA/FUFPI;5340639000130.0;PRIME CONSULTORIA E ASSESSORIA EMPRESARIAL LTDA;L20RLM01CTN;CONTRATOS EM GERAL DOS COLEGIOS TECNICOS.;339039;Outros Serviços de Terceiros - Pessoa Jurídica;154048152652025NE000441;15404805000082024 - UASG MINUTA: 154048;2025;2026;0.0;0.0;0.0;20134.01;0.0;8142.21;8142.21;36418.43;Com contrato;Despesas Correntes;20134.01;20134.01;8142.21;11991.8;8142.21;2025
154101;COLEGIO AGRICOLA DE TERESINA/FUFPI;5340639000130.0;PRIME CONSULTORIA E ASSESSORIA EMPRESARIAL LTDA;L20RLM01CTN;CONTRATOS EM GERAL DOS COLEGIOS TECNICOS.;339030;Material de Consumo;154048152652025NE000442;15404805000082024 - UASG MINUTA: 154048;2025;2026;0.0;0.0;0.0;41202.81;0.0;8019.42;8019.42;57241.65;Com contrato;Despesas Correntes;41202.81;41202.81;8019.42;33183.39;8019.42;2025
151064;CAMPUS AMILCAR FERREIRA SOBRAL;12710740000109.0;NATUS AMBIENTAL LTDA;M8282G01CTN;CONTRATOS EM GERAL.;339039;Outros Serviços de Terceiros - Pessoa Jurídica;154048152652025NE000443;15404805000232020 - UASG MINUTA: 154048;2025;2026;0.0;0.0;0.0;7924.03;0.0;0.0;0.0;7924.03;Com contrato;Despesas Correntes;7924.03;7924.03;0.0;7924.03;0.0;2025
154103;CAMPUS DO JUNCO/FUFPI;19661853000100.0;S3 SERVICOS LTDA;V4002N01CTN;CONTRATOS EM GERAL DO RU.;339037;Locação de Mão de Obra;154048152652025NE000444;15404805900022025 - UASG MINUTA: 154048;2025;2026;0.0;0.0;0.0;18767.24;0.0;0.0;0.0;18767.24;Com contrato;Despesas Correntes;18767.24;18767.24;0.0;18767.24;0.0;2025
154095;CENTRO DE CIENCIAS DA SAUDE/FUFPI;26395502000152.0;DENTAL UNIVERSO LTDA;M20RKG6000N;ENSINO-GESTAO;339030;Material de Consumo;154048152652025NE000448;15404805900012024 - UASG MINUTA: 154048;2025;2026;0.0;0.0;0.0;3425.6;0.0;0.0;0.0;3425.6;Sem contrato;Despesas Correntes;3425.6;3425.6;0.0;3425.6;0.0;2025
154101;COLEGIO AGRICOLA DE TERESINA/FUFPI;5340639000130.0;PRIME CONSULTORIA E ASSESSORIA EMPRESARIAL LTDA;L20RLM01CTN;CONTRATOS EM GERAL DOS COLEGIOS TECNICOS.;339039;Outros Serviços de Terceiros - Pessoa Jurídica;154048152652025NE000449;15404805000562023 - UASG MINUTA: 154048;2025;2026;0.0;0.0;0.0;6317.18;0.0;6317.18;6317.18;18951.54;Com contrato;Despesas Correntes;6317.18;6317.18;6317.18;0.0;6317.18;2025
150147;CAMPUS PROFESSORA CINOBELINA ELVAS;10013974000163.0;SERVFAZ SERVICOS DE MAO DE OBRA LTDA;M20RKG01CTN;CONTRATOS EM GERAL.;339037;Locação de Mão de Obra;154048152652025NE000451;15404805000102025 - UASG MINUTA: 154048;2025;2026;0.0;0.0;0.0;23076.27;0.0;23076.25;23076.25;69228.77;Com contrato;Despesas Correntes;23076.27;23076.27;23076.25;0.020000000000436557;23076.25;2025
154104;COLEGIO AGRICOLA DE BOM JESUS/FUFPI;10013974000163.0;SERVFAZ SERVICOS DE MAO DE OBRA LTDA;L20RLM01CTN;CONTRATOS EM GERAL DOS COLEGIOS TECNICOS.;339037;Locação de Mão de Obra;154048152652025NE000452;15404805000092025 - UASG MINUTA: 154048;2025;2026;0.0;0.0;0.0;19572.08;0.0;19572.08;19572.08;58716.24;Com contrato;Despesas Correntes;19572.08;19572.08;19572.08;0.0;19572.08;2025
154356;PRO-REITORIA ASS.ESTUDANTIS E COMUNITARIOS;154048.0;FUNDACAO UNIVERSIDADE FEDERAL DO PIAUI;V4002N23CBN;CONCESSAO DE BOLSAS.;339018;Auxílio Financeiro a Estudantes;154048152652025NE000453;SEM INFORMACAO;2025;2026;0.0;0.0;0.0;6018490.88;0.0;6015340.88;6015340.88;18049172.64;Sem contrato;Despesas Correntes;6018490.88;6018490.88;6015340.88;3150.0;6015340.88;2025
156182;PREFEITURA UNIVERSITARIA;8644690000123.0;CET-SEG SEGURANCA ARMADA LTDA;M20RKG01CTN;CONTRATOS EM GERAL.;339037;Locação de Mão de Obra;154048152652025NE000454;15404805000162020 - UASG MINUTA: 154048;2025;2026;0.0;0.0;0.0;479952.83;0.0;454277.32;454277.32;1388507.47;Com contrato;Despesas Correntes;479952.83;479952.83;454277.32;25675.51000000001;454277.32;2025
154356;PRO-REITORIA ASS.ESTUDANTIS E COMUNITARIOS;154048.0;FUNDACAO UNIVERSIDADE FEDERAL DO PIAUI;V4002N23PIN;CONCESSAO DE BOLSAS - PROGRAMA INCLUIR;339018;Auxílio Financeiro a Estudantes;154048152652025NE000458;SEM INFORMACAO;2025;2026;0.0;0.0;0.0;23905.0;0.0;23905.0;23905.0;71715.0;Sem contrato;Despesas Correntes;23905.0;23905.0;23905.0;0.0;23905.0;2025
154087;PRO-REITORIA DE ADMINISTRACAOFUFPI;18717757000166.0;SANTANA DISTRIBUIDORA LTDA;M20RKG6000N;ENSINO-GESTAO;339030;Material de Consumo;154048152652025NE000460;15814605900342024 - UASG MINUTA: 154048;2025;2026;0.0;0.0;0.0;0.4;0.0;0.0;0.0;0.4;Sem contrato;Despesas Correntes;0.4;0.4;0.0;0.4;0.0;2025
150147;CAMPUS PROFESSORA CINOBELINA ELVAS;10013974000163.0;SERVFAZ SERVICOS DE MAO DE OBRA LTDA;M20RKG01CTN;CONTRATOS EM GERAL.;339037;Locação de Mão de Obra;154048152652025NE000462;15404805000102025 - UASG MINUTA: 154048;2025;2026;0.0;0.0;0.0;4841.15;0.0;4345.95;4345.95;13533.05;Com contrato;Despesas Correntes;4841.15;4841.15;4345.95;495.1999999999998;4345.95;2025
155079;HOSPITAL VETERINARIO DE BOM JESUS - UFPI;13048109000140.0;SERVIRE AGENCIAMENTO DE MAO DE OBRA LTDA;M20RKG71TBN;HOSPITAL VETERINARIO DE TERESINA E BOM JESUS.;339037;Locação de Mão de Obra;154048152652025NE000463;15404805000202025 - UASG MINUTA: 154048;2025;2026;0.0;0.0;0.0;4444.2;0.0;4444.2;4444.2;13332.6;Sem contrato;Despesas Correntes;4444.2;4444.2;4444.2;0.0;4444.2;2025
154104;COLEGIO AGRICOLA DE BOM JESUS/FUFPI;154048.0;FUNDACAO UNIVERSIDADE FEDERAL DO PIAUI;L2994M23CBN;CONCESSAO DE BOLSAS;339018;Auxílio Financeiro a Estudantes;154048152652025NE000471;SEM INFORMACAO;2025;2026;0.0;0.0;0.0;226671.1;0.0;226671.1;226671.1;680013.3;Sem contrato;Despesas Correntes;226671.1;226671.1;226671.1;0.0;226671.1;2025
154103;CAMPUS DO JUNCO/FUFPI;13245525000139.0;GERAWATTS ENGENHARIA LTDA;V4002N01CTN;CONTRATOS EM GERAL DO RU.;339039;Outros Serviços de Terceiros - Pessoa Jurídica;154048152652025NE000474;15404805000532019 - UASG MINUTA: 154048;2025;2026;0.0;0.0;0.0;17310.06;0.0;0.0;0.0;17310.06;Com contrato;Despesas Correntes;17310.06;17310.06;0.0;17310.06;0.0;2025
150147;CAMPUS PROFESSORA CINOBELINA ELVAS;63505812000109.0;ROBEVALDO ALVES LIMA LTDA;V4002N2300N;RESTAURANTE UNIVERSITARIO E OUTRAS DESPESAS;339030;Material de Consumo;154048152652025NE000475;15404805900172024 - UASG MINUTA: 154048;2025;2026;0.0;0.0;0.0;180.18;0.0;0.0;0.0;180.18;Sem contrato;Despesas Correntes;180.18;180.18;0.0;180.18;0.0;2025
150147;CAMPUS PROFESSORA CINOBELINA ELVAS;29293116000148.0;C W N FERREIRA LTDA;M20RKG6000N;ENSINO-GESTAO;339030;Material de Consumo;154048152652025NE000478;15404805900232024 - UASG MINUTA: 154048;2025;2026;0.0;0.0;0.0;3588.0;0.0;0.0;0.0;3588.0;Sem contrato;Despesas Correntes;3588.0;3588.0;0.0;3588.0;0.0;2025
156182;PREFEITURA UNIVERSITARIA;7154037000113.0;NOSSA LUZ INSTALACOES ELETRICAS LTDA;M8282G01CTN;CONTRATOS EM GERAL.;339037;Locação de Mão de Obra;154048152652025NE000480;15404805000062025 - UASG MINUTA: 154048;2025;2026;0.0;0.0;0.0;53103.22;0.0;53103.22;53103.22;159309.66;Com contrato;Despesas Correntes;53103.22;53103.22;53103.22;0.0;53103.22;2025
154103;CAMPUS DO JUNCO/FUFPI;10013974000163.0;SERVFAZ SERVICOS DE MAO DE OBRA LTDA;M20RKG01CTN;CONTRATOS EM GERAL.;339037;Locação de Mão de Obra;154048152652025NE000482;15404805000132025 - UASG MINUTA: 154048;2025;2026;0.0;0.0;0.0;28919.71;0.0;28919.71;28919.71;86759.13;Com contrato;Despesas Correntes;28919.71;28919.71;28919.71;0.0;28919.71;2025
154104;COLEGIO AGRICOLA DE BOM JESUS/FUFPI;10013974000163.0;SERVFAZ SERVICOS DE MAO DE OBRA LTDA;L20RLM01CTN;CONTRATOS EM GERAL DOS COLEGIOS TECNICOS.;339037;Locação de Mão de Obra;154048152652025NE000483;15404805000092025 - UASG MINUTA: 154048;2025;2026;0.0;0.0;0.0;3143.19;0.0;2987.85;2987.85;9118.89;Com contrato;Despesas Correntes;3143.19;3143.19;2987.85;155.34000000000015;2987.85;2025
155079;HOSPITAL VETERINARIO DE BOM JESUS - UFPI;13048109000140.0;SERVIRE AGENCIAMENTO DE MAO DE OBRA LTDA;M20RKG71TBN;HOSPITAL VETERINARIO DE TERESINA E BOM JESUS.;339037;Locação de Mão de Obra;154048152652025NE000484;15404805000202025 - UASG MINUTA: 154048;2025;2026;0.0;0.0;0.0;79.6;0.0;0.0;0.0;79.6;Sem contrato;Despesas Correntes;79.6;79.6;0.0;79.6;0.0;2025
154103;CAMPUS DO JUNCO/FUFPI;10013974000163.0;SERVFAZ SERVICOS DE MAO DE OBRA LTDA;M20RKG01CTN;CONTRATOS EM GERAL.;339037;Locação de Mão de Obra;154048152652025NE000486;15404805000132025 - UASG MINUTA: 154048;2025;2026;0.0;0.0;0.0;679.81;0.0;679.09;679.09;2037.99;Com contrato;Despesas Correntes;679.81;679.81;679.09;0.7199999999999136;679.09;2025
151064;CAMPUS AMILCAR FERREIRA SOBRAL;9019150000111.0;ATD LOCACAO LTDA;M20RKG01CTN;CONTRATOS EM GERAL.;339037;Locação de Mão de Obra;154048152652025NE000489;15404805000142025 - UASG MINUTA: 154048;2025;2026;0.0;0.0;0.0;25950.0;0.0;24652.5;24652.5;75255.0;Com contrato;Despesas Correntes;25950.0;25950.0;24652.5;1297.5;24652.5;2025
154101;COLEGIO AGRICOLA DE TERESINA/FUFPI;13048109000140.0;SERVIRE AGENCIAMENTO DE MAO DE OBRA LTDA;L20RLM01CTN;CONTRATOS EM GERAL DOS COLEGIOS TECNICOS.;339037;Locação de Mão de Obra;154048152652025NE000490;15404805000122025 - UASG MINUTA: 154048;2025;2026;0.0;0.0;0.0;4460.13;0.0;4460.13;4460.13;13380.39;Com contrato;Despesas Correntes;4460.13;4460.13;4460.13;0.0;4460.13;2025
156182;PREFEITURA UNIVERSITARIA;8026009000183.0;LOKAL RENT A CAR LTDA;M20RKG01CTN;CONTRATOS EM GERAL.;339033;Passagens e Despesas com Locomoção;154048152652025NE000491;15404805000212025 - UASG MINUTA: 154048;2025;2026;0.0;0.0;0.0;7408.33;0.0;7408.33;7408.33;22224.99;Com contrato;Despesas Correntes;7408.33;7408.33;7408.33;0.0;7408.33;2025
156182;PREFEITURA UNIVERSITARIA;7154037000113.0;NOSSA LUZ INSTALACOES ELETRICAS LTDA;M8282G01CTN;CONTRATOS EM GERAL.;339033;Passagens e Despesas com Locomoção;154048152652025NE000492;15404805000062025 - UASG MINUTA: 154048;2025;2026;0.0;0.0;0.0;5914.1;0.0;5914.1;5914.1;17742.3;Com contrato;Despesas Correntes;5914.1;5914.1;5914.1;0.0;5914.1;2025
154102;COLEGIO AGRICOLA DE FLRIANO/FUFPI;7721678000102.0;ARAUJO E ARAUJO EMPREENDIMENTOS LTDA;L20RLM01CTN;CONTRATOS EM GERAL DOS COLEGIOS TECNICOS.;339033;Passagens e Despesas com Locomoção;154048152652025NE000494;15404805000272025 - UASG MINUTA: 154048;2025;2026;0.0;0.0;0.0;7366.97;0.0;7366.97;7366.97;22100.91;Com contrato;Despesas Correntes;7366.97;7366.97;7366.97;0.0;7366.97;2025
156182;PREFEITURA UNIVERSITARIA;7154037000113.0;NOSSA LUZ INSTALACOES ELETRICAS LTDA;M8282G01CTN;CONTRATOS EM GERAL.;339030;Material de Consumo;154048152652025NE000495;15404805000062025 - UASG MINUTA: 154048;2025;2026;0.0;0.0;0.0;8891.61;0.0;8891.61;8891.61;26674.83;Com contrato;Despesas Correntes;8891.61;8891.61;8891.61;0.0;8891.61;2025
155079;HOSPITAL VETERINARIO DE BOM JESUS - UFPI;7721678000102.0;ARAUJO E ARAUJO EMPREENDIMENTOS LTDA;M20RKG71TBN;HOSPITAL VETERINARIO DE TERESINA E BOM JESUS.;339033;Passagens e Despesas com Locomoção;154048152652025NE000496;15404805000222025 - UASG MINUTA: 154048;2025;2026;0.0;0.0;0.0;7433.03;0.0;7366.97;7366.97;22166.97;Sem contrato;Despesas Correntes;7433.03;7433.03;7366.97;66.05999999999949;7366.97;2025
154578;PRO-REITORIA DE PESQUISA;42537394000161.0;MUNDIAL NUTRICAO ANIMAL LTDA;M20RKG6000N;ENSINO-GESTAO;339030;Material de Consumo;154048152652025NE000498;15404805900042025 - UASG MINUTA: 154048;2025;2026;0.0;0.0;0.0;20600.0;0.0;20600.0;20600.0;61800.0;Sem contrato;Despesas Correntes;20600.0;20600.0;20600.0;0.0;20600.0;2025
154103;CAMPUS DO JUNCO/FUFPI;47282733000120.0;LEAL EVENTOS LTDA;M20RKG01CTN;CONTRATOS EM GERAL.;339039;Outros Serviços de Terceiros - Pessoa Jurídica;154048152652025NE000499;15404805000112024 - UASG MINUTA: 154048;2025;2026;0.0;0.0;0.0;7375.38;0.0;0.0;0.0;7375.38;Com contrato;Despesas Correntes;7375.38;7375.38;0.0;7375.38;0.0;2025
150147;CAMPUS PROFESSORA CINOBELINA ELVAS;47282733000120.0;LEAL EVENTOS LTDA;M20RKG01CTN;CONTRATOS EM GERAL.;339039;Outros Serviços de Terceiros - Pessoa Jurídica;154048152652025NE000500;15404805000112024 - UASG MINUTA: 154048;2025;2026;0.0;0.0;0.0;8677.87;0.0;0.0;0.0;8677.87;Com contrato;Despesas Correntes;8677.87;8677.87;0.0;8677.87;0.0;2025
151064;CAMPUS AMILCAR FERREIRA SOBRAL;47282733000120.0;LEAL EVENTOS LTDA;M20RKG01CTN;CONTRATOS EM GERAL.;339039;Outros Serviços de Terceiros - Pessoa Jurídica;154048152652025NE000501;15404805000112024 - UASG MINUTA: 154048;2025;2026;0.0;0.0;0.0;5853.94;0.0;0.0;0.0;5853.94;Com contrato;Despesas Correntes;5853.94;5853.94;0.0;5853.94;0.0;2025
154103;CAMPUS DO JUNCO/FUFPI;18717757000166.0;SANTANA DISTRIBUIDORA LTDA;V4002N2300N;RESTAURANTE UNIVERSITARIO E OUTRAS DESPESAS;339030;Material de Consumo;154048152652025NE000502;15404805900092024 - UASG MINUTA: 154048;2025;2026;0.0;0.0;0.0;87941.16;0.0;68618.71;67881.82;224441.69;Sem contrato;Despesas Correntes;87941.16;87941.16;68618.71;19322.449999999997;67881.82;2025
154103;CAMPUS DO JUNCO/FUFPI;1542171000105.0;SILVA & ALVES FRUTOS TROPICAIS LTDA;V4002N2300N;RESTAURANTE UNIVERSITARIO E OUTRAS DESPESAS;339030;Material de Consumo;154048152652025NE000503;15404805900172024 - UASG MINUTA: 154048;2025;2026;0.0;0.0;0.0;29.9;0.0;0.0;0.0;29.9;Sem contrato;Despesas Correntes;29.9;29.9;0.0;29.9;0.0;2025
156180;NUCLEO DE TECNOLOGIA DA INFORMACAO-NTI;5202938000108.0;HC COMUNICACAO DE DADOS LTDA;M8282G01CTN;CONTRATOS EM GERAL.;339040;Serviços de Tecnologia da Informação e Comunicação - pessoa jurídica;154048152652025NE000504;15421505900042024 - UASG MINUTA: 154048;2025;2026;0.0;0.0;0.0;106846.39;0.0;106846.39;106846.39;320539.17;Com contrato;Despesas Correntes;106846.39;106846.39;106846.39;0.0;106846.39;2025
154102;COLEGIO AGRICOLA DE FLRIANO/FUFPI;154048.0;FUNDACAO UNIVERSIDADE FEDERAL DO PIAUI;L2994M23CBN;CONCESSAO DE BOLSAS;339018;Auxílio Financeiro a Estudantes;154048152652025NE000506;SEM INFORMACAO;2025;2026;0.0;0.0;0.0;750.0;0.0;750.0;750.0;2250.0;Sem contrato;Despesas Correntes;750.0;750.0;750.0;0.0;750.0;2025
154101;COLEGIO AGRICOLA DE TERESINA/FUFPI;11436412000195.0;CENTRAL DE FRIOS PIAUI LTDA;L2994M2300N;RESTAURANTE UNIVERSITARIO;339030;Material de Consumo;154048152652025NE000507;15404805900172024 - UASG MINUTA: 154048;2025;2026;0.0;0.0;0.0;48300.0;0.0;48300.0;48300.0;144900.0;Sem contrato;Despesas Correntes;48300.0;48300.0;48300.0;0.0;48300.0;2025
154104;COLEGIO AGRICOLA DE BOM JESUS/FUFPI;40910360000145.0;AJ SERVICOS LTDA;L20RLM01CTN;CONTRATOS EM GERAL DOS COLEGIOS TECNICOS.;339039;Outros Serviços de Terceiros - Pessoa Jurídica;154048152652025NE000510;15404805900022024 - UASG MINUTA: 154048;2025;2026;0.0;0.0;0.0;11100.0;0.0;0.0;0.0;11100.0;Com contrato;Despesas Correntes;11100.0;11100.0;0.0;11100.0;0.0;2025
154102;COLEGIO AGRICOLA DE FLRIANO/FUFPI;18717757000166.0;SANTANA DISTRIBUIDORA LTDA;L2994M2300N;RESTAURANTE UNIVERSITARIO;339030;Material de Consumo;154048152652025NE000513;15404805900172024 - UASG MINUTA: 154048;2025;2026;0.0;0.0;0.0;7323.9;0.0;7323.9;7323.9;21971.7;Sem contrato;Despesas Correntes;7323.9;7323.9;7323.9;0.0;7323.9;2025
154356;PRO-REITORIA ASS.ESTUDANTIS E COMUNITARIOS;11436412000195.0;CENTRAL DE FRIOS PIAUI LTDA;V4002N2300N;RESTAURANTE UNIVERSITARIO E OUTRAS DESPESAS;339030;Material de Consumo;154048152652025NE000514;15404805900172024 - UASG MINUTA: 154048;2025;2026;0.0;0.0;0.0;48903.3;0.0;48903.3;48903.3;146709.9;Sem contrato;Despesas Correntes;48903.3;48903.3;48903.3;0.0;48903.3;2025
154101;COLEGIO AGRICOLA DE TERESINA/FUFPI;7783832000170.0;CRIART SERVICOS DE TERCEIRIZACAO DE MAO DE OBRA LTDA;L20RLM01CTN;CONTRATOS EM GERAL DOS COLEGIOS TECNICOS.;339037;Locação de Mão de Obra;154048152652025NE000517;15404805000172021 - UASG MINUTA: 154048;2025;2026;0.0;0.0;0.0;9290.62;0.0;0.0;0.0;9290.62;Com contrato;Despesas Correntes;9290.62;9290.62;0.0;9290.62;0.0;2025
156182;PREFEITURA UNIVERSITARIA;7721678000102.0;ARAUJO E ARAUJO EMPREENDIMENTOS LTDA;M20RKG01CTN;CONTRATOS EM GERAL.;339033;Passagens e Despesas com Locomoção;154048152652025NE000519;15404805000242025 - UASG MINUTA: 154048;2025;2026;0.0;0.0;0.0;39384.55;0.0;39384.55;39384.55;118153.65;Com contrato;Despesas Correntes;39384.55;39384.55;39384.55;0.0;39384.55;2025
154102;COLEGIO AGRICOLA DE FLRIANO/FUFPI;6234467000182.0;FUTURA SERVICOS PROFISSIONAIS ADMINISTRATIVOS LTDA;L20RLM01CTN;CONTRATOS EM GERAL DOS COLEGIOS TECNICOS.;339037;Locação de Mão de Obra;154048152652025NE000524;15404805000042022 - UASG MINUTA: 154048;2025;2026;0.0;0.0;0.0;64897.22;0.0;53700.65;53700.65;172298.52;Com contrato;Despesas Correntes;64897.22;64897.22;53700.65;11196.57;53700.65;2025
154102;COLEGIO AGRICOLA DE FLRIANO/FUFPI;8644690000123.0;CET-SEG SEGURANCA ARMADA LTDA;L20RLM01CTN;CONTRATOS EM GERAL DOS COLEGIOS TECNICOS.;339037;Locação de Mão de Obra;154048152652025NE000525;15404805000142020 - UASG MINUTA: 154048;2025;2026;0.0;0.0;0.0;4565.66;0.0;4565.66;4565.66;13696.98;Com contrato;Despesas Correntes;4565.66;4565.66;4565.66;0.0;4565.66;2025
154091;PRO-REITORIA DE PLANEJAMENTO/FUFPI;154048.0;FUNDACAO UNIVERSIDADE FEDERAL DO PIAUI;V21GSN21IFN;IDIOMAS SEM FRONTEIRAS;339018;Auxílio Financeiro a Estudantes;154048152652025NE000526;SEM INFORMACAO;2025;2026;0.0;0.0;0.0;14258.0;0.0;14258.0;14258.0;42774.0;Sem contrato;Despesas Correntes;14258.0;14258.0;14258.0;0.0;14258.0;2025
154091;PRO-REITORIA DE PLANEJAMENTO/FUFPI;154048.0;FUNDACAO UNIVERSIDADE FEDERAL DO PIAUI;V21GSN21IFN;IDIOMAS SEM FRONTEIRAS;339018;Auxílio Financeiro a Estudantes;154048152652025NE000527;15421505900042024 - UASG MINUTA: 154048;2025;2026;0.0;0.0;0.0;9000.0;0.0;9000.0;9000.0;27000.0;Sem contrato;Despesas Correntes;9000.0;9000.0;9000.0;0.0;9000.0;2025
154103;CAMPUS DO JUNCO/FUFPI;24471473000135.0;W & G ALIMENTOS LTDA;V4002N2300N;RESTAURANTE UNIVERSITARIO E OUTRAS DESPESAS;339030;Material de Consumo;154048152652025NE000531;15404805900172024 - UASG MINUTA: 154048;2025;2026;0.0;0.0;0.0;17317.5;0.0;16407.5;16407.5;50132.5;Sem contrato;Despesas Correntes;17317.5;17317.5;16407.5;910.0;16407.5;2025
150147;CAMPUS PROFESSORA CINOBELINA ELVAS;18717757000166.0;SANTANA DISTRIBUIDORA LTDA;V4002N2300N;RESTAURANTE UNIVERSITARIO E OUTRAS DESPESAS;339030;Material de Consumo;154048152652025NE000543;15404805900172024 - UASG MINUTA: 154048;2025;2026;0.0;0.0;0.0;7945.55;0.0;7420.55;7420.55;22786.65;Sem contrato;Despesas Correntes;7945.55;7945.55;7420.55;525.0;7420.55;2025
151064;CAMPUS AMILCAR FERREIRA SOBRAL;11436412000195.0;CENTRAL DE FRIOS PIAUI LTDA;V4002N2300N;RESTAURANTE UNIVERSITARIO E OUTRAS DESPESAS;339030;Material de Consumo;154048152652025NE000545;15404805900172024 - UASG MINUTA: 154048;2025;2026;0.0;0.0;0.0;72547.5;0.0;62817.7;62817.7;198182.9;Sem contrato;Despesas Correntes;72547.5;72547.5;62817.7;9729.800000000003;62817.7;2025
154102;COLEGIO AGRICOLA DE FLRIANO/FUFPI;18717757000166.0;SANTANA DISTRIBUIDORA LTDA;L2994M2300N;RESTAURANTE UNIVERSITARIO;339030;Material de Consumo;154048152652025NE000547;15404805900172024 - UASG MINUTA: 154048;2025;2026;0.0;0.0;0.0;7351.1;0.0;0.0;0.0;7351.1;Sem contrato;Despesas Correntes;7351.1;7351.1;0.0;7351.1;0.0;2025
154102;COLEGIO AGRICOLA DE FLRIANO/FUFPI;63505812000109.0;ROBEVALDO ALVES LIMA LTDA;L2994M2300N;RESTAURANTE UNIVERSITARIO;339030;Material de Consumo;154048152652025NE000548;15404805900222024 - UASG MINUTA: 154048;2025;2026;0.0;0.0;0.0;3154.26;0.0;3154.26;3154.26;9462.78;Sem contrato;Despesas Correntes;3154.26;3154.26;3154.26;0.0;3154.26;2025
154102;COLEGIO AGRICOLA DE FLRIANO/FUFPI;154048.0;FUNDACAO UNIVERSIDADE FEDERAL DO PIAUI;L2994M23CBN;CONCESSAO DE BOLSAS;339018;Auxílio Financeiro a Estudantes;154048152652025NE000551;SEM INFORMACAO;2025;2026;0.0;0.0;0.0;1100.0;0.0;1100.0;1100.0;3300.0;Sem contrato;Despesas Correntes;1100.0;1100.0;1100.0;0.0;1100.0;2025
151064;CAMPUS AMILCAR FERREIRA SOBRAL;7721678000102.0;ARAUJO E ARAUJO EMPREENDIMENTOS LTDA;M8282G01CTN;CONTRATOS EM GERAL.;339033;Passagens e Despesas com Locomoção;154048152652025NE000569;15404805900202024 - UASG MINUTA: 154048;2025;2026;0.0;0.0;0.0;9920.94;0.0;9916.66;9916.66;29754.26;Com contrato;Despesas Correntes;9920.94;9920.94;9916.66;4.280000000000655;9916.66;2025
151064;CAMPUS AMILCAR FERREIRA SOBRAL;9019150000111.0;ATD LOCACAO LTDA;M20RKG01CTN;CONTRATOS EM GERAL.;339037;Locação de Mão de Obra;154048152652025NE000570;15404805000142025 - UASG MINUTA: 154048;2025;2026;0.0;0.0;0.0;4350.39;0.0;2900.26;2900.26;10150.91;Com contrato;Despesas Correntes;4350.39;4350.39;2900.26;1450.13;2900.26;2025
154102;COLEGIO AGRICOLA DE FLRIANO/FUFPI;9019150000111.0;ATD LOCACAO LTDA;L20RLM01CTN;CONTRATOS EM GERAL DOS COLEGIOS TECNICOS.;339037;Locação de Mão de Obra;154048152652025NE000571;15404805000192025 - UASG MINUTA: 154048;2025;2026;0.0;0.0;0.0;6723.33;0.0;4877.71;4877.71;16478.75;Com contrato;Despesas Correntes;6723.33;6723.33;4877.71;1845.62;4877.71;2025
154101;COLEGIO AGRICOLA DE TERESINA/FUFPI;154048.0;FUNDACAO UNIVERSIDADE FEDERAL DO PIAUI;L2994M23CBN;CONCESSAO DE BOLSAS;339018;Auxílio Financeiro a Estudantes;154048152652025NE000572;SEM INFORMACAO;2025;2026;0.0;0.0;0.0;291340.18;0.0;291340.18;273450.0;856130.36;Sem contrato;Despesas Correntes;291340.18;291340.18;291340.18;0.0;273450.0;2025
154356;PRO-REITORIA ASS.ESTUDANTIS E COMUNITARIOS;24471473000135.0;W & G ALIMENTOS LTDA;V4002N2300N;RESTAURANTE UNIVERSITARIO E OUTRAS DESPESAS;339030;Material de Consumo;154048152652025NE000579;15404805900172024 - UASG MINUTA: 154048;2025;2026;0.0;0.0;0.0;52875.0;0.0;28829.0;28717.85;110421.85;Sem contrato;Despesas Correntes;52875.0;52875.0;28829.0;24046.0;28717.85;2025
150147;CAMPUS PROFESSORA CINOBELINA ELVAS;7721678000102.0;ARAUJO E ARAUJO EMPREENDIMENTOS LTDA;M20RKG01CTN;CONTRATOS EM GERAL.;339033;Passagens e Despesas com Locomoção;154048152652025NE000580;15404805000052025 - UASG MINUTA: 154048;2025;2026;0.0;0.0;0.0;18918.25;0.0;17283.65;17283.65;53485.55;Com contrato;Despesas Correntes;18918.25;18918.25;17283.65;1634.5999999999985;17283.65;2025
156182;PREFEITURA UNIVERSITARIA;6840748000189.0;EQUATORIAL PIAUI DISTRIBUIDORA DE ENERGIA S.A;M20RKG01CTN;CONTRATOS EM GERAL.;339039;Outros Serviços de Terceiros - Pessoa Jurídica;154048152652025NE000594;15404807000512025 - UASG MINUTA: 154048;2025;2026;0.0;0.0;0.0;170005.96;0.0;170005.96;170005.96;510017.88;Com contrato;Despesas Correntes;170005.96;170005.96;170005.96;0.0;170005.96;2025
151064;CAMPUS AMILCAR FERREIRA SOBRAL;6840748000189.0;EQUATORIAL PIAUI DISTRIBUIDORA DE ENERGIA S.A;M20RKG01CTN;CONTRATOS EM GERAL.;339039;Outros Serviços de Terceiros - Pessoa Jurídica;154048152652025NE000595;15404807000512025 - UASG MINUTA: 154048;2025;2026;0.0;0.0;0.0;179998.61;0.0;179998.61;179998.61;539995.83;Com contrato;Despesas Correntes;179998.61;179998.61;179998.61;0.0;179998.61;2025
154103;CAMPUS DO JUNCO/FUFPI;6840748000189.0;EQUATORIAL PIAUI DISTRIBUIDORA DE ENERGIA S.A;M20RKG01CTN;CONTRATOS EM GERAL.;339039;Outros Serviços de Terceiros - Pessoa Jurídica;154048152652025NE000596;15404807000512025 - UASG MINUTA: 154048;2025;2026;0.0;0.0;0.0;10011.36;0.0;10011.36;10011.36;30034.08;Com contrato;Despesas Correntes;10011.36;10011.36;10011.36;0.0;10011.36;2025
150147;CAMPUS PROFESSORA CINOBELINA ELVAS;6840748000189.0;EQUATORIAL PIAUI DISTRIBUIDORA DE ENERGIA S.A;M20RKG01CTN;CONTRATOS EM GERAL.;339039;Outros Serviços de Terceiros - Pessoa Jurídica;154048152652025NE000597;15404807000512025 - UASG MINUTA: 154048;2025;2026;0.0;0.0;0.0;79435.92;0.0;79435.92;79435.92;238307.76;Com contrato;Despesas Correntes;79435.92;79435.92;79435.92;0.0;79435.92;2025
154356;PRO-REITORIA ASS.ESTUDANTIS E COMUNITARIOS;1542171000105.0;SILVA & ALVES FRUTOS TROPICAIS LTDA;V4002N2300N;RESTAURANTE UNIVERSITARIO E OUTRAS DESPESAS;339030;Material de Consumo;154048152652025NE000601;15404805900172024 - UASG MINUTA: 154048;2025;2026;0.0;0.0;0.0;2948.4;0.0;2948.4;2948.4;8845.2;Sem contrato;Despesas Correntes;2948.4;2948.4;2948.4;0.0;2948.4;2025
154104;COLEGIO AGRICOLA DE BOM JESUS/FUFPI;14485215000154.0;COMERCIAL COIMBRENSE LTDA;L20RLM6000N;COLEGIOS TECNICOS DA UFPI;339030;Material de Consumo;154048152652025NE000602;15404805900182024 - UASG MINUTA: 154048;2025;2026;0.0;0.0;0.0;2610.0;0.0;2610.0;2610.0;7830.0;Sem contrato;Despesas Correntes;2610.0;2610.0;2610.0;0.0;2610.0;2025
154087;PRO-REITORIA DE ADMINISTRACAOFUFPI;24240278000102.0;AGUA VIENA LTDA;M20RKG6000N;ENSINO-GESTAO;339030;Material de Consumo;154048152652025NE000617;15404805900122024 - UASG MINUTA: 154048;2025;2026;0.0;0.0;0.0;21975.0;0.0;0.0;0.0;21975.0;Sem contrato;Despesas Correntes;21975.0;21975.0;0.0;21975.0;0.0;2025
154098;CENTRO DE CIENCAS AGRARIAS/FUFPI;14485215000154.0;COMERCIAL COIMBRENSE LTDA;M20RKG6000N;ENSINO-GESTAO;339030;Material de Consumo;154048152652025NE000628;15404805900182024 - UASG MINUTA: 154048;2025;2026;0.0;0.0;0.0;3550.0;0.0;3550.0;3550.0;10650.0;Sem contrato;Despesas Correntes;3550.0;3550.0;3550.0;0.0;3550.0;2025
155079;HOSPITAL VETERINARIO DE BOM JESUS - UFPI;40910360000145.0;AJ SERVICOS LTDA;M20RKG71TBN;HOSPITAL VETERINARIO DE TERESINA E BOM JESUS.;339039;Outros Serviços de Terceiros - Pessoa Jurídica;154048152652025NE000634;15404805900022024 - UASG MINUTA: 154048;2025;2026;0.0;0.0;0.0;5962.96;0.0;4472.16;4472.16;14907.28;Sem contrato;Despesas Correntes;5962.96;5962.96;4472.16;1490.8000000000002;4472.16;2025
154098;CENTRO DE CIENCAS AGRARIAS/FUFPI;23262384000116.0;GLAUCIO & DEODATA AGRONEGOCIOS LTDA;M20RKG6000N;ENSINO-GESTAO;339030;Material de Consumo;154048152652025NE000636;15404805900182024 - UASG MINUTA: 154048;2025;2026;0.0;0.0;0.0;13067.1;0.0;13067.1;13067.1;39201.3;Sem contrato;Despesas Correntes;13067.1;13067.1;13067.1;0.0;13067.1;2025
154356;PRO-REITORIA ASS.ESTUDANTIS E COMUNITARIOS;63505812000109.0;ROBEVALDO ALVES LIMA LTDA;V4002N2300N;RESTAURANTE UNIVERSITARIO E OUTRAS DESPESAS;339030;Material de Consumo;154048152652025NE000637;15404805900172024 - UASG MINUTA: 154048;2025;2026;0.0;0.0;0.0;8535.25;0.0;8535.25;8535.25;25605.75;Sem contrato;Despesas Correntes;8535.25;8535.25;8535.25;0.0;8535.25;2025
154097;CENTRO DE CIENCAS DA EDUCACAO/FUFPI;42676495000113.0;GIGA INFOMUSIC LTDA;M8282G6000N;REESTRUTURACAO E MODERNIZACAO DAS IFES;339030;Material de Consumo;154048152652025NE000640;15404805900032025 - UASG MINUTA: 154048;2025;2026;0.0;0.0;0.0;6905.0;0.0;6905.0;6905.0;20715.0;Sem contrato;Despesas Correntes;6905.0;6905.0;6905.0;0.0;6905.0;2025
156182;PREFEITURA UNIVERSITARIA;10013974000163.0;SERVFAZ SERVICOS DE MAO DE OBRA LTDA;M20RKG01CTN;CONTRATOS EM GERAL.;339037;Locação de Mão de Obra;154048152652025NE000642;15404805900192024 - UASG MINUTA: 154048;2025;2026;0.0;0.0;0.0;13806.6;0.0;13806.6;13806.6;41419.8;Com contrato;Despesas Correntes;13806.6;13806.6;13806.6;0.0;13806.6;2025
156182;PREFEITURA UNIVERSITARIA;10013974000163.0;SERVFAZ SERVICOS DE MAO DE OBRA LTDA;M20RKG01CTN;CONTRATOS EM GERAL.;339037;Locação de Mão de Obra;154048152652025NE000644;15404805900192024 - UASG MINUTA: 154048;2025;2026;0.0;0.0;0.0;20.2;0.0;20.19;20.19;60.58;Com contrato;Despesas Correntes;20.2;20.2;20.19;0.00999999999999801;20.19;2025
154097;CENTRO DE CIENCAS DA EDUCACAO/FUFPI;18047657000170.0;ALESSANDRA B. TONIETTI INSTRUMENTOS MUSICAIS;M8282G6000N;REESTRUTURACAO E MODERNIZACAO DAS IFES;339030;Material de Consumo;154048152652025NE000645;15404805900032025 - UASG MINUTA: 154048;2025;2026;0.0;0.0;0.0;2815.4;0.0;2815.4;2815.4;8446.2;Sem contrato;Despesas Correntes;2815.4;2815.4;2815.4;0.0;2815.4;2025
150147;CAMPUS PROFESSORA CINOBELINA ELVAS;18717757000166.0;SANTANA DISTRIBUIDORA LTDA;V4002N2300N;RESTAURANTE UNIVERSITARIO E OUTRAS DESPESAS;339030;Material de Consumo;154048152652025NE000646;15404805900092024 - UASG MINUTA: 154048;2025;2026;0.0;0.0;0.0;19459.0;0.0;19459.0;19459.0;58377.0;Sem contrato;Despesas Correntes;19459.0;19459.0;19459.0;0.0;19459.0;2025
154356;PRO-REITORIA ASS.ESTUDANTIS E COMUNITARIOS;19568836000115.0;L & C COMERCIO DE ALIMENTOS LTDA;V4002N2300N;RESTAURANTE UNIVERSITARIO E OUTRAS DESPESAS;339030;Material de Consumo;154048152652025NE000647;15404805900172024 - UASG MINUTA: 154048;2025;2026;0.0;0.0;0.0;79093.5;0.0;79093.5;79093.5;237280.5;Sem contrato;Despesas Correntes;79093.5;79093.5;79093.5;0.0;79093.5;2025
154356;PRO-REITORIA ASS.ESTUDANTIS E COMUNITARIOS;10721795000180.0;POTY COMERCIO E SERVICOS LTDA;V4002N2300N;RESTAURANTE UNIVERSITARIO E OUTRAS DESPESAS;339030;Material de Consumo;154048152652025NE000648;15404805900092024 - UASG MINUTA: 154048;2025;2026;0.0;0.0;0.0;154403.0;0.0;154403.0;154403.0;463209.0;Sem contrato;Despesas Correntes;154403.0;154403.0;154403.0;0.0;154403.0;2025
154356;PRO-REITORIA ASS.ESTUDANTIS E COMUNITARIOS;24471473000135.0;W & G ALIMENTOS LTDA;V4002N2300N;RESTAURANTE UNIVERSITARIO E OUTRAS DESPESAS;339030;Material de Consumo;154048152652025NE000649;15404805900172024 - UASG MINUTA: 154048;2025;2026;0.0;0.0;0.0;118110.5;0.0;118110.5;118110.5;354331.5;Sem contrato;Despesas Correntes;118110.5;118110.5;118110.5;0.0;118110.5;2025
150147;CAMPUS PROFESSORA CINOBELINA ELVAS;18717757000166.0;SANTANA DISTRIBUIDORA LTDA;V4002N2300N;RESTAURANTE UNIVERSITARIO E OUTRAS DESPESAS;339030;Material de Consumo;154048152652025NE000650;15404805900172024 - UASG MINUTA: 154048;2025;2026;0.0;0.0;0.0;16018.6;0.0;15043.0;15043.0;46104.6;Sem contrato;Despesas Correntes;16018.6;16018.6;15043.0;975.6000000000004;15043.0;2025
154356;PRO-REITORIA ASS.ESTUDANTIS E COMUNITARIOS;18717757000166.0;SANTANA DISTRIBUIDORA LTDA;V4002N2300N;RESTAURANTE UNIVERSITARIO E OUTRAS DESPESAS;339030;Material de Consumo;154048152652025NE000657;15404805900222024 - UASG MINUTA: 154048;2025;2026;0.0;0.0;0.0;88497.0;0.0;70550.85;69854.25;228902.1;Sem contrato;Despesas Correntes;88497.0;88497.0;70550.85;17946.149999999994;69854.25;2025
150147;CAMPUS PROFESSORA CINOBELINA ELVAS;18717757000166.0;SANTANA DISTRIBUIDORA LTDA;V4002N2300N;RESTAURANTE UNIVERSITARIO E OUTRAS DESPESAS;339030;Material de Consumo;154048152652025NE000658;15404805900092024 - UASG MINUTA: 154048;2025;2026;0.0;0.0;0.0;27474.9;0.0;20453.16;20277.62;68205.68;Sem contrato;Despesas Correntes;27474.9;27474.9;20453.16;7021.740000000002;20277.62;2025
150147;CAMPUS PROFESSORA CINOBELINA ELVAS;53256763000164.0;PROGAS DISTRIBUIDORA DE GAS E AGUA LTDA;V4002N2300N;RESTAURANTE UNIVERSITARIO E OUTRAS DESPESAS;339030;Material de Consumo;154048152652025NE000659;15404805900232024 - UASG MINUTA: 154048;2025;2026;0.0;0.0;0.0;2940.3;0.0;2940.3;2940.3;8820.9;Sem contrato;Despesas Correntes;2940.3;2940.3;2940.3;0.0;2940.3;2025
150147;CAMPUS PROFESSORA CINOBELINA ELVAS;63505812000109.0;ROBEVALDO ALVES LIMA LTDA;V4002N2300N;RESTAURANTE UNIVERSITARIO E OUTRAS DESPESAS;339030;Material de Consumo;154048152652025NE000661;15404805900222024 - UASG MINUTA: 154048;2025;2026;0.0;0.0;0.0;6265.27;0.0;6231.47;6231.47;18728.21;Sem contrato;Despesas Correntes;6265.27;6265.27;6231.47;33.80000000000018;6231.47;2025
156182;PREFEITURA UNIVERSITARIA;21992832000101.0;PONTUAL SERVICOS GERAIS LTDA;M20RKG01CTN;CONTRATOS EM GERAL.;339037;Locação de Mão de Obra;154048152652025NE000662;15404806900022025 - UASG MINUTA: 154048;2025;2026;0.0;0.0;0.0;906759.94;0.0;906759.94;906759.94;2720279.82;Com contrato;Despesas Correntes;906759.94;906759.94;906759.94;0.0;906759.94;2025
150147;CAMPUS PROFESSORA CINOBELINA ELVAS;63505812000109.0;ROBEVALDO ALVES LIMA LTDA;V4002N2300N;RESTAURANTE UNIVERSITARIO E OUTRAS DESPESAS;339030;Material de Consumo;154048152652025NE000664;15404805900172024 - UASG MINUTA: 154048;2025;2026;0.0;0.0;0.0;3625.7;0.0;3625.7;3625.7;10877.1;Sem contrato;Despesas Correntes;3625.7;3625.7;3625.7;0.0;3625.7;2025
150147;CAMPUS PROFESSORA CINOBELINA ELVAS;63505812000109.0;ROBEVALDO ALVES LIMA LTDA;V4002N2300N;RESTAURANTE UNIVERSITARIO E OUTRAS DESPESAS;339030;Material de Consumo;154048152652025NE000665;15404805900092024 - UASG MINUTA: 154048;2025;2026;0.0;0.0;0.0;48784.3;0.0;30929.35;30929.35;110643.0;Sem contrato;Despesas Correntes;48784.3;48784.3;30929.35;17854.950000000004;30929.35;2025
154103;CAMPUS DO JUNCO/FUFPI;63505812000109.0;ROBEVALDO ALVES LIMA LTDA;V4002N2300N;RESTAURANTE UNIVERSITARIO E OUTRAS DESPESAS;339030;Material de Consumo;154048152652025NE000666;15404805900092024 - UASG MINUTA: 154048;2025;2026;0.0;0.0;0.0;6574.7;0.0;6110.7;6110.7;18796.1;Sem contrato;Despesas Correntes;6574.7;6574.7;6110.7;464.0;6110.7;2025
154103;CAMPUS DO JUNCO/FUFPI;63505812000109.0;ROBEVALDO ALVES LIMA LTDA;V4002N2300N;RESTAURANTE UNIVERSITARIO E OUTRAS DESPESAS;339030;Material de Consumo;154048152652025NE000667;15404805900222024 - UASG MINUTA: 154048;2025;2026;0.0;0.0;0.0;9010.9;0.0;9010.9;9010.9;27032.7;Sem contrato;Despesas Correntes;9010.9;9010.9;9010.9;0.0;9010.9;2025
154104;COLEGIO AGRICOLA DE BOM JESUS/FUFPI;13245525000139.0;GERAWATTS ENGENHARIA LTDA;L20RLP01CTN;CONTRATOS DE MANUTENCAO DOS COLEGIOS TECNICOS;339039;Outros Serviços de Terceiros - Pessoa Jurídica;154048152652025NE000673;15404805000542019 - UASG MINUTA: 154048;2025;2026;0.0;0.0;0.0;360.27;0.0;296.86;296.86;953.99;Com contrato;Despesas Correntes;360.27;360.27;296.86;63.40999999999997;296.86;2025
151064;CAMPUS AMILCAR FERREIRA SOBRAL;18717757000166.0;SANTANA DISTRIBUIDORA LTDA;V4002N2300N;RESTAURANTE UNIVERSITARIO E OUTRAS DESPESAS;339030;Material de Consumo;154048152652025NE000674;15404805900092024 - UASG MINUTA: 154048;2025;2026;0.0;0.0;0.0;17237.86;0.0;17237.86;17237.86;51713.58;Sem contrato;Despesas Correntes;17237.86;17237.86;17237.86;0.0;17237.86;2025
154578;PRO-REITORIA DE PESQUISA;44791692000109.0;44.791.692 VANESSA DE OLIVEIRA BARROS;M20RKG6000N;ENSINO-GESTAO;339030;Material de Consumo;154048152652025NE000685;15404805900042025 - UASG MINUTA: 154048;2025;2026;0.0;0.0;0.0;763.6;0.0;763.6;763.6;2290.8;Sem contrato;Despesas Correntes;763.6;763.6;763.6;0.0;763.6;2025
156181;SUPERINTENDENCIA DE COMUNICACAO SOCIAL;29261229000161.0;ASSOCIACAO BRASILEIRA DE EDITORES CIENTIFICOS;M20RKG01CTN;CONTRATOS EM GERAL.;339039;Outros Serviços de Terceiros - Pessoa Jurídica;154048152652025NE000689;15404807000612025 - UASG MINUTA: 154048;2025;2026;0.0;0.0;0.0;9217.15;0.0;4867.26;4867.26;18951.67;Com contrato;Despesas Correntes;9217.15;9217.15;4867.26;4349.889999999999;4867.26;2025
150147;CAMPUS PROFESSORA CINOBELINA ELVAS;10661512000152.0;PISCIS INDUSTRIA E COMERCIO LTDA;M20RKG6000N;ENSINO-GESTAO;339030;Material de Consumo;154048152652025NE000690;15404805900182024 - UASG MINUTA: 154048;2025;2026;0.0;0.0;0.0;21550.0;0.0;0.0;0.0;21550.0;Sem contrato;Despesas Correntes;21550.0;21550.0;0.0;21550.0;0.0;2025
154101;COLEGIO AGRICOLA DE TERESINA/FUFPI;87883807000106.0;MBM SEGURADORA SA;L20RLM01CTN;CONTRATOS EM GERAL DOS COLEGIOS TECNICOS.;339039;Outros Serviços de Terceiros - Pessoa Jurídica;154048152652025NE000696;15404805000102022 - UASG MINUTA: 154048;2025;2026;0.0;0.0;0.0;747.32;0.0;743.32;736.91;2227.55;Com contrato;Despesas Correntes;747.32;747.32;743.32;4.0;736.91;2025
156182;PREFEITURA UNIVERSITARIA;26905527000159.0;VALDEMAR DA SILVA DO NASCIMENTO;M8282G01CTN;CONTRATOS EM GERAL.;339030;Material de Consumo;154048152652025NE000699;20039005900062025 - UASG MINUTA: 154048;2025;2026;0.0;0.0;0.0;6500.06;0.0;5874.0;5874.0;18248.06;Com contrato;Despesas Correntes;6500.06;6500.06;5874.0;626.0600000000004;5874.0;2025
156182;PREFEITURA UNIVERSITARIA;26905527000159.0;VALDEMAR DA SILVA DO NASCIMENTO;M8282G01CTN;CONTRATOS EM GERAL.;339039;Outros Serviços de Terceiros - Pessoa Jurídica;154048152652025NE000700;20039005900062025 - UASG MINUTA: 154048;2025;2026;0.0;0.0;0.0;13538.7;0.0;13520.44;13520.44;40579.58;Com contrato;Despesas Correntes;13538.7;13538.7;13520.44;18.26000000000022;13520.44;2025
154087;PRO-REITORIA DE ADMINISTRACAOFUFPI;50445599000145.0;K2M MAQUINAS LTDA;M20RKG6000N;ENSINO-GESTAO;449052;Equipamentos e Material Permanente;154048152652025NE000702;15404805900082024 - UASG MINUTA: 154048;2025;2026;0.0;0.0;0.0;24000.9;0.0;24000.9;24000.9;72002.7;Sem contrato;Despesas de Capital;24000.9;24000.9;24000.9;0.0;24000.9;2025
150147;CAMPUS PROFESSORA CINOBELINA ELVAS;11436412000195.0;CENTRAL DE FRIOS PIAUI LTDA;V4002N2300N;RESTAURANTE UNIVERSITARIO E OUTRAS DESPESAS;339030;Material de Consumo;154048152652025NE000708;15404805900172024 - UASG MINUTA: 154048;2025;2026;0.0;0.0;0.0;398607.1;0.0;323538.9;309757.26;1031903.26;Sem contrato;Despesas Correntes;398607.1;398607.1;323538.9;75068.19999999995;309757.26;2025
151064;CAMPUS AMILCAR FERREIRA SOBRAL;3756971000154.0;FP COMERCIO DE GAS LTDA;V4002N2300N;RESTAURANTE UNIVERSITARIO E OUTRAS DESPESAS;339030;Material de Consumo;154048152652025NE000709;15404805900112024 - UASG MINUTA: 154048;2025;2026;0.0;0.0;0.0;66814.22;0.0;50805.0;50805.0;168424.22;Sem contrato;Despesas Correntes;66814.22;66814.22;50805.0;16009.220000000001;50805.0;2025
154087;PRO-REITORIA DE ADMINISTRACAOFUFPI;36003671000153.0;CONSULTRE CONSULTORIA E TREINAMENTO LTDA;V4572N5600N;TREINAMENTO DE SERVIDORES     .;339039;Outros Serviços de Terceiros - Pessoa Jurídica;154048152652025NE000712;15404807001082025 - UASG MINUTA: 154048;2025;2026;0.0;0.0;0.0;1407.0;0.0;0.0;0.0;1407.0;Sem contrato;Despesas Correntes;1407.0;1407.0;0.0;1407.0;0.0;2025
154356;PRO-REITORIA ASS.ESTUDANTIS E COMUNITARIOS;3756971000154.0;FP COMERCIO DE GAS LTDA;V4002N2300N;RESTAURANTE UNIVERSITARIO E OUTRAS DESPESAS;339030;Material de Consumo;154048152652025NE000713;15404805900112024 - UASG MINUTA: 154048;2025;2026;0.0;0.0;0.0;287516.64;0.0;246153.6;210065.72;743735.96;Sem contrato;Despesas Correntes;287516.64;287516.64;246153.6;41363.04000000001;210065.72;2025
151064;CAMPUS AMILCAR FERREIRA SOBRAL;37827616000140.0;EASWELL ENGENHARIA LTDA;M20RKG01CTN;CONTRATOS EM GERAL.;339039;Outros Serviços de Terceiros - Pessoa Jurídica;154048152652025NE000714;15404805000162023 - UASG MINUTA: 154048;2025;2026;0.0;0.0;0.0;7414.2;0.0;5041.66;5041.66;17497.52;Com contrato;Despesas Correntes;7414.2;7414.2;5041.66;2372.54;5041.66;2025
151667;CENTRO DE ENSINO A DISTANCIA;87883807000106.0;MBM SEGURADORA SA;M20RKG01CTN;CONTRATOS EM GERAL.;339039;Outros Serviços de Terceiros - Pessoa Jurídica;154048152652025NE000716;15404805000052023 - UASG MINUTA: 154048;2025;2026;0.0;0.0;0.0;5602.5;0.0;5204.85;5204.85;16012.2;Com contrato;Despesas Correntes;5602.5;5602.5;5204.85;397.64999999999964;5204.85;2025
154088;PRO-REITORIA DE ENSINOFUFPI;87883807000106.0;MBM SEGURADORA SA;M20RKG01CTN;CONTRATOS EM GERAL.;339039;Outros Serviços de Terceiros - Pessoa Jurídica;154048152652025NE000717;15404805000052023 - UASG MINUTA: 154048;2025;2026;0.0;0.0;0.0;4516.96;0.0;0.0;0.0;4516.96;Com contrato;Despesas Correntes;4516.96;4516.96;0.0;4516.96;0.0;2025
154104;COLEGIO AGRICOLA DE BOM JESUS/FUFPI;14768911000178.0;HIGICLEAN TECNOLOGIA EM HIGIENIZACAO E CONSERVACAO LTDA;L20RLM01CTN;CONTRATOS EM GERAL DOS COLEGIOS TECNICOS.;339037;Locação de Mão de Obra;154048152652025NE000718;15404805900092025 - UASG MINUTA: 154048;2025;2026;0.0;0.0;0.0;4343.42;0.0;0.0;0.0;4343.42;Com contrato;Despesas Correntes;4343.42;4343.42;0.0;4343.42;0.0;2025
150147;CAMPUS PROFESSORA CINOBELINA ELVAS;47282733000120.0;LEAL EVENTOS LTDA;M8282G01CTN;CONTRATOS EM GERAL.;339039;Outros Serviços de Terceiros - Pessoa Jurídica;154048152652025NE000719;15404805000112024 - UASG MINUTA: 154048;2025;2026;0.0;0.0;0.0;209.99;0.0;0.0;0.0;209.99;Com contrato;Despesas Correntes;209.99;209.99;0.0;209.99;0.0;2025
151064;CAMPUS AMILCAR FERREIRA SOBRAL;47282733000120.0;LEAL EVENTOS LTDA;M8282G01CTN;CONTRATOS EM GERAL.;339039;Outros Serviços de Terceiros - Pessoa Jurídica;154048152652025NE000720;15404805000112024 - UASG MINUTA: 154048;2025;2026;0.0;0.0;0.0;1386.77;0.0;0.0;0.0;1386.77;Com contrato;Despesas Correntes;1386.77;1386.77;0.0;1386.77;0.0;2025
156181;SUPERINTENDENCIA DE COMUNICACAO SOCIAL;47282733000120.0;LEAL EVENTOS LTDA;M8282G01CTN;CONTRATOS EM GERAL.;339039;Outros Serviços de Terceiros - Pessoa Jurídica;154048152652025NE000722;15404805000112024 - UASG MINUTA: 154048;2025;2026;0.0;0.0;0.0;8737.57;0.0;8730.48;8730.48;26198.53;Com contrato;Despesas Correntes;8737.57;8737.57;8730.48;7.0900000000001455;8730.48;2025
154356;PRO-REITORIA ASS.ESTUDANTIS E COMUNITARIOS;24471473000135.0;W & G ALIMENTOS LTDA;V4002N2300N;RESTAURANTE UNIVERSITARIO E OUTRAS DESPESAS;339092;Despesas de Exercícios Anteriores;154048152652025NE000723;SEM INFORMACAO;2025;2026;0.0;0.0;0.0;0.34;0.0;0.0;0.0;0.34;Sem contrato;Despesas Correntes;0.34;0.34;0.0;0.34;0.0;2025
154356;PRO-REITORIA ASS.ESTUDANTIS E COMUNITARIOS;11436412000195.0;CENTRAL DE FRIOS PIAUI LTDA;V4002N2300N;RESTAURANTE UNIVERSITARIO E OUTRAS DESPESAS;339030;Material de Consumo;154048152652025NE000728;15404805900172024 - UASG MINUTA: 154048;2025;2026;0.0;0.0;0.0;510282.37;0.0;490116.27;489932.17;1490330.81;Sem contrato;Despesas Correntes;510282.37;510282.37;490116.27;20166.099999999977;489932.17;2025
154356;PRO-REITORIA ASS.ESTUDANTIS E COMUNITARIOS;19568836000115.0;L & C COMERCIO DE ALIMENTOS LTDA;V4002N2300N;RESTAURANTE UNIVERSITARIO E OUTRAS DESPESAS;339030;Material de Consumo;154048152652025NE000730;15404805900172024 - UASG MINUTA: 154048;2025;2026;0.0;0.0;0.0;90994.0;0.0;90994.0;90994.0;272982.0;Sem contrato;Despesas Correntes;90994.0;90994.0;90994.0;0.0;90994.0;2025
154356;PRO-REITORIA ASS.ESTUDANTIS E COMUNITARIOS;24471473000135.0;W & G ALIMENTOS LTDA;V4002N2300N;RESTAURANTE UNIVERSITARIO E OUTRAS DESPESAS;339030;Material de Consumo;154048152652025NE000731;15404805900172024 - UASG MINUTA: 154048;2025;2026;0.0;0.0;0.0;240337.0;0.0;55255.39;53385.66;348978.05;Sem contrato;Despesas Correntes;240337.0;240337.0;55255.39;185081.61;53385.66;2025
154356;PRO-REITORIA ASS.ESTUDANTIS E COMUNITARIOS;18717757000166.0;SANTANA DISTRIBUIDORA LTDA;V4002N2300N;RESTAURANTE UNIVERSITARIO E OUTRAS DESPESAS;339030;Material de Consumo;154048152652025NE000734;15404805900092024 - UASG MINUTA: 154048;2025;2026;0.0;0.0;0.0;50815.33;0.0;37336.64;36586.45;124738.42;Sem contrato;Despesas Correntes;50815.33;50815.33;37336.64;13478.690000000002;36586.45;2025
154356;PRO-REITORIA ASS.ESTUDANTIS E COMUNITARIOS;1542171000105.0;SILVA & ALVES FRUTOS TROPICAIS LTDA;V4002N2300N;RESTAURANTE UNIVERSITARIO E OUTRAS DESPESAS;339030;Material de Consumo;154048152652025NE000735;15404805900172024 - UASG MINUTA: 154048;2025;2026;0.0;0.0;0.0;351307.8;0.0;351232.11;351232.11;1053772.02;Sem contrato;Despesas Correntes;351307.8;351307.8;351232.11;75.69000000000233;351232.11;2025
151064;CAMPUS AMILCAR FERREIRA SOBRAL;1542171000105.0;SILVA & ALVES FRUTOS TROPICAIS LTDA;V4002N2300N;RESTAURANTE UNIVERSITARIO E OUTRAS DESPESAS;339030;Material de Consumo;154048152652025NE000736;15404805900172024 - UASG MINUTA: 154048;2025;2026;0.0;0.0;0.0;101756.86;0.0;96762.36;93319.23;291838.45;Sem contrato;Despesas Correntes;101756.86;101756.86;96762.36;4994.5;93319.23;2025
154356;PRO-REITORIA ASS.ESTUDANTIS E COMUNITARIOS;11436412000195.0;CENTRAL DE FRIOS PIAUI LTDA;V4002N2300N;RESTAURANTE UNIVERSITARIO E OUTRAS DESPESAS;339030;Material de Consumo;154048152652025NE000737;15404805900172024 - UASG MINUTA: 154048;2025;2026;0.0;0.0;0.0;453881.55;0.0;440060.06;439498.0;1333439.61;Sem contrato;Despesas Correntes;453881.55;453881.55;440060.06;13821.48999999999;439498.0;2025
151064;CAMPUS AMILCAR FERREIRA SOBRAL;11436412000195.0;CENTRAL DE FRIOS PIAUI LTDA;V4002N2300N;RESTAURANTE UNIVERSITARIO E OUTRAS DESPESAS;339030;Material de Consumo;154048152652025NE000738;15404805900172024 - UASG MINUTA: 154048;2025;2026;0.0;0.0;0.0;450148.21;0.0;324483.33;315499.78;1090131.32;Sem contrato;Despesas Correntes;450148.21;450148.21;324483.33;125664.88;315499.78;2025
154356;PRO-REITORIA ASS.ESTUDANTIS E COMUNITARIOS;1542171000105.0;SILVA & ALVES FRUTOS TROPICAIS LTDA;V4002N2300N;RESTAURANTE UNIVERSITARIO E OUTRAS DESPESAS;339030;Material de Consumo;154048152652025NE000739;15404805900172024 - UASG MINUTA: 154048;2025;2026;0.0;0.0;0.0;82075.0;0.0;70621.8;70057.45;222754.25;Sem contrato;Despesas Correntes;82075.0;82075.0;70621.8;11453.199999999997;70057.45;2025
154356;PRO-REITORIA ASS.ESTUDANTIS E COMUNITARIOS;50456480000178.0;IBBA INDUSTRIA E COMERCIO DE BEBEDOURO LTDA;V4002N6000N;MATERIAL PERMANENTE PARA O PNAES;449052;Equipamentos e Material Permanente;154048152652025NE000740;16035205900082024 - UASG MINUTA: 154048;2025;2026;0.0;0.0;0.0;91900.0;0.0;91900.0;91900.0;275700.0;Sem contrato;Despesas de Capital;91900.0;91900.0;91900.0;0.0;91900.0;2025
151667;CENTRO DE ENSINO A DISTANCIA;10013974000163.0;SERVFAZ SERVICOS DE MAO DE OBRA LTDA;M21D7G22CTN;ENSINO-GESTAO DE CONTRATOS DO CEAD;339037;Locação de Mão de Obra;154048152652025NE000741;15404805000132024 - UASG MINUTA: 154048;2025;2026;0.0;0.0;0.0;99393.76;0.0;99393.76;99393.76;298181.28;Com contrato;Despesas Correntes;99393.76;99393.76;99393.76;0.0;99393.76;2025
154103;CAMPUS DO JUNCO/FUFPI;1542171000105.0;SILVA & ALVES FRUTOS TROPICAIS LTDA;V4002N2300N;RESTAURANTE UNIVERSITARIO E OUTRAS DESPESAS;339030;Material de Consumo;154048152652025NE000742;15404805900172024 - UASG MINUTA: 154048;2025;2026;0.0;0.0;0.0;155564.11;0.0;155563.67;155283.88;466411.66;Sem contrato;Despesas Correntes;155564.11;155564.11;155563.67;0.4399999999732245;155283.88;2025
152660;HOSPITAL VETERINARIO DA UFPI;16724157000108.0;TECHLIFE COMERCIO DE PRODUTOS MEDICOS LTDA;M8282G6000N;REESTRUTURACAO E MODERNIZACAO DAS IFES;449052;Equipamentos e Material Permanente;154048152652025NE000745;15404805900052024 - UASG MINUTA: 154048;2025;2026;0.0;0.0;0.0;75520.0;0.0;75520.0;75520.0;226560.0;Sem contrato;Despesas de Capital;75520.0;75520.0;75520.0;0.0;75520.0;2025
152660;HOSPITAL VETERINARIO DA UFPI;38482591000153.0;SKYLAB COMERCIAL HOSPITALAR LTDA;M20RKG6000N;ENSINO-GESTAO;449052;Equipamentos e Material Permanente;154048152652025NE000748;15404805900052024 - UASG MINUTA: 154048;2025;2026;0.0;0.0;0.0;4526.0;0.0;0.0;0.0;4526.0;Sem contrato;Despesas de Capital;4526.0;4526.0;0.0;4526.0;0.0;2025
152660;HOSPITAL VETERINARIO DA UFPI;20339865000194.0;MARIMAX COMERCIO E IMPORTACAO DE PRODUTOS PARA SAUDE E;M8282G6000N;REESTRUTURACAO E MODERNIZACAO DAS IFES;449052;Equipamentos e Material Permanente;154048152652025NE000749;15404805900052024 - UASG MINUTA: 154048;2025;2026;0.0;0.0;0.0;4295.7;0.0;0.0;0.0;4295.7;Sem contrato;Despesas de Capital;4295.7;4295.7;0.0;4295.7;0.0;2025
154087;PRO-REITORIA DE ADMINISTRACAOFUFPI;3756971000154.0;FP COMERCIO DE GAS LTDA;M20RKG6000N;ENSINO-GESTAO;339030;Material de Consumo;154048152652025NE000750;15404805900112024 - UASG MINUTA: 154048;2025;2026;0.0;0.0;0.0;41493.61;0.0;18299.58;5048.16;64841.35;Sem contrato;Despesas Correntes;41493.61;41493.61;18299.58;23194.03;5048.16;2025
152660;HOSPITAL VETERINARIO DA UFPI;59650556000176.0;MACOM INSTRUMENTAL CIRURGICO INDUSTRIA LTDA;M8282G6000N;REESTRUTURACAO E MODERNIZACAO DAS IFES;449052;Equipamentos e Material Permanente;154048152652025NE000752;15404805900052024 - UASG MINUTA: 154048;2025;2026;0.0;0.0;0.0;48400.0;0.0;48400.0;48400.0;145200.0;Sem contrato;Despesas de Capital;48400.0;48400.0;48400.0;0.0;48400.0;2025
154102;COLEGIO AGRICOLA DE FLRIANO/FUFPI;19588170000167.0;MARIANA MOREIRA ANDRASCHKO LTDA;L20RLM6000N;COLEGIOS TECNICOS DA UFPI;339030;Material de Consumo;154048152652025NE000753;15404805900182024 - UASG MINUTA: 154048;2025;2026;0.0;0.0;0.0;14286.5;0.0;14286.5;14286.5;42859.5;Sem contrato;Despesas Correntes;14286.5;14286.5;14286.5;0.0;14286.5;2025
154098;CENTRO DE CIENCAS AGRARIAS/FUFPI;3444532000106.0;CASA DAS LONAS LTDA.;M20RKG6000N;ENSINO-GESTAO;339030;Material de Consumo;154048152652025NE000759;15404805900062025 - UASG MINUTA: 154048;2025;2026;0.0;0.0;0.0;3553.38;0.0;3553.38;3553.38;10660.14;Sem contrato;Despesas Correntes;3553.38;3553.38;3553.38;0.0;3553.38;2025
154098;CENTRO DE CIENCAS AGRARIAS/FUFPI;11175931000147.0;MASTERFER COMERCIO DE FERRAGENS LTDA;M20RKG6000N;ENSINO-GESTAO;339030;Material de Consumo;154048152652025NE000762;15404805900062025 - UASG MINUTA: 154048;2025;2026;0.0;0.0;0.0;2036.62;0.0;2036.62;2036.62;6109.86;Sem contrato;Despesas Correntes;2036.62;2036.62;2036.62;0.0;2036.62;2025
154103;CAMPUS DO JUNCO/FUFPI;18717757000166.0;SANTANA DISTRIBUIDORA LTDA;V4002N2300N;RESTAURANTE UNIVERSITARIO E OUTRAS DESPESAS;339030;Material de Consumo;154048152652025NE000763;15404805900092024 - UASG MINUTA: 154048;2025;2026;0.0;0.0;0.0;75208.15;0.0;18114.6;17728.54;111051.29;Sem contrato;Despesas Correntes;75208.15;75208.15;18114.6;57093.549999999996;17728.54;2025
154103;CAMPUS DO JUNCO/FUFPI;63505812000109.0;ROBEVALDO ALVES LIMA LTDA;V4002N2300N;RESTAURANTE UNIVERSITARIO E OUTRAS DESPESAS;339030;Material de Consumo;154048152652025NE000764;15404805900172024 - UASG MINUTA: 154048;2025;2026;0.0;0.0;0.0;10885.5;0.0;10885.5;10885.5;32656.5;Sem contrato;Despesas Correntes;10885.5;10885.5;10885.5;0.0;10885.5;2025
154103;CAMPUS DO JUNCO/FUFPI;26549838000122.0;DISTRIBUIDORA DE ALIMENTOS SAO JUDAS TADEU LTDA;V4002N2300N;RESTAURANTE UNIVERSITARIO E OUTRAS DESPESAS;339030;Material de Consumo;154048152652025NE000765;15404805900172024 - UASG MINUTA: 154048;2025;2026;0.0;0.0;0.0;31909.44;0.0;2072.64;2072.64;36054.72;Sem contrato;Despesas Correntes;31909.44;31909.44;2072.64;29836.8;2072.64;2025
154356;PRO-REITORIA ASS.ESTUDANTIS E COMUNITARIOS;18717757000166.0;SANTANA DISTRIBUIDORA LTDA;V4002N2300N;RESTAURANTE UNIVERSITARIO E OUTRAS DESPESAS;339030;Material de Consumo;154048152652025NE000766;15404805900092024 - UASG MINUTA: 154048;2025;2026;0.0;0.0;0.0;238111.36;0.0;238111.36;238111.36;714334.08;Sem contrato;Despesas Correntes;238111.36;238111.36;238111.36;0.0;238111.36;2025
154098;CENTRO DE CIENCAS AGRARIAS/FUFPI;23262384000116.0;GLAUCIO & DEODATA AGRONEGOCIOS LTDA;M20RKG6000N;ENSINO-GESTAO;339030;Material de Consumo;154048152652025NE000767;15404805900062025 - UASG MINUTA: 154048;2025;2026;0.0;0.0;0.0;3461.65;0.0;3461.65;3461.65;10384.95;Sem contrato;Despesas Correntes;3461.65;3461.65;3461.65;0.0;3461.65;2025
154098;CENTRO DE CIENCAS AGRARIAS/FUFPI;51659136000149.0;SOUL DISTRIBUIDORA DE PRODUTOS E EQUIPAMENTOS INDUSTRI;M20RKG6000N;ENSINO-GESTAO;339030;Material de Consumo;154048152652025NE000768;15404805900062025 - UASG MINUTA: 154048;2025;2026;0.0;0.0;0.0;28940.01;0.0;28940.01;28940.01;86820.03;Sem contrato;Despesas Correntes;28940.01;28940.01;28940.01;0.0;28940.01;2025
154087;PRO-REITORIA DE ADMINISTRACAOFUFPI;42771150000149.0;E A ARAUJO DISTRIBUIDORA;M20RKG6000N;ENSINO-GESTAO;339030;Material de Consumo;154048152652025NE000769;15404805900122024 - UASG MINUTA: 154048;2025;2026;0.0;0.0;0.0;8761.0;0.0;0.0;0.0;8761.0;Sem contrato;Despesas Correntes;8761.0;8761.0;0.0;8761.0;0.0;2025
151064;CAMPUS AMILCAR FERREIRA SOBRAL;10721795000180.0;POTY COMERCIO E SERVICOS LTDA;V4002N2300N;RESTAURANTE UNIVERSITARIO E OUTRAS DESPESAS;339030;Material de Consumo;154048152652025NE000770;15404805900092024 - UASG MINUTA: 154048;2025;2026;0.0;0.0;0.0;52598.0;0.0;45951.0;37281.0;135830.0;Sem contrato;Despesas Correntes;52598.0;52598.0;45951.0;6647.0;37281.0;2025
154103;CAMPUS DO JUNCO/FUFPI;10721795000180.0;POTY COMERCIO E SERVICOS LTDA;V4002N2300N;RESTAURANTE UNIVERSITARIO E OUTRAS DESPESAS;339030;Material de Consumo;154048152652025NE000771;15404805900092024 - UASG MINUTA: 154048;2025;2026;0.0;0.0;0.0;88170.0;0.0;61660.22;61660.22;211490.44;Sem contrato;Despesas Correntes;88170.0;88170.0;61660.22;26509.78;61660.22;2025
151064;CAMPUS AMILCAR FERREIRA SOBRAL;8596699000106.0;DB LOCACAO DE VEICULOS LTDA;M8282G01CTN;CONTRATOS EM GERAL.;339033;Passagens e Despesas com Locomoção;154048152652025NE000772;15404805000522023 - UASG MINUTA: 154048;2025;2026;0.0;0.0;0.0;2620.46;0.0;0.0;0.0;2620.46;Com contrato;Despesas Correntes;2620.46;2620.46;0.0;2620.46;0.0;2025
154087;PRO-REITORIA DE ADMINISTRACAOFUFPI;17354297000196.0;CASP ONLINE TREINAMENTOS LTDA;V4572N5600N;TREINAMENTO DE SERVIDORES     .;339039;Outros Serviços de Terceiros - Pessoa Jurídica;154048152652025NE000775;15404807001292025 - UASG MINUTA: 154048;2025;2026;0.0;0.0;0.0;1990.0;0.0;0.0;0.0;1990.0;Sem contrato;Despesas Correntes;1990.0;1990.0;0.0;1990.0;0.0;2025
152660;HOSPITAL VETERINARIO DA UFPI;6234467000182.0;FUTURA SERVICOS PROFISSIONAIS ADMINISTRATIVOS LTDA;M20RKG71TBN;HOSPITAL VETERINARIO DE TERESINA E BOM JESUS.;339037;Locação de Mão de Obra;154048152652025NE000779;15404805000012023 - UASG MINUTA: 154048;2025;2026;0.0;0.0;0.0;178463.8;0.0;178463.8;178463.8;535391.4;Sem contrato;Despesas Correntes;178463.8;178463.8;178463.8;0.0;178463.8;2025
154093;BIBLIOTECA CENTRAL/FUFPI;45546237000100.0;FHS LIVROS LTDA;M8282G9500N;BIBLIOTECA COMUNITARIA;449052;Equipamentos e Material Permanente;154048152652025NE000781;15404805900132025 - UASG MINUTA: 154048;2025;2026;0.0;0.0;0.0;280000.0;0.0;271301.01;271301.01;822602.02;Sem contrato;Despesas de Capital;280000.0;280000.0;271301.01;8698.98999999999;271301.01;2025
156183;SUPERINTENDENCIA DE RECURSOS HUMANOS;154048.0;FUNDACAO UNIVERSIDADE FEDERAL DO PIAUI;V4572N5600N;TREINAMENTO DE SERVIDORES     .;339036;Outros Serviços de Terceiros - Pessoa Física;154048152652025NE000782;SEM INFORMACAO;2025;2026;0.0;0.0;0.0;5981.7;0.0;0.0;0.0;5981.7;Sem contrato;Despesas Correntes;5981.7;5981.7;0.0;5981.7;0.0;2025
151064;CAMPUS AMILCAR FERREIRA SOBRAL;3756971000154.0;FP COMERCIO DE GAS LTDA;M20RKG6000N;ENSINO-GESTAO;339030;Material de Consumo;154048152652025NE000783;15404805900112024 - UASG MINUTA: 154048;2025;2026;0.0;0.0;0.0;3785.6;0.0;1659.84;1659.84;7105.28;Sem contrato;Despesas Correntes;3785.6;3785.6;1659.84;2125.76;1659.84;2025
154104;COLEGIO AGRICOLA DE BOM JESUS/FUFPI;8644690000123.0;CET-SEG SEGURANCA ARMADA LTDA;L20RLM01CTN;CONTRATOS EM GERAL DOS COLEGIOS TECNICOS.;339037;Locação de Mão de Obra;154048152652025NE000784;15404805000152020 - UASG MINUTA: 154048;2025;2026;0.0;0.0;0.0;96613.1;0.0;96613.1;96613.1;289839.3;Com contrato;Despesas Correntes;96613.1;96613.1;96613.1;0.0;96613.1;2025
154103;CAMPUS DO JUNCO/FUFPI;24471473000135.0;W & G ALIMENTOS LTDA;V4002N2300N;RESTAURANTE UNIVERSITARIO E OUTRAS DESPESAS;339030;Material de Consumo;154048152652025NE000785;15404805900172024 - UASG MINUTA: 154048;2025;2026;0.0;0.0;0.0;47705.0;0.0;21769.2;14945.0;84419.2;Sem contrato;Despesas Correntes;47705.0;47705.0;21769.2;25935.8;14945.0;2025
154356;PRO-REITORIA ASS.ESTUDANTIS E COMUNITARIOS;2531343000108.0;ADSERVI - ADMINISTRADORA DE SERVICOS LTDA;V4002N01CTN;CONTRATOS EM GERAL DO RU.;339037;Locação de Mão de Obra;154048152652025NE000786;15404805900022025 - UASG MINUTA: 154048;2025;2026;0.0;0.0;0.0;187645.02;0.0;174941.61;174941.61;537528.24;Com contrato;Despesas Correntes;187645.02;187645.02;174941.61;12703.410000000003;174941.61;2025
154086;ADMINISTRACAO CENTRAL/FUFPI;22881920000107.0;B&M TECNOLOGIA COMERCIO E SERVICOS LTDA;M8282G6000N;REESTRUTURACAO E MODERNIZACAO DAS IFES;449052;Equipamentos e Material Permanente;154048152652025NE000789;15813405900262025 - UASG MINUTA: 154048;2025;2026;0.0;0.0;0.0;744.0;0.0;744.0;744.0;2232.0;Sem contrato;Despesas de Capital;744.0;744.0;744.0;0.0;744.0;2025
150147;CAMPUS PROFESSORA CINOBELINA ELVAS;63505812000109.0;ROBEVALDO ALVES LIMA LTDA;V4002N2300N;RESTAURANTE UNIVERSITARIO E OUTRAS DESPESAS;339030;Material de Consumo;154048152652025NE000790;15404805900092024 - UASG MINUTA: 154048;2025;2026;0.0;0.0;0.0;33971.0;0.0;0.0;0.0;33971.0;Sem contrato;Despesas Correntes;33971.0;33971.0;0.0;33971.0;0.0;2025
150147;CAMPUS PROFESSORA CINOBELINA ELVAS;18717757000166.0;SANTANA DISTRIBUIDORA LTDA;V4002N2300N;RESTAURANTE UNIVERSITARIO E OUTRAS DESPESAS;339030;Material de Consumo;154048152652025NE000791;15404805900092024 - UASG MINUTA: 154048;2025;2026;0.0;0.0;0.0;47850.0;0.0;26796.0;26796.0;101442.0;Sem contrato;Despesas Correntes;47850.0;47850.0;26796.0;21054.0;26796.0;2025
156181;SUPERINTENDENCIA DE COMUNICACAO SOCIAL;29261229000161.0;ASSOCIACAO BRASILEIRA DE EDITORES CIENTIFICOS;M20RKG1900N;ENSINO-GESTAO;339039;Outros Serviços de Terceiros - Pessoa Jurídica;154048152652025NE000793;SEM INFORMACAO;2025;2026;0.0;0.0;0.0;352.06;0.0;0.0;0.0;352.06;Sem contrato;Despesas Correntes;352.06;352.06;0.0;352.06;0.0;2025
156182;PREFEITURA UNIVERSITARIA;40513495000177.0;LIMA & CARVALHO AUTO PECAS LTDA;M20RKG1900N;ENSINO-GESTAO;339039;Outros Serviços de Terceiros - Pessoa Jurídica;154048152652025NE000795;SEM INFORMACAO;2025;2026;0.0;0.0;0.0;151.0;0.0;0.0;0.0;151.0;Sem contrato;Despesas Correntes;151.0;151.0;0.0;151.0;0.0;2025
154104;COLEGIO AGRICOLA DE BOM JESUS/FUFPI;18047657000170.0;ALESSANDRA B. TONIETTI INSTRUMENTOS MUSICAIS;L20RLM6000N;COLEGIOS TECNICOS DA UFPI;339030;Material de Consumo;154048152652025NE000798;15404805900032025 - UASG MINUTA: 154048;2025;2026;0.0;0.0;0.0;315.42;0.0;0.0;0.0;315.42;Sem contrato;Despesas Correntes;315.42;315.42;0.0;315.42;0.0;2025
154099;CENTRO DE TECNOLOGIA/FUFPI;56720428001488.0;ROMI S.A.;M8282G01CTN;CONTRATOS EM GERAL.;339039;Outros Serviços de Terceiros - Pessoa Jurídica;154048152652025NE000807;15404807001092025 - UASG MINUTA: 154048;2025;2026;0.0;0.0;0.0;21071.5;0.0;11862.84;11862.84;44797.18;Com contrato;Despesas Correntes;21071.5;21071.5;11862.84;9208.66;11862.84;2025
154104;COLEGIO AGRICOLA DE BOM JESUS/FUFPI;11436412000195.0;CENTRAL DE FRIOS PIAUI LTDA;L2994M2300N;RESTAURANTE UNIVERSITARIO;339030;Material de Consumo;154048152652025NE000808;15404805900172024 - UASG MINUTA: 154048;2025;2026;0.0;0.0;0.0;484388.45;0.0;216991.46;193397.02;894776.93;Sem contrato;Despesas Correntes;484388.45;484388.45;216991.46;267396.99;193397.02;2025
150147;CAMPUS PROFESSORA CINOBELINA ELVAS;63505812000109.0;ROBEVALDO ALVES LIMA LTDA;V4002N2300N;RESTAURANTE UNIVERSITARIO E OUTRAS DESPESAS;339030;Material de Consumo;154048152652025NE000809;15404805900092024 - UASG MINUTA: 154048;2025;2026;0.0;0.0;0.0;12620.0;0.0;9312.45;9312.45;31244.9;Sem contrato;Despesas Correntes;12620.0;12620.0;9312.45;3307.5499999999993;9312.45;2025
154356;PRO-REITORIA ASS.ESTUDANTIS E COMUNITARIOS;63505812000109.0;ROBEVALDO ALVES LIMA LTDA;V4002N2300N;RESTAURANTE UNIVERSITARIO E OUTRAS DESPESAS;339030;Material de Consumo;154048152652025NE000810;15404805900092024 - UASG MINUTA: 154048;2025;2026;0.0;0.0;0.0;121690.6;0.0;7495.7;7495.7;136682.0;Sem contrato;Despesas Correntes;121690.6;121690.6;7495.7;114194.90000000001;7495.7;2025
151064;CAMPUS AMILCAR FERREIRA SOBRAL;18717757000166.0;SANTANA DISTRIBUIDORA LTDA;V4002N2300N;RESTAURANTE UNIVERSITARIO E OUTRAS DESPESAS;339030;Material de Consumo;154048152652025NE000811;15404805900172024 - UASG MINUTA: 154048;2025;2026;0.0;0.0;0.0;20250.5;0.0;20250.5;20054.37;60555.37;Sem contrato;Despesas Correntes;20250.5;20250.5;20250.5;0.0;20054.37;2025
150147;CAMPUS PROFESSORA CINOBELINA ELVAS;63505812000109.0;ROBEVALDO ALVES LIMA LTDA;V4002N2300N;RESTAURANTE UNIVERSITARIO E OUTRAS DESPESAS;339030;Material de Consumo;154048152652025NE000812;15404805900092024 - UASG MINUTA: 154048;2025;2026;0.0;0.0;0.0;7044.0;0.0;3100.0;3100.0;13244.0;Sem contrato;Despesas Correntes;7044.0;7044.0;3100.0;3944.0;3100.0;2025
154103;CAMPUS DO JUNCO/FUFPI;10013974000163.0;SERVFAZ SERVICOS DE MAO DE OBRA LTDA;V4002N01CTN;CONTRATOS EM GERAL DO RU.;339037;Locação de Mão de Obra;154048152652025NE000813;15404805900022025 - UASG MINUTA: 154048;2025;2026;0.0;0.0;0.0;14213.32;0.0;9610.79;9610.79;33434.9;Com contrato;Despesas Correntes;14213.32;14213.32;9610.79;4602.529999999999;9610.79;2025
150147;CAMPUS PROFESSORA CINOBELINA ELVAS;18717757000166.0;SANTANA DISTRIBUIDORA LTDA;V4002N2300N;RESTAURANTE UNIVERSITARIO E OUTRAS DESPESAS;339030;Material de Consumo;154048152652025NE000814;15404805900172024 - UASG MINUTA: 154048;2025;2026;0.0;0.0;0.0;103695.05;0.0;99562.83;98217.86;301475.74;Sem contrato;Despesas Correntes;103695.05;103695.05;99562.83;4132.220000000001;98217.86;2025
154356;PRO-REITORIA ASS.ESTUDANTIS E COMUNITARIOS;63505812000109.0;ROBEVALDO ALVES LIMA LTDA;V4002N2300N;RESTAURANTE UNIVERSITARIO E OUTRAS DESPESAS;339030;Material de Consumo;154048152652025NE000815;15404805900092024 - UASG MINUTA: 154048;2025;2026;0.0;0.0;0.0;173734.65;0.0;126356.49;126356.49;426447.63;Sem contrato;Despesas Correntes;173734.65;173734.65;126356.49;47378.15999999999;126356.49;2025
156182;PREFEITURA UNIVERSITARIA;10013974000163.0;SERVFAZ SERVICOS DE MAO DE OBRA LTDA;M20RKG01CTN;CONTRATOS EM GERAL.;339037;Locação de Mão de Obra;154048152652025NE000818;15404805000422025 - UASG MINUTA: 154048;2025;2026;0.0;0.0;0.0;92657.63;0.0;92657.63;92657.63;277972.89;Com contrato;Despesas Correntes;92657.63;92657.63;92657.63;0.0;92657.63;2025
151064;CAMPUS AMILCAR FERREIRA SOBRAL;18717757000166.0;SANTANA DISTRIBUIDORA LTDA;V4002N2300N;RESTAURANTE UNIVERSITARIO E OUTRAS DESPESAS;339030;Material de Consumo;154048152652025NE000819;15404805900172024 - UASG MINUTA: 154048;2025;2026;0.0;0.0;0.0;3230.18;0.0;3190.71;3134.83;9555.72;Sem contrato;Despesas Correntes;3230.18;3230.18;3190.71;39.4699999999998;3134.83;2025
154103;CAMPUS DO JUNCO/FUFPI;11436412000195.0;CENTRAL DE FRIOS PIAUI LTDA;V4002N2300N;RESTAURANTE UNIVERSITARIO E OUTRAS DESPESAS;339030;Material de Consumo;154048152652025NE000820;15404805900172024 - UASG MINUTA: 154048;2025;2026;0.0;0.0;0.0;730716.5;0.0;478179.05;471356.67;1680252.22;Sem contrato;Despesas Correntes;730716.5;730716.5;478179.05;252537.45;471356.67;2025
150147;CAMPUS PROFESSORA CINOBELINA ELVAS;63505812000109.0;ROBEVALDO ALVES LIMA LTDA;V4002N2300N;RESTAURANTE UNIVERSITARIO E OUTRAS DESPESAS;339030;Material de Consumo;154048152652025NE000821;15404805900172024 - UASG MINUTA: 154048;2025;2026;0.0;0.0;0.0;7114.5;0.0;1966.7;1966.7;11047.9;Sem contrato;Despesas Correntes;7114.5;7114.5;1966.7;5147.8;1966.7;2025
150147;CAMPUS PROFESSORA CINOBELINA ELVAS;18717757000166.0;SANTANA DISTRIBUIDORA LTDA;V4002N2300N;RESTAURANTE UNIVERSITARIO E OUTRAS DESPESAS;339030;Material de Consumo;154048152652025NE000822;15404805900092024 - UASG MINUTA: 154048;2025;2026;0.0;0.0;0.0;28745.1;0.0;0.0;0.0;28745.1;Sem contrato;Despesas Correntes;28745.1;28745.1;0.0;28745.1;0.0;2025
154356;PRO-REITORIA ASS.ESTUDANTIS E COMUNITARIOS;18717757000166.0;SANTANA DISTRIBUIDORA LTDA;V4002N2300N;RESTAURANTE UNIVERSITARIO E OUTRAS DESPESAS;339030;Material de Consumo;154048152652025NE000823;15404805900222024 - UASG MINUTA: 154048;2025;2026;0.0;0.0;0.0;53563.0;0.0;1394.5;1394.5;56352.0;Sem contrato;Despesas Correntes;53563.0;53563.0;1394.5;52168.5;1394.5;2025
154356;PRO-REITORIA ASS.ESTUDANTIS E COMUNITARIOS;19661853000100.0;S3 SERVICOS LTDA;V4002N01CTN;CONTRATOS EM GERAL DO RU.;339037;Locação de Mão de Obra;154048152652025NE000824;15404805000352025 - UASG MINUTA: 154048;2025;2026;0.0;0.0;0.0;81930.89;0.0;80264.29;80264.29;242459.47;Com contrato;Despesas Correntes;81930.89;81930.89;80264.29;1666.6000000000058;80264.29;2025
154103;CAMPUS DO JUNCO/FUFPI;63505812000109.0;ROBEVALDO ALVES LIMA LTDA;V4002N2300N;RESTAURANTE UNIVERSITARIO E OUTRAS DESPESAS;339030;Material de Consumo;154048152652025NE000825;15404805900222024 - UASG MINUTA: 154048;2025;2026;0.0;0.0;0.0;17237.2;0.0;14289.48;14289.48;45816.16;Sem contrato;Despesas Correntes;17237.2;17237.2;14289.48;2947.720000000001;14289.48;2025
151064;CAMPUS AMILCAR FERREIRA SOBRAL;63505812000109.0;ROBEVALDO ALVES LIMA LTDA;V4002N2300N;RESTAURANTE UNIVERSITARIO E OUTRAS DESPESAS;339030;Material de Consumo;154048152652025NE000827;15404805900092024 - UASG MINUTA: 154048;2025;2026;0.0;0.0;0.0;6962.2;0.0;4451.5;2386.0;13799.7;Sem contrato;Despesas Correntes;6962.2;6962.2;4451.5;2510.7;2386.0;2025
151064;CAMPUS AMILCAR FERREIRA SOBRAL;63505812000109.0;ROBEVALDO ALVES LIMA LTDA;V4002N2300N;RESTAURANTE UNIVERSITARIO E OUTRAS DESPESAS;339030;Material de Consumo;154048152652025NE000828;15404805900222024 - UASG MINUTA: 154048;2025;2026;0.0;0.0;0.0;6021.12;0.0;6021.12;6021.12;18063.36;Sem contrato;Despesas Correntes;6021.12;6021.12;6021.12;0.0;6021.12;2025
154356;PRO-REITORIA ASS.ESTUDANTIS E COMUNITARIOS;18717757000166.0;SANTANA DISTRIBUIDORA LTDA;V4002N2300N;RESTAURANTE UNIVERSITARIO E OUTRAS DESPESAS;339030;Material de Consumo;154048152652025NE000830;15404805900092024 - UASG MINUTA: 154048;2025;2026;0.0;0.0;0.0;41300.0;0.0;34713.0;32682.29;108695.29;Sem contrato;Despesas Correntes;41300.0;41300.0;34713.0;6587.0;32682.29;2025
154104;COLEGIO AGRICOLA DE BOM JESUS/FUFPI;42676495000113.0;GIGA INFOMUSIC LTDA;M8282G6000N;REESTRUTURACAO E MODERNIZACAO DAS IFES;449052;Equipamentos e Material Permanente;154048152652025NE000831;15404805900032025 - UASG MINUTA: 154048;2025;2026;0.0;0.0;0.0;525.65;0.0;0.0;0.0;525.65;Sem contrato;Despesas de Capital;525.65;525.65;0.0;525.65;0.0;2025
154578;PRO-REITORIA DE PESQUISA;56636562000180.0;56.636.562 MARCIONE PEREIRA MONTEIRO DIAS;M20RKG6000N;ENSINO-GESTAO;339030;Material de Consumo;154048152652025NE000832;15404805900042025 - UASG MINUTA: 154048;2025;2026;0.0;0.0;0.0;1507.0;0.0;0.0;0.0;1507.0;Sem contrato;Despesas Correntes;1507.0;1507.0;0.0;1507.0;0.0;2025
151064;CAMPUS AMILCAR FERREIRA SOBRAL;20677400000143.0;ALPHA CENTAURO LOCACAO E SERVICOS LTDA;M20RKG01CTN;CONTRATOS EM GERAL.;339037;Locação de Mão de Obra;154048152652025NE000836;15404806001222025 - UASG MINUTA: 154048;2025;2026;0.0;0.0;0.0;27189.28;0.0;27188.37;27188.37;81566.02;Com contrato;Despesas Correntes;27189.28;27189.28;27188.37;0.9099999999998545;27188.37;2025
154103;CAMPUS DO JUNCO/FUFPI;9524545000171.0;WF TECNOLOGIA CIENTIFICA E CONSTRUTORA LTDA;M8282G01CTN;CONTRATOS EM GERAL.;339039;Outros Serviços de Terceiros - Pessoa Jurídica;154048152652025NE000837;15404805900152025 - UASG MINUTA: 154048;2025;2026;0.0;0.0;0.0;44085.72;0.0;44085.72;44085.72;132257.16;Com contrato;Despesas Correntes;44085.72;44085.72;44085.72;0.0;44085.72;2025
154104;COLEGIO AGRICOLA DE BOM JESUS/FUFPI;18717757000166.0;SANTANA DISTRIBUIDORA LTDA;L2994M2300N;RESTAURANTE UNIVERSITARIO;339030;Material de Consumo;154048152652025NE000838;15404805900172024 - UASG MINUTA: 154048;2025;2026;0.0;0.0;0.0;33921.0;0.0;20655.49;20284.66;74861.15;Sem contrato;Despesas Correntes;33921.0;33921.0;20655.49;13265.509999999998;20284.66;2025
154104;COLEGIO AGRICOLA DE BOM JESUS/FUFPI;63505812000109.0;ROBEVALDO ALVES LIMA LTDA;L2994M2300N;RESTAURANTE UNIVERSITARIO;339030;Material de Consumo;154048152652025NE000839;15404805900222024 - UASG MINUTA: 154048;2025;2026;0.0;0.0;0.0;12231.94;0.0;9491.85;9491.85;31215.64;Sem contrato;Despesas Correntes;12231.94;12231.94;9491.85;2740.09;9491.85;2025
151064;CAMPUS AMILCAR FERREIRA SOBRAL;34863017000194.0;PADRAO SERVICOS LTDA;M20RKG01CTN;CONTRATOS EM GERAL.;339037;Locação de Mão de Obra;154048152652025NE000841;15404805000502025 - UASG MINUTA: 154048;2025;2026;0.0;0.0;0.0;207425.5;0.0;201849.62;201849.62;611124.74;Com contrato;Despesas Correntes;207425.5;207425.5;201849.62;5575.880000000005;201849.62;2025
150147;CAMPUS PROFESSORA CINOBELINA ELVAS;18717757000166.0;SANTANA DISTRIBUIDORA LTDA;V4002N2300N;RESTAURANTE UNIVERSITARIO E OUTRAS DESPESAS;339030;Material de Consumo;154048152652025NE000843;15404805900172024 - UASG MINUTA: 154048;2025;2026;0.0;0.0;0.0;103652.55;0.0;0.0;0.0;103652.55;Sem contrato;Despesas Correntes;103652.55;103652.55;0.0;103652.55;0.0;2025
155079;HOSPITAL VETERINARIO DE BOM JESUS - UFPI;13245525000139.0;GERAWATTS ENGENHARIA LTDA;M20RKG71TBN;HOSPITAL VETERINARIO DE TERESINA E BOM JESUS.;339039;Outros Serviços de Terceiros - Pessoa Jurídica;154048152652025NE000844;15404805000542019 - UASG MINUTA: 154048;2025;2026;0.0;0.0;0.0;89.92;0.0;0.0;0.0;89.92;Sem contrato;Despesas Correntes;89.92;89.92;0.0;89.92;0.0;2025
151064;CAMPUS AMILCAR FERREIRA SOBRAL;9524545000171.0;WF TECNOLOGIA CIENTIFICA E CONSTRUTORA LTDA;M8282G01CTN;CONTRATOS EM GERAL.;339039;Outros Serviços de Terceiros - Pessoa Jurídica;154048152652025NE000845;15404805900152025 - UASG MINUTA: 154048;2025;2026;0.0;0.0;0.0;5.18;0.0;0.0;0.0;5.18;Com contrato;Despesas Correntes;5.18;5.18;0.0;5.18;0.0;2025
156182;PREFEITURA UNIVERSITARIA;3369021000177.0;A R 3 SERVICOS LTDA;M20RKG01CTN;CONTRATOS EM GERAL.;339037;Locação de Mão de Obra;154048152652025NE000846;15404806001282025 - UASG MINUTA: 154048;2025;2026;0.0;0.0;0.0;221352.62;0.0;221352.62;221352.62;664057.86;Com contrato;Despesas Correntes;221352.62;221352.62;221352.62;0.0;221352.62;2025
154356;PRO-REITORIA ASS.ESTUDANTIS E COMUNITARIOS;57778437000178.0;COMPRASNET COMERCIAL LTDA;V4002N6000N;MATERIAL PERMANENTE PARA O PNAES;449052;Equipamentos e Material Permanente;154048152652025NE000847;16035205900082024 - UASG MINUTA: 154048;2025;2026;0.0;0.0;0.0;82000.0;0.0;82000.0;82000.0;246000.0;Sem contrato;Despesas de Capital;82000.0;82000.0;82000.0;0.0;82000.0;2025
150147;CAMPUS PROFESSORA CINOBELINA ELVAS;9524545000171.0;WF TECNOLOGIA CIENTIFICA E CONSTRUTORA LTDA;M8282G01CTN;CONTRATOS EM GERAL.;339039;Outros Serviços de Terceiros - Pessoa Jurídica;154048152652025NE000848;15404805900152025 - UASG MINUTA: 154048;2025;2026;0.0;0.0;0.0;29822.44;0.0;29822.44;29822.44;89467.32;Com contrato;Despesas Correntes;29822.44;29822.44;29822.44;0.0;29822.44;2025
150147;CAMPUS PROFESSORA CINOBELINA ELVAS;18471673000195.0;CONSTRUTORA J M EXCELENCIA LTDA;M8282G01CTN;CONTRATOS EM GERAL.;339039;Outros Serviços de Terceiros - Pessoa Jurídica;154048152652025NE000851;15404805900112025 - UASG MINUTA: 154048;2025;2026;0.0;0.0;0.0;1030.82;0.0;0.0;0.0;1030.82;Com contrato;Despesas Correntes;1030.82;1030.82;0.0;1030.82;0.0;2025
154104;COLEGIO AGRICOLA DE BOM JESUS/FUFPI;18471673000195.0;CONSTRUTORA J M EXCELENCIA LTDA;L20RLM01CTN;CONTRATOS EM GERAL DOS COLEGIOS TECNICOS.;339039;Outros Serviços de Terceiros - Pessoa Jurídica;154048152652025NE000852;15404805900112025 - UASG MINUTA: 154048;2025;2026;0.0;0.0;0.0;16961.61;0.0;16951.17;16951.17;50863.95;Com contrato;Despesas Correntes;16961.61;16961.61;16951.17;10.440000000002328;16951.17;2025
154103;CAMPUS DO JUNCO/FUFPI;6840748000189.0;EQUATORIAL PIAUI DISTRIBUIDORA DE ENERGIA S.A;M20RKG01CTN;CONTRATOS EM GERAL.;339039;Outros Serviços de Terceiros - Pessoa Jurídica;154048152652025NE000854;15404806000342023 - UASG MINUTA: 154048;2025;2026;0.0;0.0;0.0;160000.0;0.0;160000.0;160000.0;480000.0;Com contrato;Despesas Correntes;160000.0;160000.0;160000.0;0.0;160000.0;2025
150147;CAMPUS PROFESSORA CINOBELINA ELVAS;6840748000189.0;EQUATORIAL PIAUI DISTRIBUIDORA DE ENERGIA S.A;M20RKG01CTN;CONTRATOS EM GERAL.;339039;Outros Serviços de Terceiros - Pessoa Jurídica;154048152652025NE000855;15404806000342023 - UASG MINUTA: 154048;2025;2026;0.0;0.0;0.0;92547.0;0.0;92547.0;92547.0;277641.0;Com contrato;Despesas Correntes;92547.0;92547.0;92547.0;0.0;92547.0;2025
156182;PREFEITURA UNIVERSITARIA;27157474000106.0;AGUAS DE TERESINA SANEAMENTO SPE S.A.;M20RKG01CTN;CONTRATOS EM GERAL.;339039;Outros Serviços de Terceiros - Pessoa Jurídica;154048152652025NE000856;15404807000032025 - UASG MINUTA: 154048;2025;2026;0.0;0.0;0.0;54310.95;0.0;54310.95;54310.95;162932.85;Com contrato;Despesas Correntes;54310.95;54310.95;54310.95;0.0;54310.95;2025
154356;PRO-REITORIA ASS.ESTUDANTIS E COMUNITARIOS;53256763000164.0;PROGAS DISTRIBUIDORA DE GAS E AGUA LTDA;V4002N2300N;RESTAURANTE UNIVERSITARIO E OUTRAS DESPESAS;339030;Material de Consumo;154048152652025NE000858;15404805900232024 - UASG MINUTA: 154048;2025;2026;0.0;0.0;0.0;8330.85;0.0;0.0;0.0;8330.85;Sem contrato;Despesas Correntes;8330.85;8330.85;0.0;8330.85;0.0;2025
154094;CENTRO DE CIENCIAS DA NATUREZA/FUFPI;36489366000113.0;A FRENTE SOLUCOES INTEGRADAS LTDA;M8282G6000N;REESTRUTURACAO E MODERNIZACAO DAS IFES;449052;Equipamentos e Material Permanente;154048152652025NE000862;15404806001012025 - UASG MINUTA: 154048;2025;2026;0.0;0.0;0.0;8199.84;0.0;8199.84;8199.84;24599.52;Sem contrato;Despesas de Capital;8199.84;8199.84;8199.84;0.0;8199.84;2025
154095;CENTRO DE CIENCIAS DA SAUDE/FUFPI;13751395000106.0;INFINYT COMERCIO SERVICOS E REPRESENTACOES LTDA;M20RKG01CTN;CONTRATOS EM GERAL.;339030;Material de Consumo;154048152652025NE000863;15404805000152022 - UASG MINUTA: 154048;2025;2026;0.0;0.0;0.0;400.66;0.0;0.0;0.0;400.66;Com contrato;Despesas Correntes;400.66;400.66;0.0;400.66;0.0;2025
156182;PREFEITURA UNIVERSITARIA;22561863000170.0;MULTPAR SERVICOS DE CONSTRUCAO LTDA;M8282G01CTN;CONTRATOS EM GERAL.;339039;Outros Serviços de Terceiros - Pessoa Jurídica;154048152652025NE000864;15404805900112025 - UASG MINUTA: 154048;2025;2026;0.0;0.0;0.0;446240.48;0.0;446240.48;446240.48;1338721.44;Com contrato;Despesas Correntes;446240.48;446240.48;446240.48;0.0;446240.48;2025
151064;CAMPUS AMILCAR FERREIRA SOBRAL;18471673000195.0;CONSTRUTORA J M EXCELENCIA LTDA;M8282G01CTN;CONTRATOS EM GERAL.;339039;Outros Serviços de Terceiros - Pessoa Jurídica;154048152652025NE000865;15404805900112025 - UASG MINUTA: 154048;2025;2026;0.0;0.0;0.0;65652.04;0.0;65652.04;65652.04;196956.12;Com contrato;Despesas Correntes;65652.04;65652.04;65652.04;0.0;65652.04;2025
154102;COLEGIO AGRICOLA DE FLRIANO/FUFPI;18471673000195.0;CONSTRUTORA J M EXCELENCIA LTDA;M8282G01CTN;CONTRATOS EM GERAL.;339039;Outros Serviços de Terceiros - Pessoa Jurídica;154048152652025NE000866;15404805900112025 - UASG MINUTA: 154048;2025;2026;0.0;0.0;0.0;65652.04;0.0;59927.49;59927.49;185507.02;Com contrato;Despesas Correntes;65652.04;65652.04;59927.49;5724.549999999996;59927.49;2025
154104;COLEGIO AGRICOLA DE BOM JESUS/FUFPI;23262384000116.0;GLAUCIO & DEODATA AGRONEGOCIOS LTDA;L20RLM6000N;COLEGIOS TECNICOS DA UFPI;339030;Material de Consumo;154048152652025NE000870;15404805900182024 - UASG MINUTA: 154048;2025;2026;0.0;0.0;0.0;24041.8;0.0;24041.8;24041.8;72125.4;Sem contrato;Despesas Correntes;24041.8;24041.8;24041.8;0.0;24041.8;2025
154095;CENTRO DE CIENCIAS DA SAUDE/FUFPI;9524545000171.0;WF TECNOLOGIA CIENTIFICA E CONSTRUTORA LTDA;M20RKG01CTN;CONTRATOS EM GERAL.;339039;Outros Serviços de Terceiros - Pessoa Jurídica;154048152652025NE000871;15404805900152025 - UASG MINUTA: 154048;2025;2026;0.0;0.0;0.0;39546.69;0.0;0.0;0.0;39546.69;Com contrato;Despesas Correntes;39546.69;39546.69;0.0;39546.69;0.0;2025
156180;NUCLEO DE TECNOLOGIA DA INFORMACAO-NTI;12477490000281.0;LIDER NOTEBOOKS COMERCIO E SERVICOS LTDA;M8282G6000N;REESTRUTURACAO E MODERNIZACAO DAS IFES;449052;Equipamentos e Material Permanente;154048152652025NE000872;20105705900012025 - UASG MINUTA: 154048;2025;2026;0.0;0.0;0.0;245207.0;0.0;245207.0;245207.0;735621.0;Sem contrato;Despesas de Capital;245207.0;245207.0;245207.0;0.0;245207.0;2025
154094;CENTRO DE CIENCIAS DA NATUREZA/FUFPI;48855116000139.0;ANDRADE SOLUCOES EM BENS E SERVICOS LTDA;M8282G6000N;REESTRUTURACAO E MODERNIZACAO DAS IFES;449052;Equipamentos e Material Permanente;154048152652025NE000877;15404806001012025 - UASG MINUTA: 154048;2025;2026;0.0;0.0;0.0;6266.61;0.0;6266.61;6266.61;18799.83;Sem contrato;Despesas de Capital;6266.61;6266.61;6266.61;0.0;6266.61;2025
154578;PRO-REITORIA DE PESQUISA;36543918000124.0;CASA MORAIS COMERCIO DE PRODUTOS AGROPECUARIOS LTDA;M20RKG6000N;ENSINO-GESTAO;339030;Material de Consumo;154048152652025NE000880;15404805900182024 - UASG MINUTA: 154048;2025;2026;0.0;0.0;0.0;6159.75;0.0;0.0;0.0;6159.75;Sem contrato;Despesas Correntes;6159.75;6159.75;0.0;6159.75;0.0;2025
156182;PREFEITURA UNIVERSITARIA;5340639000130.0;PRIME CONSULTORIA E ASSESSORIA EMPRESARIAL LTDA;M8282G01CTN;CONTRATOS EM GERAL.;339039;Outros Serviços de Terceiros - Pessoa Jurídica;154048152652025NE000881;15404805000482023 - UASG MINUTA: 154048;2025;2026;0.0;0.0;0.0;54000.0;0.0;54000.0;54000.0;162000.0;Com contrato;Despesas Correntes;54000.0;54000.0;54000.0;0.0;54000.0;2025
154356;PRO-REITORIA ASS.ESTUDANTIS E COMUNITARIOS;54177886000172.0;COZIL EQUIPAMENTOS INDUSTRIAIS LTDA;V4002N6000N;MATERIAL PERMANENTE PARA O PNAES;449052;Equipamentos e Material Permanente;154048152652025NE000882;15815405938002024 - UASG MINUTA: 154048;2025;2026;0.0;0.0;0.0;62186.0;0.0;62186.0;62186.0;186558.0;Sem contrato;Despesas de Capital;62186.0;62186.0;62186.0;0.0;62186.0;2025
154104;COLEGIO AGRICOLA DE BOM JESUS/FUFPI;36543918000124.0;CASA MORAIS COMERCIO DE PRODUTOS AGROPECUARIOS LTDA;L20RLM6000N;COLEGIOS TECNICOS DA UFPI;339030;Material de Consumo;154048152652025NE000885;15404805900182024 - UASG MINUTA: 154048;2025;2026;0.0;0.0;0.0;7479.02;0.0;0.0;0.0;7479.02;Sem contrato;Despesas Correntes;7479.02;7479.02;0.0;7479.02;0.0;2025
150147;CAMPUS PROFESSORA CINOBELINA ELVAS;36543918000124.0;CASA MORAIS COMERCIO DE PRODUTOS AGROPECUARIOS LTDA;M20RKG6000N;ENSINO-GESTAO;339030;Material de Consumo;154048152652025NE000894;15404805900182024 - UASG MINUTA: 154048;2025;2026;0.0;0.0;0.0;23759.05;0.0;23759.05;23759.05;71277.15;Sem contrato;Despesas Correntes;23759.05;23759.05;23759.05;0.0;23759.05;2025
154098;CENTRO DE CIENCAS AGRARIAS/FUFPI;23262384000116.0;GLAUCIO & DEODATA AGRONEGOCIOS LTDA;M20RKG6000N;ENSINO-GESTAO;339030;Material de Consumo;154048152652025NE000896;15404805900182024 - UASG MINUTA: 154048;2025;2026;0.0;0.0;0.0;2286.0;0.0;0.0;0.0;2286.0;Sem contrato;Despesas Correntes;2286.0;2286.0;0.0;2286.0;0.0;2025
152660;HOSPITAL VETERINARIO DA UFPI;9019150000111.0;ATD LOCACAO LTDA;M20RKG71TBN;HOSPITAL VETERINARIO DE TERESINA E BOM JESUS.;339037;Locação de Mão de Obra;154048152652025NE000898;15404805000352023 - UASG MINUTA: 154048;2025;2026;0.0;0.0;0.0;111058.53;0.0;91393.76;91393.76;293846.05;Sem contrato;Despesas Correntes;111058.53;111058.53;91393.76;19664.770000000004;91393.76;2025
156183;SUPERINTENDENCIA DE RECURSOS HUMANOS;154048.0;FUNDACAO UNIVERSIDADE FEDERAL DO PIAUI;V4572N5600N;TREINAMENTO DE SERVIDORES     .;339036;Outros Serviços de Terceiros - Pessoa Física;154048152652025NE000899;SEM INFORMACAO;2025;2026;0.0;0.0;0.0;25443.0;0.0;0.0;0.0;25443.0;Sem contrato;Despesas Correntes;25443.0;25443.0;0.0;25443.0;0.0;2025
156182;PREFEITURA UNIVERSITARIA;27157474000106.0;AGUAS DE TERESINA SANEAMENTO SPE S.A.;M8282G01CTN;CONTRATOS EM GERAL.;339039;Outros Serviços de Terceiros - Pessoa Jurídica;154048152652025NE000900;15404807000032025 - UASG MINUTA: 154048;2025;2026;0.0;0.0;0.0;123000.0;0.0;123000.0;123000.0;369000.0;Com contrato;Despesas Correntes;123000.0;123000.0;123000.0;0.0;123000.0;2025
154103;CAMPUS DO JUNCO/FUFPI;154048.0;FUNDACAO UNIVERSIDADE FEDERAL DO PIAUI;M20RKQ7200N;IFES SEM HU - FUNC ENS SUPER-CAMPUS DE PICOS;339048;Outros Auxílios Financeiros a Pessoas Físicas;154048152652025NE000901;SEM INFORMACAO;2025;2026;0.0;0.0;0.0;62382.0;0.0;0.0;0.0;62382.0;Sem contrato;Despesas Correntes;62382.0;62382.0;0.0;62382.0;0.0;2025
154356;PRO-REITORIA ASS.ESTUDANTIS E COMUNITARIOS;24035925000136.0;SILMAQUINAS E EQUIPAMENTOS LTDA;V4002N6000N;MATERIAL PERMANENTE PARA O PNAES;449052;Equipamentos e Material Permanente;154048152652025NE000902;15404805900142025 - UASG MINUTA: 154048;2025;2026;0.0;0.0;0.0;153840.0;0.0;153840.0;153840.0;461520.0;Sem contrato;Despesas de Capital;153840.0;153840.0;153840.0;0.0;153840.0;2025
154356;PRO-REITORIA ASS.ESTUDANTIS E COMUNITARIOS;57778437000178.0;COMPRASNET COMERCIAL LTDA;V4002N6000N;MATERIAL PERMANENTE PARA O PNAES;449052;Equipamentos e Material Permanente;154048152652025NE000905;16035205900082024 - UASG MINUTA: 154048;2025;2026;0.0;0.0;0.0;61500.0;0.0;61500.0;61500.0;184500.0;Sem contrato;Despesas de Capital;61500.0;61500.0;61500.0;0.0;61500.0;2025
154103;CAMPUS DO JUNCO/FUFPI;18471673000195.0;CONSTRUTORA J M EXCELENCIA LTDA;M8282G01CTN;CONTRATOS EM GERAL.;339039;Outros Serviços de Terceiros - Pessoa Jurídica;154048152652025NE000908;15404805900112025 - UASG MINUTA: 154048;2025;2026;0.0;0.0;0.0;78025.79;0.0;78025.79;78025.79;234077.37;Com contrato;Despesas Correntes;78025.79;78025.79;78025.79;0.0;78025.79;2025
150147;CAMPUS PROFESSORA CINOBELINA ELVAS;41856952000199.0;RAINHA DO GAS LTDA;M20RKG6000N;ENSINO-GESTAO;339030;Material de Consumo;154048152652025NE000910;15814605900202025 - UASG MINUTA: 154048;2025;2026;0.0;0.0;0.0;141835.3;0.0;64289.97;64119.77;270245.04;Sem contrato;Despesas Correntes;141835.3;141835.3;64289.97;77545.32999999999;64119.77;2025
154090;PRO-REITORIA DE ENSINO DE POS-GRADUACAO;154048.0;FUNDACAO UNIVERSIDADE FEDERAL DO PIAUI;V20GKN2300N;CONCESSAO DE BOLSAS.;339018;Auxílio Financeiro a Estudantes;154048152652025NE000911;SEM INFORMACAO;2025;2026;0.0;0.0;0.0;6000.0;0.0;5000.0;5000.0;16000.0;Sem contrato;Despesas Correntes;6000.0;6000.0;5000.0;1000.0;5000.0;2025
156180;NUCLEO DE TECNOLOGIA DA INFORMACAO-NTI;5202938000108.0;HC COMUNICACAO DE DADOS LTDA;M8282G01CTN;CONTRATOS EM GERAL.;339040;Serviços de Tecnologia da Informação e Comunicação - pessoa jurídica;154048152652025NE000916;15421505000382025 - UASG MINUTA: 154048;2025;2026;0.0;0.0;0.0;11600.0;0.0;11600.0;11600.0;34800.0;Com contrato;Despesas Correntes;11600.0;11600.0;11600.0;0.0;11600.0;2025
154093;BIBLIOTECA CENTRAL/FUFPI;12957444000107.0;FLEX PROJETOS E SISTEMAS LTDA;V4002N6000N;MATERIAL PERMANENTE PARA O PNAES;339039;Outros Serviços de Terceiros - Pessoa Jurídica;154048152652025NE000917;15815105000162023 - UASG MINUTA: 154048;2025;2026;0.0;0.0;0.0;145766.0;0.0;145766.0;145766.0;437298.0;Sem contrato;Despesas Correntes;145766.0;145766.0;145766.0;0.0;145766.0;2025
154356;PRO-REITORIA ASS.ESTUDANTIS E COMUNITARIOS;11436412000195.0;CENTRAL DE FRIOS PIAUI LTDA;V4002N6000N;MATERIAL PERMANENTE PARA O PNAES;339030;Material de Consumo;154048152652025NE000918;15404805900172024 - UASG MINUTA: 154048;2025;2026;0.0;0.0;0.0;415810.1;0.0;362423.82;362015.37;1140249.29;Sem contrato;Despesas Correntes;415810.1;415810.1;362423.82;53386.27999999997;362015.37;2025
154103;CAMPUS DO JUNCO/FUFPI;10013974000163.0;SERVFAZ SERVICOS DE MAO DE OBRA LTDA;M20RKG01CTN;CONTRATOS EM GERAL.;339037;Locação de Mão de Obra;154048152652025NE000919;15404806000322025 - UASG MINUTA: 154048;2025;2026;0.0;0.0;0.0;15000.2;0.0;13314.94;13314.94;41630.08;Com contrato;Despesas Correntes;15000.2;15000.2;13314.94;1685.2600000000002;13314.94;2025
150147;CAMPUS PROFESSORA CINOBELINA ELVAS;14768911000178.0;HIGICLEAN TECNOLOGIA EM HIGIENIZACAO E CONSERVACAO LTDA;M20RKG01CTN;CONTRATOS EM GERAL.;339037;Locação de Mão de Obra;154048152652025NE000920;15404805000482025 - UASG MINUTA: 154048;2025;2026;0.0;0.0;0.0;1839.86;0.0;1839.86;1839.86;5519.58;Com contrato;Despesas Correntes;1839.86;1839.86;1839.86;0.0;1839.86;2025
150147;CAMPUS PROFESSORA CINOBELINA ELVAS;5340639000130.0;PRIME CONSULTORIA E ASSESSORIA EMPRESARIAL LTDA;M20RKG01CTN;CONTRATOS EM GERAL.;339030;Material de Consumo;154048152652025NE000923;15404805000392023 - UASG MINUTA: 154048;2025;2026;0.0;0.0;0.0;62.47;0.0;62.47;62.47;187.41;Com contrato;Despesas Correntes;62.47;62.47;62.47;0.0;62.47;2025
154098;CENTRO DE CIENCAS AGRARIAS/FUFPI;22561863000170.0;MULTPAR SERVICOS DE CONSTRUCAO LTDA;M8282G01CTN;CONTRATOS EM GERAL.;339039;Outros Serviços de Terceiros - Pessoa Jurídica;154048152652025NE000929;15404805000622025 - UASG MINUTA: 154048;2025;2026;0.0;0.0;0.0;19161.0;0.0;19161.0;19161.0;57483.0;Com contrato;Despesas Correntes;19161.0;19161.0;19161.0;0.0;19161.0;2025
154104;COLEGIO AGRICOLA DE BOM JESUS/FUFPI;14768911000178.0;HIGICLEAN TECNOLOGIA EM HIGIENIZACAO E CONSERVACAO LTDA;M20RKG01CTN;CONTRATOS EM GERAL.;339037;Locação de Mão de Obra;154048152652025NE000931;15404805000492025 - UASG MINUTA: 154048;2025;2026;0.0;0.0;0.0;1332.66;0.0;0.0;0.0;1332.66;Com contrato;Despesas Correntes;1332.66;1332.66;0.0;1332.66;0.0;2025
154095;CENTRO DE CIENCIAS DA SAUDE/FUFPI;28820255000110.0;SUPREMA DENTAL IMPORTACAO, EXPORTACAO E COMERCIO DE PR;M20RKG6000N;ENSINO-GESTAO;339030;Material de Consumo;154048152652025NE000934;15404806001212025 - UASG MINUTA: 154048;2025;2026;0.0;0.0;0.0;26671.86;0.0;26671.86;26671.86;80015.58;Sem contrato;Despesas Correntes;26671.86;26671.86;26671.86;0.0;26671.86;2025
154095;CENTRO DE CIENCIAS DA SAUDE/FUFPI;45107793000180.0;PHOENIX DISTRIBUIDORA E IMPORTADORA DE PRODUTOS FARMACE;M20RKG6000N;ENSINO-GESTAO;339030;Material de Consumo;154048152652025NE000935;15404806001212025 - UASG MINUTA: 154048;2025;2026;0.0;0.0;0.0;414.9;0.0;414.9;414.9;1244.7;Sem contrato;Despesas Correntes;414.9;414.9;414.9;0.0;414.9;2025
154095;CENTRO DE CIENCIAS DA SAUDE/FUFPI;27205945000104.0;ODONTOMED T/A LTDA;M20RKG6000N;ENSINO-GESTAO;339030;Material de Consumo;154048152652025NE000936;15404806001212025 - UASG MINUTA: 154048;2025;2026;0.0;0.0;0.0;5337.8;0.0;5337.8;5337.8;16013.4;Sem contrato;Despesas Correntes;5337.8;5337.8;5337.8;0.0;5337.8;2025
154095;CENTRO DE CIENCIAS DA SAUDE/FUFPI;3596923000146.0;MEDIMAC COMERCIO DE ARTIGOS MEDICOS LTDA;M20RKG6000N;ENSINO-GESTAO;339030;Material de Consumo;154048152652025NE000937;15404806001212025 - UASG MINUTA: 154048;2025;2026;0.0;0.0;0.0;5335.2;0.0;5335.2;5335.2;16005.6;Sem contrato;Despesas Correntes;5335.2;5335.2;5335.2;0.0;5335.2;2025
154095;CENTRO DE CIENCIAS DA SAUDE/FUFPI;49444772000101.0;LH SOLUCOES EMPRESARIAIS LTDA;M20RKG6000N;ENSINO-GESTAO;339030;Material de Consumo;154048152652025NE000938;15404806001212025 - UASG MINUTA: 154048;2025;2026;0.0;0.0;0.0;10305.0;0.0;10305.0;10305.0;30915.0;Sem contrato;Despesas Correntes;10305.0;10305.0;10305.0;0.0;10305.0;2025
154095;CENTRO DE CIENCIAS DA SAUDE/FUFPI;1634429000101.0;J. P. GOLLEM INDUSTRIA E COMERCIO LTDA.;M20RKG6000N;ENSINO-GESTAO;339030;Material de Consumo;154048152652025NE000939;15404806001212025 - UASG MINUTA: 154048;2025;2026;0.0;0.0;0.0;649.5;0.0;649.5;649.5;1948.5;Sem contrato;Despesas Correntes;649.5;649.5;649.5;0.0;649.5;2025
154095;CENTRO DE CIENCIAS DA SAUDE/FUFPI;50060469000194.0;CELER PRODUTOS ODONTOLOGICOS LTDA;M20RKG6000N;ENSINO-GESTAO;339030;Material de Consumo;154048152652025NE000940;15404806001212025 - UASG MINUTA: 154048;2025;2026;0.0;0.0;0.0;723.0;0.0;723.0;723.0;2169.0;Sem contrato;Despesas Correntes;723.0;723.0;723.0;0.0;723.0;2025
154095;CENTRO DE CIENCIAS DA SAUDE/FUFPI;34325529000105.0;MS COMERCIO DE PRODUTOS ODONTOLOGICOS E INFORMATICA LT;M20RKG6000N;ENSINO-GESTAO;339030;Material de Consumo;154048152652025NE000941;15404806001212025 - UASG MINUTA: 154048;2025;2026;0.0;0.0;0.0;2550.0;0.0;2550.0;2550.0;7650.0;Sem contrato;Despesas Correntes;2550.0;2550.0;2550.0;0.0;2550.0;2025
150147;CAMPUS PROFESSORA CINOBELINA ELVAS;14768911000178.0;HIGICLEAN TECNOLOGIA EM HIGIENIZACAO E CONSERVACAO LTDA;M20RKG01CTN;CONTRATOS EM GERAL.;339037;Locação de Mão de Obra;154048152652025NE000942;15404805000482025 - UASG MINUTA: 154048;2025;2026;0.0;0.0;0.0;288000.02;0.0;285301.97;285301.97;858603.96;Com contrato;Despesas Correntes;288000.02;288000.02;285301.97;2698.0500000000466;285301.97;2025
154578;PRO-REITORIA DE PESQUISA;20534819000146.0;AGROCAMPO LTDA;M20RKG6000N;ENSINO-GESTAO;339030;Material de Consumo;154048152652025NE000946;15404805900182024 - UASG MINUTA: 154048;2025;2026;0.0;0.0;0.0;341.58;0.0;341.58;341.58;1024.74;Sem contrato;Despesas Correntes;341.58;341.58;341.58;0.0;341.58;2025
154087;PRO-REITORIA DE ADMINISTRACAOFUFPI;8804180000176.0;TECASSISTIVA - TECNOLOGIA ASSISTIVA, COMERCIALIZACAO,;M20RKG6000N;ENSINO-GESTAO;339030;Material de Consumo;154048152652025NE000949;15815407000132024 - UASG MINUTA: 154048;2025;2026;0.0;0.0;0.0;1758.63;0.0;1758.63;1758.63;5275.89;Sem contrato;Despesas Correntes;1758.63;1758.63;1758.63;0.0;1758.63;2025
156182;PREFEITURA UNIVERSITARIA;3369021000177.0;A R 3 SERVICOS LTDA;M20RKG01CTN;CONTRATOS EM GERAL.;339037;Locação de Mão de Obra;154048152652025NE000950;15404806001282025 - UASG MINUTA: 154048;2025;2026;0.0;0.0;0.0;81884.36;0.0;56764.32;56764.32;195413.0;Com contrato;Despesas Correntes;81884.36;81884.36;56764.32;25120.04;56764.32;2025
154104;COLEGIO AGRICOLA DE BOM JESUS/FUFPI;14768911000178.0;HIGICLEAN TECNOLOGIA EM HIGIENIZACAO E CONSERVACAO LTDA;M20RKG01CTN;CONTRATOS EM GERAL.;339037;Locação de Mão de Obra;154048152652025NE000956;15404805000492025 - UASG MINUTA: 154048;2025;2026;0.0;0.0;0.0;151319.85;0.0;0.0;0.0;151319.85;Com contrato;Despesas Correntes;151319.85;151319.85;0.0;151319.85;0.0;2025
156182;PREFEITURA UNIVERSITARIA;6840748000189.0;EQUATORIAL PIAUI DISTRIBUIDORA DE ENERGIA S.A;M20RKG01CTN;CONTRATOS EM GERAL.;339039;Outros Serviços de Terceiros - Pessoa Jurídica;154048152652025NE000967;15404806000342023 - UASG MINUTA: 154048;2025;2026;0.0;0.0;0.0;313162.52;0.0;313162.52;313162.52;939487.56;Com contrato;Despesas Correntes;313162.52;313162.52;313162.52;0.0;313162.52;2025
154086;ADMINISTRACAO CENTRAL/FUFPI;154048.0;FUNDACAO UNIVERSIDADE FEDERAL DO PIAUI;M20RKG1900N;ENSINO-GESTAO;339014;Diárias - Pessoal Civil;154048152652026NE000001;SEM INFORMACAO;2026;2026;49000.0;31612.31;31612.31;0.0;0.0;0.0;0.0;112224.62;Sem contrato;Despesas Correntes;0.0;49000.0;31612.31;17387.69;31612.31;
154087;PRO-REITORIA DE ADMINISTRACAOFUFPI;154048.0;FUNDACAO UNIVERSIDADE FEDERAL DO PIAUI;M20RKG1900N;ENSINO-GESTAO;339014;Diárias - Pessoal Civil;154048152652026NE000002;SEM INFORMACAO;2026;2026;27000.0;20649.19;20649.19;0.0;0.0;0.0;0.0;68298.38;Sem contrato;Despesas Correntes;0.0;27000.0;20649.19;6350.810000000001;20649.19;
154086;ADMINISTRACAO CENTRAL/FUFPI;23361387000107.0;BRASITUR EVENTOS E TURISMO LTDA;M20RKG01CTN;CONTRATOS EM GERAL.;339033;Passagens e Despesas com Locomoção;154048152652026NE000003;15404805000162025 - UASG MINUTA: 154048;2026;2026;75926.01;49332.53;49332.53;0.0;0.0;0.0;0.0;174591.07;Com contrato;Despesas Correntes;0.0;75926.01;49332.53;26593.479999999996;49332.53;
154087;PRO-REITORIA DE ADMINISTRACAOFUFPI;23361387000107.0;BRASITUR EVENTOS E TURISMO LTDA;M20RKG01CTN;CONTRATOS EM GERAL.;339033;Passagens e Despesas com Locomoção;154048152652026NE000004;15404805000162025 - UASG MINUTA: 154048;2026;2026;37920.0;33900.19;33900.19;0.0;0.0;0.0;0.0;105720.38;Com contrato;Despesas Correntes;0.0;37920.0;33900.19;4019.8099999999977;33900.19;
154090;PRO-REITORIA DE ENSINO DE POS-GRADUACAO;154048.0;FUNDACAO UNIVERSIDADE FEDERAL DO PIAUI;V20RKN9400N;APOIO A ATIVIDADE DE POS-GRADUACAO.;339014;Diárias - Pessoal Civil;154048152652026NE000005;SEM INFORMACAO;2026;2026;21872.0;21844.97;21844.97;0.0;0.0;0.0;0.0;65561.94;Sem contrato;Despesas Correntes;0.0;21872.0;21844.97;27.029999999998836;21844.97;
154090;PRO-REITORIA DE ENSINO DE POS-GRADUACAO;23361387000107.0;BRASITUR EVENTOS E TURISMO LTDA;M20RKG01CTN;CONTRATOS EM GERAL.;339033;Passagens e Despesas com Locomoção;154048152652026NE000006;15404805000162025 - UASG MINUTA: 154048;2026;2026;11923.39;1963.33;1963.33;0.0;0.0;0.0;0.0;15850.05;Com contrato;Despesas Correntes;0.0;11923.39;1963.33;9960.06;1963.33;
154091;PRO-REITORIA DE PLANEJAMENTO/FUFPI;23361387000107.0;BRASITUR EVENTOS E TURISMO LTDA;M20RKG01CTN;CONTRATOS EM GERAL.;339033;Passagens e Despesas com Locomoção;154048152652026NE000007;15404805000162025 - UASG MINUTA: 154048;2026;2026;37916.41;34125.67;34125.67;0.0;0.0;0.0;0.0;106167.75;Com contrato;Despesas Correntes;0.0;37916.41;34125.67;3790.7400000000052;34125.67;
154088;PRO-REITORIA DE ENSINOFUFPI;23361387000107.0;BRASITUR EVENTOS E TURISMO LTDA;M20RKG01CTN;CONTRATOS EM GERAL.;339033;Passagens e Despesas com Locomoção;154048152652026NE000008;15404805000162025 - UASG MINUTA: 154048;2026;2026;9920.33;3166.68;3166.68;0.0;0.0;0.0;0.0;16253.69;Com contrato;Despesas Correntes;0.0;9920.33;3166.68;6753.65;3166.68;
154089;PRO-REITORIA DE EXTENSAOFUFPI;23361387000107.0;BRASITUR EVENTOS E TURISMO LTDA;M20RKG01CTN;CONTRATOS EM GERAL.;339033;Passagens e Despesas com Locomoção;154048152652026NE000009;15404805000162025 - UASG MINUTA: 154048;2026;2026;12720.33;7802.02;7802.02;0.0;0.0;0.0;0.0;28324.37;Com contrato;Despesas Correntes;0.0;12720.33;7802.02;4918.3099999999995;7802.02;
154092;VICE-REITORIA/FUFPI;23361387000107.0;BRASITUR EVENTOS E TURISMO LTDA;M20RKG01CTN;CONTRATOS EM GERAL.;339033;Passagens e Despesas com Locomoção;154048152652026NE000010;15404805000162025 - UASG MINUTA: 154048;2026;2026;11921.31;7871.41;7871.41;0.0;0.0;0.0;0.0;27664.13;Com contrato;Despesas Correntes;0.0;11921.31;7871.41;4049.8999999999996;7871.41;
154088;PRO-REITORIA DE ENSINOFUFPI;154048.0;FUNDACAO UNIVERSIDADE FEDERAL DO PIAUI;M20RKG1900N;ENSINO-GESTAO;339014;Diárias - Pessoal Civil;154048152652026NE000011;SEM INFORMACAO;2026;2026;10000.0;4938.96;4938.96;0.0;0.0;0.0;0.0;19877.92;Sem contrato;Despesas Correntes;0.0;10000.0;4938.96;5061.04;4938.96;
154089;PRO-REITORIA DE EXTENSAOFUFPI;154048.0;FUNDACAO UNIVERSIDADE FEDERAL DO PIAUI;V20RKN2100N;APOIO AS ATIVIDADES DE EXTENSAO.;339014;Diárias - Pessoal Civil;154048152652026NE000012;SEM INFORMACAO;2026;2026;13965.0;13961.69;11724.27;0.0;0.0;0.0;0.0;39650.96;Sem contrato;Despesas Correntes;0.0;13965.0;13961.69;3.3099999999994907;11724.27;
154091;PRO-REITORIA DE PLANEJAMENTO/FUFPI;154048.0;FUNDACAO UNIVERSIDADE FEDERAL DO PIAUI;M20RKG1900N;ENSINO-GESTAO;339014;Diárias - Pessoal Civil;154048152652026NE000013;SEM INFORMACAO;2026;2026;17000.0;13541.77;13541.77;0.0;0.0;0.0;0.0;44083.54;Sem contrato;Despesas Correntes;0.0;17000.0;13541.77;3458.2299999999996;13541.77;
154092;VICE-REITORIA/FUFPI;154048.0;FUNDACAO UNIVERSIDADE FEDERAL DO PIAUI;M20RKG1900N;ENSINO-GESTAO;339014;Diárias - Pessoal Civil;154048152652026NE000014;SEM INFORMACAO;2026;2026;10000.0;7488.08;7488.08;0.0;0.0;0.0;0.0;24976.16;Sem contrato;Despesas Correntes;0.0;10000.0;7488.08;2511.92;7488.08;
156182;PREFEITURA UNIVERSITARIA;154048.0;FUNDACAO UNIVERSIDADE FEDERAL DO PIAUI;M20RKG1900N;ENSINO-GESTAO;339014;Diárias - Pessoal Civil;154048152652026NE000015;SEM INFORMACAO;2026;2026;25000.0;22221.96;22221.96;0.0;0.0;0.0;0.0;69443.92;Sem contrato;Despesas Correntes;0.0;25000.0;22221.96;2778.040000000001;22221.96;
156182;PREFEITURA UNIVERSITARIA;23361387000107.0;BRASITUR EVENTOS E TURISMO LTDA;M20RKG01CTN;CONTRATOS EM GERAL.;339033;Passagens e Despesas com Locomoção;154048152652026NE000016;15404805000162025 - UASG MINUTA: 154048;2026;2026;34919.34;25936.55;25936.55;0.0;0.0;0.0;0.0;86792.44;Com contrato;Despesas Correntes;0.0;34919.34;25936.55;8982.789999999997;25936.55;
154578;PRO-REITORIA DE PESQUISA;183038.0;INSTITUTO NACIONAL DA PROPRIEDADE INDUSTRIAL;V20RKN2000N;APOIO A PESQUISA.;339139;OUTROS SERVICOS DE TERCEIROS - PESSOA JURIDICA (INTRA);154048152652026NE000017;SEM INFORMACAO;2026;2026;51000.0;42599.0;42599.0;0.0;0.0;0.0;0.0;136198.0;Sem contrato;Despesas Correntes;0.0;51000.0;42599.0;8401.0;42599.0;
154578;PRO-REITORIA DE PESQUISA;154048.0;FUNDACAO UNIVERSIDADE FEDERAL DO PIAUI;V20GKN2300N;CONCESSAO DE BOLSAS.;339018;Auxílio Financeiro a Estudantes;154048152652026NE000018;SEM INFORMACAO;2026;2026;1436400.0;1276800.0;1276800.0;0.0;0.0;0.0;0.0;3990000.0;Sem contrato;Despesas Correntes;0.0;1436400.0;1276800.0;159600.0;1276800.0;
151064;CAMPUS AMILCAR FERREIRA SOBRAL;41644220000135.0;DB3 SERVICOS DE TELECOMUNICACOES S.A;M8282G01CTN;CONTRATOS EM GERAL.;339040;Serviços de Tecnologia da Informação e Comunicação - pessoa jurídica;154048152652026NE000019;15404805000092020 - UASG MINUTA: 154048;2026;2026;12929.0;8790.88;8790.88;0.0;0.0;0.0;0.0;30510.76;Com contrato;Despesas Correntes;0.0;12929.0;8790.88;4138.120000000001;8790.88;
154103;CAMPUS DO JUNCO/FUFPI;41644220000135.0;DB3 SERVICOS DE TELECOMUNICACOES S.A;M8282G01CTN;CONTRATOS EM GERAL.;339040;Serviços de Tecnologia da Informação e Comunicação - pessoa jurídica;154048152652026NE000020;15404805000092020 - UASG MINUTA: 154048;2026;2026;12929.0;9198.16;9198.16;0.0;0.0;0.0;0.0;31325.32;Com contrato;Despesas Correntes;0.0;12929.0;9198.16;3730.84;9198.16;
150147;CAMPUS PROFESSORA CINOBELINA ELVAS;41644220000135.0;DB3 SERVICOS DE TELECOMUNICACOES S.A;M8282G01CTN;CONTRATOS EM GERAL.;339040;Serviços de Tecnologia da Informação e Comunicação - pessoa jurídica;154048152652026NE000021;15404805000092020 - UASG MINUTA: 154048;2026;2026;11752.82;8088.12;8088.12;0.0;0.0;0.0;0.0;27929.06;Com contrato;Despesas Correntes;0.0;11752.82;8088.12;3664.7;8088.12;
156180;NUCLEO DE TECNOLOGIA DA INFORMACAO-NTI;41644220000135.0;DB3 SERVICOS DE TELECOMUNICACOES S.A;M20RKG01CTN;CONTRATOS EM GERAL.;339040;Serviços de Tecnologia da Informação e Comunicação - pessoa jurídica;154048152652026NE000022;15404805000092020 - UASG MINUTA: 154048;2026;2026;7051.66;4852.86;4852.86;0.0;0.0;0.0;0.0;16757.38;Com contrato;Despesas Correntes;0.0;7051.66;4852.86;2198.8;4852.86;
154103;CAMPUS DO JUNCO/FUFPI;10013974000163.0;SERVFAZ SERVICOS DE MAO DE OBRA LTDA;V4002N01CTN;CONTRATOS EM GERAL DO RU.;339037;Locação de Mão de Obra;154048152652026NE000023;15404805000512025 - UASG MINUTA: 154048;2026;2026;86717.13;76927.48;75179.07;0.0;0.0;0.0;0.0;238823.68;Com contrato;Despesas Correntes;0.0;86717.13;76927.48;9789.650000000009;75179.07;
154095;CENTRO DE CIENCIAS DA SAUDE/FUFPI;13751395000106.0;INFINYT COMERCIO SERVICOS E REPRESENTACOES LTDA;M8282G01CTN;CONTRATOS EM GERAL.;339039;Outros Serviços de Terceiros - Pessoa Jurídica;154048152652026NE000024;15404805000152022 - UASG MINUTA: 154048;2026;2026;260324.33;260324.33;260324.33;0.0;0.0;0.0;0.0;780972.99;Com contrato;Despesas Correntes;0.0;260324.33;260324.33;0.0;260324.33;
154103;CAMPUS DO JUNCO/FUFPI;58425324000151.0;AGUAS DO PIAUI SPE S.A.;M20RKG01CTN;CONTRATOS EM GERAL.;339039;Outros Serviços de Terceiros - Pessoa Jurídica;154048152652026NE000025;15404807001452025 - UASG MINUTA: 154048;2026;2026;22399.01;22399.01;20954.3;0.0;0.0;0.0;0.0;65752.32;Com contrato;Despesas Correntes;0.0;22399.01;22399.01;0.0;20954.3;
154578;PRO-REITORIA DE PESQUISA;154048.0;FUNDACAO UNIVERSIDADE FEDERAL DO PIAUI;V20GKN2300N;CONCESSAO DE BOLSAS.;339020;Auxílio Financeiro a Pesquisadores;154048152652026NE000026;SEM INFORMACAO;2026;2026;204900.0;204900.0;204900.0;0.0;0.0;0.0;0.0;614700.0;Sem contrato;Despesas Correntes;0.0;204900.0;204900.0;0.0;204900.0;
156182;PREFEITURA UNIVERSITARIA;11842881000104.0;CET SEG SERVICOS E LOCACAO DE MAO DE OBRA LTDA;M20RKG01CTN;CONTRATOS EM GERAL.;339037;Locação de Mão de Obra;154048152652026NE000028;15404805000172020 - UASG MINUTA: 154048;2026;2026;1388582.78;1196048.16;1196048.16;0.0;0.0;0.0;0.0;3780679.1;Com contrato;Despesas Correntes;0.0;1388582.78;1196048.16;192534.6200000001;1196048.16;
156183;SUPERINTENDENCIA DE RECURSOS HUMANOS;510001.0;COORD.GERAL DE ORCAMENTO, FINANCAS E CONTAB.;M20RKG1900N;ENSINO-GESTAO;339147;Obrigações Tributárias e Contributivas em Operações Intraorçamentárias;154048152652026NE000048;SEM INFORMACAO;2026;2026;3179535.0;2513487.37;2513487.37;0.0;0.0;0.0;0.0;8206509.74;Sem contrato;Despesas Correntes;0.0;3179535.0;2513487.37;666047.6299999999;2513487.37;
156180;NUCLEO DE TECNOLOGIA DA INFORMACAO-NTI;154048.0;FUNDACAO UNIVERSIDADE FEDERAL DO PIAUI;M20RKG1900N;ENSINO-GESTAO;339014;Diárias - Pessoal Civil;154048152652026NE000050;SEM INFORMACAO;2026;2026;15554.24;14369.24;14369.24;0.0;0.0;0.0;0.0;44292.72;Sem contrato;Despesas Correntes;0.0;15554.24;14369.24;1185.0;14369.24;
156181;SUPERINTENDENCIA DE COMUNICACAO SOCIAL;154048.0;FUNDACAO UNIVERSIDADE FEDERAL DO PIAUI;M20RKG1900N;ENSINO-GESTAO;339014;Diárias - Pessoal Civil;154048152652026NE000051;SEM INFORMACAO;2026;2026;20000.0;13265.09;13265.09;0.0;0.0;0.0;0.0;46530.18;Sem contrato;Despesas Correntes;0.0;20000.0;13265.09;6734.91;13265.09;
156183;SUPERINTENDENCIA DE RECURSOS HUMANOS;154048.0;FUNDACAO UNIVERSIDADE FEDERAL DO PIAUI;M20RKG1900N;ENSINO-GESTAO;339014;Diárias - Pessoal Civil;154048152652026NE000052;SEM INFORMACAO;2026;2026;26000.0;10096.28;10096.28;0.0;0.0;0.0;0.0;46192.56;Sem contrato;Despesas Correntes;0.0;26000.0;10096.28;15903.72;10096.28;
151064;CAMPUS AMILCAR FERREIRA SOBRAL;5340639000130.0;PRIME CONSULTORIA E ASSESSORIA EMPRESARIAL LTDA;M8282G01CTN;CONTRATOS EM GERAL.;339039;Outros Serviços de Terceiros - Pessoa Jurídica;154048152652026NE000053;15404805000402023 - UASG MINUTA: 154048;2026;2026;42111.21;42111.21;39274.21;0.0;0.0;0.0;0.0;123496.63;Com contrato;Despesas Correntes;0.0;42111.21;42111.21;0.0;39274.21;
151064;CAMPUS AMILCAR FERREIRA SOBRAL;5340639000130.0;PRIME CONSULTORIA E ASSESSORIA EMPRESARIAL LTDA;M8282G01CTN;CONTRATOS EM GERAL.;339030;Material de Consumo;154048152652026NE000054;15404805000402023 - UASG MINUTA: 154048;2026;2026;86883.8;84078.9;84078.9;0.0;0.0;0.0;0.0;255041.6;Com contrato;Despesas Correntes;0.0;86883.8;84078.9;2804.9000000000087;84078.9;
156182;PREFEITURA UNIVERSITARIA;10013974000163.0;SERVFAZ SERVICOS DE MAO DE OBRA LTDA;M20RKG01CTN;CONTRATOS EM GERAL.;339037;Locação de Mão de Obra;154048152652026NE000055;15404805000422025 - UASG MINUTA: 154048;2026;2026;912663.17;838686.4;729611.27;0.0;0.0;0.0;0.0;2480960.84;Com contrato;Despesas Correntes;0.0;912663.17;838686.4;73976.77000000002;729611.27;
156182;PREFEITURA UNIVERSITARIA;10013974000163.0;SERVFAZ SERVICOS DE MAO DE OBRA LTDA;M20RKG01CTN;CONTRATOS EM GERAL.;339037;Locação de Mão de Obra;154048152652026NE000056;15404805000422025 - UASG MINUTA: 154048;2026;2026;89013.38;82831.61;78047.28;0.0;0.0;0.0;0.0;249892.27;Com contrato;Despesas Correntes;0.0;89013.38;82831.61;6181.770000000004;78047.28;
154356;PRO-REITORIA ASS.ESTUDANTIS E COMUNITARIOS;2531343000108.0;ADSERVI - ADMINISTRADORA DE SERVICOS LTDA;V4002N01CTN;CONTRATOS EM GERAL DO RU.;339037;Locação de Mão de Obra;154048152652026NE000057;15404805000522025 - UASG MINUTA: 154048;2026;2026;1659270.53;1275890.28;1238961.95;0.0;0.0;0.0;0.0;4174122.76;Com contrato;Despesas Correntes;0.0;1659270.53;1275890.28;383380.25;1238961.95;
154102;COLEGIO AGRICOLA DE FLRIANO/FUFPI;5340639000130.0;PRIME CONSULTORIA E ASSESSORIA EMPRESARIAL LTDA;L20RLM01CTN;CONTRATOS EM GERAL DOS COLEGIOS TECNICOS.;339039;Outros Serviços de Terceiros - Pessoa Jurídica;154048152652026NE000058;15404805000442023 - UASG MINUTA: 154048;2026;2026;41824.03;19228.89;18090.61;0.0;0.0;0.0;0.0;79143.53;Com contrato;Despesas Correntes;0.0;41824.03;19228.89;22595.14;18090.61;
154102;COLEGIO AGRICOLA DE FLRIANO/FUFPI;5340639000130.0;PRIME CONSULTORIA E ASSESSORIA EMPRESARIAL LTDA;L20RLM01CTN;CONTRATOS EM GERAL DOS COLEGIOS TECNICOS.;339030;Material de Consumo;154048152652026NE000059;15404805000442023 - UASG MINUTA: 154048;2026;2026;83563.88;73538.65;73538.65;0.0;0.0;0.0;0.0;230641.18;Com contrato;Despesas Correntes;0.0;83563.88;73538.65;10025.23000000001;73538.65;
156182;PREFEITURA UNIVERSITARIA;10013974000163.0;SERVFAZ SERVICOS DE MAO DE OBRA LTDA;M20RKG01CTN;CONTRATOS EM GERAL.;339037;Locação de Mão de Obra;154048152652026NE000060;15404805000132024 - UASG MINUTA: 154048;2026;2026;7378349.3;6925487.62;6656214.39;0.0;0.0;0.0;0.0;20960051.31;Com contrato;Despesas Correntes;0.0;7378349.3;6925487.62;452861.6799999997;6656214.39;
151064;CAMPUS AMILCAR FERREIRA SOBRAL;3506307000157.0;TICKET SOLUCOES HDFGT S/A;M20RKG01CTN;CONTRATOS EM GERAL.;339039;Outros Serviços de Terceiros - Pessoa Jurídica;154048152652026NE000061;15404805000552023 - UASG MINUTA: 154048;2026;2026;109849.12;92669.28;92502.38;0.0;0.0;0.0;0.0;295020.78;Com contrato;Despesas Correntes;0.0;109849.12;92669.28;17179.839999999997;92502.38;
154101;COLEGIO AGRICOLA DE TERESINA/FUFPI;154048.0;FUNDACAO UNIVERSIDADE FEDERAL DO PIAUI;L20RLM1900N;COLEGIOS TECNICOS DA UFPI;339014;Diárias - Pessoal Civil;154048152652026NE000062;SEM INFORMACAO;2026;2026;16000.0;12844.72;12844.72;0.0;0.0;0.0;0.0;41689.44;Sem contrato;Despesas Correntes;0.0;16000.0;12844.72;3155.2800000000007;12844.72;
154102;COLEGIO AGRICOLA DE FLRIANO/FUFPI;154048.0;FUNDACAO UNIVERSIDADE FEDERAL DO PIAUI;L20RLM1900N;COLEGIOS TECNICOS DA UFPI;339014;Diárias - Pessoal Civil;154048152652026NE000063;SEM INFORMACAO;2026;2026;53162.0;34441.82;33777.68;0.0;0.0;0.0;0.0;121381.5;Sem contrato;Despesas Correntes;0.0;53162.0;34441.82;18720.18;33777.68;
154104;COLEGIO AGRICOLA DE BOM JESUS/FUFPI;154048.0;FUNDACAO UNIVERSIDADE FEDERAL DO PIAUI;L20RLM1900N;COLEGIOS TECNICOS DA UFPI;339014;Diárias - Pessoal Civil;154048152652026NE000064;SEM INFORMACAO;2026;2026;42000.0;30233.71;30233.71;0.0;0.0;0.0;0.0;102467.42;Sem contrato;Despesas Correntes;0.0;42000.0;30233.71;11766.29;30233.71;
154101;COLEGIO AGRICOLA DE TERESINA/FUFPI;23361387000107.0;BRASITUR EVENTOS E TURISMO LTDA;L20RLM01CTN;CONTRATOS EM GERAL DOS COLEGIOS TECNICOS.;339033;Passagens e Despesas com Locomoção;154048152652026NE000067;15404805000162025 - UASG MINUTA: 154048;2026;2026;28991.04;23093.25;23093.25;0.0;0.0;0.0;0.0;75177.54;Com contrato;Despesas Correntes;0.0;28991.04;23093.25;5897.790000000001;23093.25;
154578;PRO-REITORIA DE PESQUISA;2161408000170.0;F BRASILEIRO FILHO & CIA LTDA;M20RKG6000N;ENSINO-GESTAO;339030;Material de Consumo;154048152652026NE000068;15404805900162025 - UASG MINUTA: 154048;2026;2026;0.0;0.0;0.0;0.0;0.0;0.0;0.0;0.0;Sem contrato;Despesas Correntes;0.0;0.0;0.0;0.0;0.0;
154578;PRO-REITORIA DE PESQUISA;31917874000131.0;J V N ROCHA;M20RKG6000N;ENSINO-GESTAO;339030;Material de Consumo;154048152652026NE000069;15404805900162025 - UASG MINUTA: 154048;2026;2026;0.0;0.0;0.0;0.0;0.0;0.0;0.0;0.0;Sem contrato;Despesas Correntes;0.0;0.0;0.0;0.0;0.0;
154578;PRO-REITORIA DE PESQUISA;2161408000170.0;F BRASILEIRO FILHO & CIA LTDA;M20RKG6000N;ENSINO-GESTAO;339030;Material de Consumo;154048152652026NE000070;15404805900162025 - UASG MINUTA: 154048;2026;2026;24462.7;24462.7;24462.7;0.0;0.0;0.0;0.0;73388.1;Sem contrato;Despesas Correntes;0.0;24462.7;24462.7;0.0;24462.7;
154102;COLEGIO AGRICOLA DE FLRIANO/FUFPI;23361387000107.0;BRASITUR EVENTOS E TURISMO LTDA;L20RLM01CTN;CONTRATOS EM GERAL DOS COLEGIOS TECNICOS.;339033;Passagens e Despesas com Locomoção;154048152652026NE000071;15404805000162025 - UASG MINUTA: 154048;2026;2026;56409.23;38813.71;38813.71;0.0;0.0;0.0;0.0;134036.65;Com contrato;Despesas Correntes;0.0;56409.23;38813.71;17595.520000000004;38813.71;
154104;COLEGIO AGRICOLA DE BOM JESUS/FUFPI;23361387000107.0;BRASITUR EVENTOS E TURISMO LTDA;L20RLM01CTN;CONTRATOS EM GERAL DOS COLEGIOS TECNICOS.;339033;Passagens e Despesas com Locomoção;154048152652026NE000072;15404805000162025 - UASG MINUTA: 154048;2026;2026;6999.02;4947.6;4947.6;0.0;0.0;0.0;0.0;16894.22;Com contrato;Despesas Correntes;0.0;6999.02;4947.6;2051.42;4947.6;
154103;CAMPUS DO JUNCO/FUFPI;9524545000171.0;WF TECNOLOGIA CIENTIFICA E CONSTRUTORA LTDA;M8282G01CTN;CONTRATOS EM GERAL.;339039;Outros Serviços de Terceiros - Pessoa Jurídica;154048152652026NE000073;15404805000552025 - UASG MINUTA: 154048;2026;2026;44085.72;44085.72;44085.72;0.0;0.0;0.0;0.0;132257.16;Com contrato;Despesas Correntes;0.0;44085.72;44085.72;0.0;44085.72;
156180;NUCLEO DE TECNOLOGIA DA INFORMACAO-NTI;23361387000107.0;BRASITUR EVENTOS E TURISMO LTDA;M20RKG01CTN;CONTRATOS EM GERAL.;339033;Passagens e Despesas com Locomoção;154048152652026NE000074;15404805000162025 - UASG MINUTA: 154048;2026;2026;24995.09;15115.96;15115.96;0.0;0.0;0.0;0.0;55227.01;Com contrato;Despesas Correntes;0.0;24995.09;15115.96;9879.130000000001;15115.96;
156181;SUPERINTENDENCIA DE COMUNICACAO SOCIAL;23361387000107.0;BRASITUR EVENTOS E TURISMO LTDA;M20RKG01CTN;CONTRATOS EM GERAL.;339033;Passagens e Despesas com Locomoção;154048152652026NE000075;15404805000162025 - UASG MINUTA: 154048;2026;2026;22996.07;14995.87;14995.87;0.0;0.0;0.0;0.0;52987.81;Com contrato;Despesas Correntes;0.0;22996.07;14995.87;8000.199999999999;14995.87;
156183;SUPERINTENDENCIA DE RECURSOS HUMANOS;23361387000107.0;BRASITUR EVENTOS E TURISMO LTDA;M20RKG01CTN;CONTRATOS EM GERAL.;339033;Passagens e Despesas com Locomoção;154048152652026NE000076;15404805000162025 - UASG MINUTA: 154048;2026;2026;27990.93;24530.51;24530.51;0.0;0.0;0.0;0.0;77051.95;Com contrato;Despesas Correntes;0.0;27990.93;24530.51;3460.420000000002;24530.51;
154095;CENTRO DE CIENCIAS DA SAUDE/FUFPI;9524545000171.0;WF TECNOLOGIA CIENTIFICA E CONSTRUTORA LTDA;M8282G01CTN;CONTRATOS EM GERAL.;339039;Outros Serviços de Terceiros - Pessoa Jurídica;154048152652026NE000077;15404805000602025 - UASG MINUTA: 154048;2026;2026;79093.38;39546.69;39546.69;0.0;0.0;0.0;0.0;158186.76;Com contrato;Despesas Correntes;0.0;79093.38;39546.69;39546.69;39546.69;
154103;CAMPUS DO JUNCO/FUFPI;7721678000102.0;ARAUJO E ARAUJO EMPREENDIMENTOS LTDA;M20RKG01CTN;CONTRATOS EM GERAL.;339033;Passagens e Despesas com Locomoção;154048152652026NE000078;15404805000262025 - UASG MINUTA: 154048;2026;2026;155552.01;132794.3;132794.3;0.0;0.0;0.0;0.0;421140.61;Com contrato;Despesas Correntes;0.0;155552.01;132794.3;22757.71000000002;132794.3;
154103;CAMPUS DO JUNCO/FUFPI;69607729000127.0;J J E SILVA LTDA;M20RKG01CTN;CONTRATOS EM GERAL.;339033;Passagens e Despesas com Locomoção;154048152652026NE000079;15404805000272023 - UASG MINUTA: 154048;2026;2026;744.99;0.0;0.0;0.0;0.0;0.0;0.0;744.99;Com contrato;Despesas Correntes;0.0;744.99;0.0;744.99;0.0;
154103;CAMPUS DO JUNCO/FUFPI;12710740000109.0;NATUS AMBIENTAL LTDA;M20RKG01CTN;CONTRATOS EM GERAL.;339039;Outros Serviços de Terceiros - Pessoa Jurídica;154048152652026NE000080;15404805000232020 - UASG MINUTA: 154048;2026;2026;1954.02;0.0;0.0;0.0;0.0;0.0;0.0;1954.02;Com contrato;Despesas Correntes;0.0;1954.02;0.0;1954.02;0.0;
154578;PRO-REITORIA DE PESQUISA;154048.0;FUNDACAO UNIVERSIDADE FEDERAL DO PIAUI;V20GKN2300N;CONCESSAO DE BOLSAS.;339018;Auxílio Financeiro a Estudantes;154048152652026NE000081;SEM INFORMACAO;2026;2026;33600.0;33600.0;33600.0;0.0;0.0;0.0;0.0;100800.0;Sem contrato;Despesas Correntes;0.0;33600.0;33600.0;0.0;33600.0;
154578;PRO-REITORIA DE PESQUISA;154048.0;FUNDACAO UNIVERSIDADE FEDERAL DO PIAUI;V20GKN2300N;CONCESSAO DE BOLSAS.;339020;Auxílio Financeiro a Pesquisadores;154048152652026NE000082;SEM INFORMACAO;2026;2026;9500.0;9500.0;9500.0;0.0;0.0;0.0;0.0;28500.0;Sem contrato;Despesas Correntes;0.0;9500.0;9500.0;0.0;9500.0;
154578;PRO-REITORIA DE PESQUISA;154048.0;FUNDACAO UNIVERSIDADE FEDERAL DO PIAUI;V20GKN2300N;CONCESSAO DE BOLSAS.;339018;Auxílio Financeiro a Estudantes;154048152652026NE000083;SEM INFORMACAO;2026;2026;45500.0;24500.0;24500.0;0.0;0.0;0.0;0.0;94500.0;Sem contrato;Despesas Correntes;0.0;45500.0;24500.0;21000.0;24500.0;
154578;PRO-REITORIA DE PESQUISA;154048.0;FUNDACAO UNIVERSIDADE FEDERAL DO PIAUI;V20GKN2300N;CONCESSAO DE BOLSAS.;339020;Auxílio Financeiro a Pesquisadores;154048152652026NE000084;SEM INFORMACAO;2026;2026;18200.0;11600.0;11600.0;0.0;0.0;0.0;0.0;41400.0;Sem contrato;Despesas Correntes;0.0;18200.0;11600.0;6600.0;11600.0;
151064;CAMPUS AMILCAR FERREIRA SOBRAL;7721678000102.0;ARAUJO E ARAUJO EMPREENDIMENTOS LTDA;M20RKG01CTN;CONTRATOS EM GERAL.;339033;Passagens e Despesas com Locomoção;154048152652026NE000085;15404805000412025 - UASG MINUTA: 154048;2026;2026;90470.48;80394.6;80394.6;0.0;0.0;0.0;0.0;251259.68;Com contrato;Despesas Correntes;0.0;90470.48;80394.6;10075.87999999999;80394.6;
154093;BIBLIOTECA CENTRAL/FUFPI;28000129.0;TARGET ENGENHARIA E CONSULTORIA LTDA.;M20RKG01CTN;CONTRATOS EM GERAL.;339039;Outros Serviços de Terceiros - Pessoa Jurídica;154048152652026NE000086;15404806000172025 - UASG MINUTA: 154048;2026;2026;10300.18;10300.18;10300.18;0.0;0.0;0.0;0.0;30900.54;Com contrato;Despesas Correntes;0.0;10300.18;10300.18;0.0;10300.18;
156182;PREFEITURA UNIVERSITARIA;5340639000130.0;PRIME CONSULTORIA E ASSESSORIA EMPRESARIAL LTDA;M8282G01CTN;CONTRATOS EM GERAL.;339039;Outros Serviços de Terceiros - Pessoa Jurídica;154048152652026NE000087;15404805000362023 - UASG MINUTA: 154048;2026;2026;204999.2;204999.2;204999.2;0.0;0.0;0.0;0.0;614997.6;Com contrato;Despesas Correntes;0.0;204999.2;204999.2;0.0;204999.2;
156182;PREFEITURA UNIVERSITARIA;5340639000130.0;PRIME CONSULTORIA E ASSESSORIA EMPRESARIAL LTDA;M8282G01CTN;CONTRATOS EM GERAL.;339030;Material de Consumo;154048152652026NE000088;15404805000362023 - UASG MINUTA: 154048;2026;2026;280997.57;280997.57;280997.57;0.0;0.0;0.0;0.0;842992.71;Com contrato;Despesas Correntes;0.0;280997.57;280997.57;0.0;280997.57;
151064;CAMPUS AMILCAR FERREIRA SOBRAL;9019150000111.0;ATD LOCACAO LTDA;V4002N01CTN;CONTRATOS EM GERAL DO RU.;339037;Locação de Mão de Obra;154048152652026NE000089;15404805000422023 - UASG MINUTA: 154048;2026;2026;642125.96;563422.14;539363.67;0.0;0.0;0.0;0.0;1744911.77;Com contrato;Despesas Correntes;0.0;642125.96;563422.14;78703.81999999995;539363.67;
151064;CAMPUS AMILCAR FERREIRA SOBRAL;8644690000123.0;CET-SEG SEGURANCA ARMADA LTDA;M20RKG01CTN;CONTRATOS EM GERAL.;339037;Locação de Mão de Obra;154048152652026NE000090;15404805000142020 - UASG MINUTA: 154048;2026;2026;817597.94;817597.94;817597.94;0.0;0.0;0.0;0.0;2452793.82;Com contrato;Despesas Correntes;0.0;817597.94;817597.94;0.0;817597.94;
154102;COLEGIO AGRICOLA DE FLRIANO/FUFPI;9019150000111.0;ATD LOCACAO LTDA;L20RLM01CTN;CONTRATOS EM GERAL DOS COLEGIOS TECNICOS.;339037;Locação de Mão de Obra;154048152652026NE000091;15404805000192025 - UASG MINUTA: 154048;2026;2026;17300.23;15570.0;15570.0;0.0;0.0;0.0;0.0;48440.23;Com contrato;Despesas Correntes;0.0;17300.23;15570.0;1730.2299999999996;15570.0;
156182;PREFEITURA UNIVERSITARIA;3515317000159.0;CECOL - CENTRO DE COMERCIO E LOCACAO LTDA;M20RKG01CTN;CONTRATOS EM GERAL.;339033;Passagens e Despesas com Locomoção;154048152652026NE000092;15404805000232025 - UASG MINUTA: 154048;2026;2026;176446.6;156841.12;156841.12;0.0;0.0;0.0;0.0;490128.84;Com contrato;Despesas Correntes;0.0;176446.6;156841.12;19605.48000000001;156841.12;
151064;CAMPUS AMILCAR FERREIRA SOBRAL;9019150000111.0;ATD LOCACAO LTDA;M20RKG01CTN;CONTRATOS EM GERAL.;339037;Locação de Mão de Obra;154048152652026NE000094;15404805000142025 - UASG MINUTA: 154048;2026;2026;12975.87;11677.5;11677.5;0.0;0.0;0.0;0.0;36330.87;Com contrato;Despesas Correntes;0.0;12975.87;11677.5;1298.3700000000008;11677.5;
154089;PRO-REITORIA DE EXTENSAOFUFPI;154048.0;FUNDACAO UNIVERSIDADE FEDERAL DO PIAUI;V20GKN2300N;CONCESSAO DE BOLSAS.;339018;Auxílio Financeiro a Estudantes;154048152652026NE000097;SEM INFORMACAO;2026;2026;196000.0;196000.0;168000.0;0.0;0.0;0.0;0.0;560000.0;Sem contrato;Despesas Correntes;0.0;196000.0;196000.0;0.0;168000.0;
154578;PRO-REITORIA DE PESQUISA;154048.0;FUNDACAO UNIVERSIDADE FEDERAL DO PIAUI;V20GKN2300N;CONCESSAO DE BOLSAS.;339018;Auxílio Financeiro a Estudantes;154048152652026NE000098;SEM INFORMACAO;2026;2026;57400.0;38500.0;38500.0;0.0;0.0;0.0;0.0;134400.0;Sem contrato;Despesas Correntes;0.0;57400.0;38500.0;18900.0;38500.0;
154578;PRO-REITORIA DE PESQUISA;154048.0;FUNDACAO UNIVERSIDADE FEDERAL DO PIAUI;V20GKN2300N;CONCESSAO DE BOLSAS.;339020;Auxílio Financeiro a Pesquisadores;154048152652026NE000099;SEM INFORMACAO;2026;2026;29700.0;19800.0;19800.0;0.0;0.0;0.0;0.0;69300.0;Sem contrato;Despesas Correntes;0.0;29700.0;19800.0;9900.0;19800.0;
154089;PRO-REITORIA DE EXTENSAOFUFPI;154048.0;FUNDACAO UNIVERSIDADE FEDERAL DO PIAUI;V20GKN2300N;CONCESSAO DE BOLSAS.;339018;Auxílio Financeiro a Estudantes;154048152652026NE000100;SEM INFORMACAO;2026;2026;960400.0;818300.0;818300.0;0.0;0.0;0.0;0.0;2597000.0;Sem contrato;Despesas Correntes;0.0;960400.0;818300.0;142100.0;818300.0;
156183;SUPERINTENDENCIA DE RECURSOS HUMANOS;154048.0;FUNDACAO UNIVERSIDADE FEDERAL DO PIAUI;M20RKG19CPN;COPESE - UFPI;339092;Despesas de Exercícios Anteriores;154048152652026NE000101;SEM INFORMACAO;2026;2026;8285.28;8285.28;8285.28;0.0;0.0;0.0;0.0;24855.84;Sem contrato;Despesas Correntes;0.0;8285.28;8285.28;0.0;8285.28;
156183;SUPERINTENDENCIA DE RECURSOS HUMANOS;510001.0;COORD.GERAL DE ORCAMENTO, FINANCAS E CONTAB.;M20RKG19CPN;COPESE - UFPI;339147;Obrigações Tributárias e Contributivas em Operações Intraorçamentárias;154048152652026NE000102;SEM INFORMACAO;2026;2026;20084.32;20083.86;20083.86;0.0;0.0;0.0;0.0;60252.04;Sem contrato;Despesas Correntes;0.0;20084.32;20083.86;0.4599999999991269;20083.86;
154103;CAMPUS DO JUNCO/FUFPI;8596699000106.0;DB LOCACAO DE VEICULOS LTDA;M20RKG01CTN;CONTRATOS EM GERAL.;339033;Passagens e Despesas com Locomoção;154048152652026NE000103;15404805000582023 - UASG MINUTA: 154048;2026;2026;1058.16;0.0;0.0;0.0;0.0;0.0;0.0;1058.16;Com contrato;Despesas Correntes;0.0;1058.16;0.0;1058.16;0.0;
154094;CENTRO DE CIENCIAS DA NATUREZA/FUFPI;154048.0;FUNDACAO UNIVERSIDADE FEDERAL DO PIAUI;M20RKG1900N;ENSINO-GESTAO;339014;Diárias - Pessoal Civil;154048152652026NE000104;SEM INFORMACAO;2026;2026;43439.35;26772.28;24098.18;0.0;0.0;0.0;0.0;94309.81;Sem contrato;Despesas Correntes;0.0;43439.35;26772.28;16667.07;24098.18;
154094;CENTRO DE CIENCIAS DA NATUREZA/FUFPI;23361387000107.0;BRASITUR EVENTOS E TURISMO LTDA;M20RKG01CTN;CONTRATOS EM GERAL.;339033;Passagens e Despesas com Locomoção;154048152652026NE000105;15404805000162025 - UASG MINUTA: 154048;2026;2026;54992.14;38741.28;38741.28;0.0;0.0;0.0;0.0;132474.7;Com contrato;Despesas Correntes;0.0;54992.14;38741.28;16250.86;38741.28;
154103;CAMPUS DO JUNCO/FUFPI;5340639000130.0;PRIME CONSULTORIA E ASSESSORIA EMPRESARIAL LTDA;M8282G01CTN;CONTRATOS EM GERAL.;339039;Outros Serviços de Terceiros - Pessoa Jurídica;154048152652026NE000106;15404805000572023 - UASG MINUTA: 154048;2026;2026;84984.21;84984.21;84773.53;0.0;0.0;0.0;0.0;254741.95;Com contrato;Despesas Correntes;0.0;84984.21;84984.21;0.0;84773.53;
154103;CAMPUS DO JUNCO/FUFPI;5340639000130.0;PRIME CONSULTORIA E ASSESSORIA EMPRESARIAL LTDA;M8282G01CTN;CONTRATOS EM GERAL.;339039;Outros Serviços de Terceiros - Pessoa Jurídica;154048152652026NE000107;15404805000452023 - UASG MINUTA: 154048;2026;2026;16338.92;9445.63;9422.51;0.0;0.0;0.0;0.0;35207.06;Com contrato;Despesas Correntes;0.0;16338.92;9445.63;6893.290000000001;9422.51;
154103;CAMPUS DO JUNCO/FUFPI;5340639000130.0;PRIME CONSULTORIA E ASSESSORIA EMPRESARIAL LTDA;M8282G01CTN;CONTRATOS EM GERAL.;339030;Material de Consumo;154048152652026NE000108;15404805000452023 - UASG MINUTA: 154048;2026;2026;59775.01;33969.61;33969.61;0.0;0.0;0.0;0.0;127714.23;Com contrato;Despesas Correntes;0.0;59775.01;33969.61;25805.4;33969.61;
154103;CAMPUS DO JUNCO/FUFPI;10013974000163.0;SERVFAZ SERVICOS DE MAO DE OBRA LTDA;M20RKG01CTN;CONTRATOS EM GERAL.;339037;Locação de Mão de Obra;154048152652026NE000109;15404806000322025 - UASG MINUTA: 154048;2026;2026;274270.8;274270.28;274270.28;0.0;0.0;0.0;0.0;822811.36;Com contrato;Despesas Correntes;0.0;274270.8;274270.28;0.5199999999604188;274270.28;
154103;CAMPUS DO JUNCO/FUFPI;8644690000123.0;CET-SEG SEGURANCA ARMADA LTDA;M20RKG01CTN;CONTRATOS EM GERAL.;339037;Locação de Mão de Obra;154048152652026NE000110;15404805000182020 - UASG MINUTA: 154048;2026;2026;378259.58;322108.6;322108.6;0.0;0.0;0.0;0.0;1022476.78;Com contrato;Despesas Correntes;0.0;378259.58;322108.6;56150.98000000004;322108.6;
154104;COLEGIO AGRICOLA DE BOM JESUS/FUFPI;87883807000106.0;MBM SEGURADORA SA;L20RLM01CTN;CONTRATOS EM GERAL DOS COLEGIOS TECNICOS.;339039;Outros Serviços de Terceiros - Pessoa Jurídica;154048152652026NE000111;15404805000112022 - UASG MINUTA: 154048;2026;2026;610.83;454.4;449.49;0.0;0.0;0.0;0.0;1514.72;Com contrato;Despesas Correntes;0.0;610.83;454.4;156.43000000000006;449.49;
154104;COLEGIO AGRICOLA DE BOM JESUS/FUFPI;8026009000183.0;LOKAL RENT A CAR LTDA;L20RLM01CTN;CONTRATOS EM GERAL DOS COLEGIOS TECNICOS.;339033;Passagens e Despesas com Locomoção;154048152652026NE000112;15404805000172025 - UASG MINUTA: 154048;2026;2026;264741.0;232039.2;232039.2;0.0;0.0;0.0;0.0;728819.4;Com contrato;Despesas Correntes;0.0;264741.0;232039.2;32701.79999999999;232039.2;
154088;PRO-REITORIA DE ENSINOFUFPI;87883807000106.0;MBM SEGURADORA SA;M20RKG01CTN;CONTRATOS EM GERAL.;339039;Outros Serviços de Terceiros - Pessoa Jurídica;154048152652026NE000113;15404805000052023 - UASG MINUTA: 154048;2026;2026;35727.0;23648.13;23341.81;0.0;0.0;0.0;0.0;82716.94;Com contrato;Despesas Correntes;0.0;35727.0;23648.13;12078.869999999999;23341.81;
151667;CENTRO DE ENSINO A DISTANCIA;87883807000106.0;MBM SEGURADORA SA;M20RKG01CTN;CONTRATOS EM GERAL.;339039;Outros Serviços de Terceiros - Pessoa Jurídica;154048152652026NE000114;15404805000052023 - UASG MINUTA: 154048;2026;2026;5478.0;4852.47;4852.47;0.0;0.0;0.0;0.0;15182.94;Com contrato;Despesas Correntes;0.0;5478.0;4852.47;625.5299999999997;4852.47;
154104;COLEGIO AGRICOLA DE BOM JESUS/FUFPI;5340639000130.0;PRIME CONSULTORIA E ASSESSORIA EMPRESARIAL LTDA;L20RLM01CTN;CONTRATOS EM GERAL DOS COLEGIOS TECNICOS.;339039;Outros Serviços de Terceiros - Pessoa Jurídica;154048152652026NE000115;15404805000382023 - UASG MINUTA: 154048;2026;2026;37710.76;28954.74;28954.74;0.0;0.0;0.0;0.0;95620.24;Com contrato;Despesas Correntes;0.0;37710.76;28954.74;8756.02;28954.74;
154104;COLEGIO AGRICOLA DE BOM JESUS/FUFPI;5340639000130.0;PRIME CONSULTORIA E ASSESSORIA EMPRESARIAL LTDA;L20RLM01CTN;CONTRATOS EM GERAL DOS COLEGIOS TECNICOS.;339030;Material de Consumo;154048152652026NE000116;15404805000382023 - UASG MINUTA: 154048;2026;2026;58698.87;43898.13;43798.14;0.0;0.0;0.0;0.0;146395.14;Com contrato;Despesas Correntes;0.0;58698.87;43898.13;14800.740000000005;43798.14;
156182;PREFEITURA UNIVERSITARIA;8026009000183.0;LOKAL RENT A CAR LTDA;M20RKG01CTN;CONTRATOS EM GERAL.;339033;Passagens e Despesas com Locomoção;154048152652026NE000117;15404805000212025 - UASG MINUTA: 154048;2026;2026;70243.6;62438.08;62438.08;0.0;0.0;0.0;0.0;195119.76;Com contrato;Despesas Correntes;0.0;70243.6;62438.08;7805.520000000004;62438.08;
154104;COLEGIO AGRICOLA DE BOM JESUS/FUFPI;10661512000152.0;PISCIS INDUSTRIA E COMERCIO LTDA;L20RLM6000N;COLEGIOS TECNICOS DA UFPI;339030;Material de Consumo;154048152652026NE000118;15404805900182024 - UASG MINUTA: 154048;2026;2026;5780.0;5780.0;5780.0;0.0;0.0;0.0;0.0;17340.0;Sem contrato;Despesas Correntes;0.0;5780.0;5780.0;0.0;5780.0;
154101;COLEGIO AGRICOLA DE TERESINA/FUFPI;13048109000140.0;SERVIRE AGENCIAMENTO DE MAO DE OBRA LTDA;L20RLM01CTN;CONTRATOS EM GERAL DOS COLEGIOS TECNICOS.;339037;Locação de Mão de Obra;154048152652026NE000120;15404805000122025 - UASG MINUTA: 154048;2026;2026;44998.87;37287.61;36682.59;0.0;0.0;0.0;0.0;118969.07;Com contrato;Despesas Correntes;0.0;44998.87;37287.61;7711.260000000002;36682.59;
154356;PRO-REITORIA ASS.ESTUDANTIS E COMUNITARIOS;13751395000106.0;INFINYT COMERCIO SERVICOS E REPRESENTACOES LTDA;V4002N01CTN;CONTRATOS EM GERAL DO RU.;339039;Outros Serviços de Terceiros - Pessoa Jurídica;154048152652026NE000121;15404805000142022 - UASG MINUTA: 154048;2026;2026;61317.88;53653.11;53653.11;0.0;0.0;0.0;0.0;168624.1;Com contrato;Despesas Correntes;0.0;61317.88;53653.11;7664.769999999997;53653.11;
154356;PRO-REITORIA ASS.ESTUDANTIS E COMUNITARIOS;13751395000106.0;INFINYT COMERCIO SERVICOS E REPRESENTACOES LTDA;V4002N01CTN;CONTRATOS EM GERAL DO RU.;339030;Material de Consumo;154048152652026NE000122;15404805000142022 - UASG MINUTA: 154048;2026;2026;9999.31;3029.5;3029.5;0.0;0.0;0.0;0.0;16058.31;Com contrato;Despesas Correntes;0.0;9999.31;3029.5;6969.8099999999995;3029.5;
154102;COLEGIO AGRICOLA DE FLRIANO/FUFPI;154048.0;FUNDACAO UNIVERSIDADE FEDERAL DO PIAUI;L2994M23CBN;CONCESSAO DE BOLSAS;339018;Auxílio Financeiro a Estudantes;154048152652026NE000123;SEM INFORMACAO;2026;2026;225369.0;72800.0;72800.0;0.0;0.0;0.0;0.0;370969.0;Sem contrato;Despesas Correntes;0.0;225369.0;72800.0;152569.0;72800.0;
150147;CAMPUS PROFESSORA CINOBELINA ELVAS;5340639000130.0;PRIME CONSULTORIA E ASSESSORIA EMPRESARIAL LTDA;M8282G01CTN;CONTRATOS EM GERAL.;339039;Outros Serviços de Terceiros - Pessoa Jurídica;154048152652026NE000124;15404805000492023 - UASG MINUTA: 154048;2026;2026;155385.44;155385.44;155385.44;0.0;0.0;0.0;0.0;466156.32;Com contrato;Despesas Correntes;0.0;155385.44;155385.44;0.0;155385.44;
150147;CAMPUS PROFESSORA CINOBELINA ELVAS;12710740000109.0;NATUS AMBIENTAL LTDA;M20RKG01CTN;CONTRATOS EM GERAL.;339039;Outros Serviços de Terceiros - Pessoa Jurídica;154048152652026NE000125;15404805000212020 - UASG MINUTA: 154048;2026;2026;15543.0;4094.02;4094.02;0.0;0.0;0.0;0.0;23731.04;Com contrato;Despesas Correntes;0.0;15543.0;4094.02;11448.98;4094.02;
154101;COLEGIO AGRICOLA DE TERESINA/FUFPI;87883807000106.0;MBM SEGURADORA SA;L20RLM01CTN;CONTRATOS EM GERAL DOS COLEGIOS TECNICOS.;339039;Outros Serviços de Terceiros - Pessoa Jurídica;154048152652026NE000126;15404805000102022 - UASG MINUTA: 154048;2026;2026;262.24;6.8;6.8;0.0;0.0;0.0;0.0;275.84;Com contrato;Despesas Correntes;0.0;262.24;6.8;255.44;6.8;
156182;PREFEITURA UNIVERSITARIA;6840748000189.0;EQUATORIAL PIAUI DISTRIBUIDORA DE ENERGIA S.A;M20RKG01CTN;CONTRATOS EM GERAL.;339092;Despesas de Exercícios Anteriores;154048152652026NE000127;15404807000362025 - UASG MINUTA: 154048;2026;2026;34307.2;34307.2;34307.2;0.0;0.0;0.0;0.0;102921.6;Com contrato;Despesas Correntes;0.0;34307.2;34307.2;0.0;34307.2;
156182;PREFEITURA UNIVERSITARIA;21992832000101.0;PONTUAL SERVICOS GERAIS LTDA;M20RKG01CTN;CONTRATOS EM GERAL.;339037;Locação de Mão de Obra;154048152652026NE000128;15404806000432025 - UASG MINUTA: 154048;2026;2026;7033003.21;7033003.21;6859023.26;0.0;0.0;0.0;0.0;20925029.68;Com contrato;Despesas Correntes;0.0;7033003.21;7033003.21;0.0;6859023.26;
154101;COLEGIO AGRICOLA DE TERESINA/FUFPI;5340639000130.0;PRIME CONSULTORIA E ASSESSORIA EMPRESARIAL LTDA;L20RLM01CTN;CONTRATOS EM GERAL DOS COLEGIOS TECNICOS.;339039;Outros Serviços de Terceiros - Pessoa Jurídica;154048152652026NE000129;15404805000562023 - UASG MINUTA: 154048;2026;2026;15810.16;10083.35;10079.79;0.0;0.0;0.0;0.0;35973.3;Com contrato;Despesas Correntes;0.0;15810.16;10083.35;5726.8099999999995;10079.79;
152660;HOSPITAL VETERINARIO DA UFPI;7083538000156.0;CONSELHO REGIONAL DE MEDICINA VETERINARIA DO ESTADO DO;M20RKG71TBN;HOSPITAL VETERINARIO DE TERESINA E BOM JESUS.;339047;Obrigações Tributárias e Contributivas;154048152652026NE000130;SEM INFORMACAO;2026;2026;170.0;170.0;170.0;0.0;0.0;0.0;0.0;510.0;Sem contrato;Despesas Correntes;0.0;170.0;170.0;0.0;170.0;
154104;COLEGIO AGRICOLA DE BOM JESUS/FUFPI;50707261000114.0;C R LUCENA SILVA SERVICO DE COMUNICACAO;L20RLM01CTN;CONTRATOS EM GERAL DOS COLEGIOS TECNICOS.;339040;Serviços de Tecnologia da Informação e Comunicação - pessoa jurídica;154048152652026NE000131;15404805900172025 - UASG MINUTA: 154048;2026;2026;0.0;0.0;0.0;0.0;0.0;0.0;0.0;0.0;Com contrato;Despesas Correntes;0.0;0.0;0.0;0.0;0.0;
156180;NUCLEO DE TECNOLOGIA DA INFORMACAO-NTI;11408142000109.0;MEGA TELEINFORMATICA LTDA;M20RKG01CTN;CONTRATOS EM GERAL.;339040;Serviços de Tecnologia da Informação e Comunicação - pessoa jurídica;154048152652026NE000132;15404805900172025 - UASG MINUTA: 154048;2026;2026;4917.0;4116.13;4040.53;0.0;0.0;0.0;0.0;13073.66;Com contrato;Despesas Correntes;0.0;4917.0;4116.13;800.8699999999999;4040.53;
151064;CAMPUS AMILCAR FERREIRA SOBRAL;11408142000109.0;MEGA TELEINFORMATICA LTDA;M8282G01CTN;CONTRATOS EM GERAL.;339040;Serviços de Tecnologia da Informação e Comunicação - pessoa jurídica;154048152652026NE000133;15404805900172025 - UASG MINUTA: 154048;2026;2026;0.0;0.0;0.0;0.0;0.0;0.0;0.0;0.0;Com contrato;Despesas Correntes;0.0;0.0;0.0;0.0;0.0;
154103;CAMPUS DO JUNCO/FUFPI;11408142000109.0;MEGA TELEINFORMATICA LTDA;M8282G01CTN;CONTRATOS EM GERAL.;339040;Serviços de Tecnologia da Informação e Comunicação - pessoa jurídica;154048152652026NE000134;15404805900172025 - UASG MINUTA: 154048;2026;2026;0.0;0.0;0.0;0.0;0.0;0.0;0.0;0.0;Com contrato;Despesas Correntes;0.0;0.0;0.0;0.0;0.0;
150147;CAMPUS PROFESSORA CINOBELINA ELVAS;11408142000109.0;MEGA TELEINFORMATICA LTDA;M8282G01CTN;CONTRATOS EM GERAL.;339040;Serviços de Tecnologia da Informação e Comunicação - pessoa jurídica;154048152652026NE000135;15404805900172025 - UASG MINUTA: 154048;2026;2026;0.0;0.0;0.0;0.0;0.0;0.0;0.0;0.0;Com contrato;Despesas Correntes;0.0;0.0;0.0;0.0;0.0;
156182;PREFEITURA UNIVERSITARIA;5340639000130.0;PRIME CONSULTORIA E ASSESSORIA EMPRESARIAL LTDA;M8282G01CTN;CONTRATOS EM GERAL.;339039;Outros Serviços de Terceiros - Pessoa Jurídica;154048152652026NE000136;15404805000482023 - UASG MINUTA: 154048;2026;2026;312216.95;312209.43;312209.43;0.0;0.0;0.0;0.0;936635.81;Com contrato;Despesas Correntes;0.0;312216.95;312209.43;7.5200000000186265;312209.43;
150147;CAMPUS PROFESSORA CINOBELINA ELVAS;50707261000114.0;C R LUCENA SILVA SERVICO DE COMUNICACAO;M20RKG01CTN;CONTRATOS EM GERAL.;339040;Serviços de Tecnologia da Informação e Comunicação - pessoa jurídica;154048152652026NE000137;15404805900172025 - UASG MINUTA: 154048;2026;2026;899.1;0.0;0.0;0.0;0.0;0.0;0.0;899.1;Com contrato;Despesas Correntes;0.0;899.1;0.0;899.1;0.0;
151064;CAMPUS AMILCAR FERREIRA SOBRAL;11408142000109.0;MEGA TELEINFORMATICA LTDA;M20RKG01CTN;CONTRATOS EM GERAL.;339040;Serviços de Tecnologia da Informação e Comunicação - pessoa jurídica;154048152652026NE000138;15404805900172025 - UASG MINUTA: 154048;2026;2026;5280.0;4479.57;4403.97;0.0;0.0;0.0;0.0;14163.54;Com contrato;Despesas Correntes;0.0;5280.0;4479.57;800.4300000000003;4403.97;
154103;CAMPUS DO JUNCO/FUFPI;11408142000109.0;MEGA TELEINFORMATICA LTDA;M20RKG01CTN;CONTRATOS EM GERAL.;339040;Serviços de Tecnologia da Informação e Comunicação - pessoa jurídica;154048152652026NE000139;15404805900172025 - UASG MINUTA: 154048;2026;2026;5299.0;4469.4;4393.8;0.0;0.0;0.0;0.0;14162.2;Com contrato;Despesas Correntes;0.0;5299.0;4469.4;829.6000000000004;4393.8;
150147;CAMPUS PROFESSORA CINOBELINA ELVAS;11408142000109.0;MEGA TELEINFORMATICA LTDA;M20RKG01CTN;CONTRATOS EM GERAL.;339040;Serviços de Tecnologia da Informação e Comunicação - pessoa jurídica;154048152652026NE000140;15404805900172025 - UASG MINUTA: 154048;2026;2026;4839.0;4035.43;3959.83;0.0;0.0;0.0;0.0;12834.26;Com contrato;Despesas Correntes;0.0;4839.0;4035.43;803.5700000000002;3959.83;
156182;PREFEITURA UNIVERSITARIA;69607729000127.0;J J E SILVA LTDA;M20RKG01CTN;CONTRATOS EM GERAL.;339033;Passagens e Despesas com Locomoção;154048152652026NE000141;15404805000212023 - UASG MINUTA: 154048;2026;2026;32005.38;3557.29;3306.52;0.0;0.0;0.0;0.0;38869.19;Com contrato;Despesas Correntes;0.0;32005.38;3557.29;28448.09;3306.52;
154098;CENTRO DE CIENCAS AGRARIAS/FUFPI;22561863000170.0;MULTPAR SERVICOS DE CONSTRUCAO LTDA;M8282Q01CTN;CONTRATOS DE MANUTENCAO PREDIAL;339039;Outros Serviços de Terceiros - Pessoa Jurídica;154048152652026NE000142;15404805000622025 - UASG MINUTA: 154048;2026;2026;49285.02;49285.02;49285.02;0.0;0.0;0.0;0.0;147855.06;Com contrato;Despesas Correntes;0.0;49285.02;49285.02;0.0;49285.02;
154102;COLEGIO AGRICOLA DE FLRIANO/FUFPI;5340639000130.0;PRIME CONSULTORIA E ASSESSORIA EMPRESARIAL LTDA;L20RLM01CTN;CONTRATOS EM GERAL DOS COLEGIOS TECNICOS.;339039;Outros Serviços de Terceiros - Pessoa Jurídica;154048152652026NE000143;15404805000542023 - UASG MINUTA: 154048;2026;2026;93002.11;85751.28;85543.44;0.0;0.0;0.0;0.0;264296.83;Com contrato;Despesas Correntes;0.0;93002.11;85751.28;7250.830000000002;85543.44;
156182;PREFEITURA UNIVERSITARIA;10013974000163.0;SERVFAZ SERVICOS DE MAO DE OBRA LTDA;M20RKG01CTN;CONTRATOS EM GERAL.;339092;Despesas de Exercícios Anteriores;154048152652026NE000144;15404805000152024 - UASG MINUTA: 154048;2026;2026;0.0;0.0;0.0;0.0;0.0;0.0;0.0;0.0;Com contrato;Despesas Correntes;0.0;0.0;0.0;0.0;0.0;
154101;COLEGIO AGRICOLA DE TERESINA/FUFPI;5340639000130.0;PRIME CONSULTORIA E ASSESSORIA EMPRESARIAL LTDA;L20RLM01CTN;CONTRATOS EM GERAL DOS COLEGIOS TECNICOS.;339039;Outros Serviços de Terceiros - Pessoa Jurídica;154048152652026NE000147;15404805000082024 - UASG MINUTA: 154048;2026;2026;3500.13;0.0;0.0;0.0;0.0;0.0;0.0;3500.13;Com contrato;Despesas Correntes;0.0;3500.13;0.0;3500.13;0.0;
154101;COLEGIO AGRICOLA DE TERESINA/FUFPI;5340639000130.0;PRIME CONSULTORIA E ASSESSORIA EMPRESARIAL LTDA;L20RLM01CTN;CONTRATOS EM GERAL DOS COLEGIOS TECNICOS.;339030;Material de Consumo;154048152652026NE000148;15404805000082024 - UASG MINUTA: 154048;2026;2026;4999.04;0.0;0.0;0.0;0.0;0.0;0.0;4999.04;Com contrato;Despesas Correntes;0.0;4999.04;0.0;4999.04;0.0;
154102;COLEGIO AGRICOLA DE FLRIANO/FUFPI;7721678000102.0;ARAUJO E ARAUJO EMPREENDIMENTOS LTDA;L20RLM01CTN;CONTRATOS EM GERAL DOS COLEGIOS TECNICOS.;339033;Passagens e Despesas com Locomoção;154048152652026NE000149;15404805000272025 - UASG MINUTA: 154048;2026;2026;68668.94;60906.86;60906.86;0.0;0.0;0.0;0.0;190482.66;Com contrato;Despesas Correntes;0.0;68668.94;60906.86;7762.080000000002;60906.86;
150147;CAMPUS PROFESSORA CINOBELINA ELVAS;8644690000123.0;CET-SEG SEGURANCA ARMADA LTDA;M20RKG01CTN;CONTRATOS EM GERAL.;339037;Locação de Mão de Obra;154048152652026NE000150;15404805000152020 - UASG MINUTA: 154048;2026;2026;463937.02;463089.58;463089.58;0.0;0.0;0.0;0.0;1390116.18;Com contrato;Despesas Correntes;0.0;463937.02;463089.58;847.4400000000023;463089.58;
156182;PREFEITURA UNIVERSITARIA;22561863000170.0;MULTPAR SERVICOS DE CONSTRUCAO LTDA;M8282Q01CTN;CONTRATOS DE MANUTENCAO PREDIAL;339039;Outros Serviços de Terceiros - Pessoa Jurídica;154048152652026NE000151;15404805000622025 - UASG MINUTA: 154048;2026;2026;383025.58;374243.44;361765.74;0.0;0.0;0.0;0.0;1119034.76;Com contrato;Despesas Correntes;0.0;383025.58;374243.44;8782.140000000014;361765.74;
154094;CENTRO DE CIENCIAS DA NATUREZA/FUFPI;22561863000170.0;MULTPAR SERVICOS DE CONSTRUCAO LTDA;M8282Q01CTN;CONTRATOS DE MANUTENCAO PREDIAL;339039;Outros Serviços de Terceiros - Pessoa Jurídica;154048152652026NE000152;15404805000622025 - UASG MINUTA: 154048;2026;2026;49285.03;49201.42;49201.42;0.0;0.0;0.0;0.0;147687.87;Com contrato;Despesas Correntes;0.0;49285.03;49201.42;83.61000000000058;49201.42;
154095;CENTRO DE CIENCIAS DA SAUDE/FUFPI;22561863000170.0;MULTPAR SERVICOS DE CONSTRUCAO LTDA;M8282Q01CTN;CONTRATOS DE MANUTENCAO PREDIAL;339039;Outros Serviços de Terceiros - Pessoa Jurídica;154048152652026NE000153;15404805000622025 - UASG MINUTA: 154048;2026;2026;49285.03;49254.9;49254.9;0.0;0.0;0.0;0.0;147794.83;Com contrato;Despesas Correntes;0.0;49285.03;49254.9;30.12999999999738;49254.9;
154096;CENTRO DE CIENCIAS HUMANAS E LETRAS/FUFPI;22561863000170.0;MULTPAR SERVICOS DE CONSTRUCAO LTDA;M8282Q01CTN;CONTRATOS DE MANUTENCAO PREDIAL;339039;Outros Serviços de Terceiros - Pessoa Jurídica;154048152652026NE000154;15404805000622025 - UASG MINUTA: 154048;2026;2026;79289.62;79289.62;79289.62;0.0;0.0;0.0;0.0;237868.86;Com contrato;Despesas Correntes;0.0;79289.62;79289.62;0.0;79289.62;
154099;CENTRO DE TECNOLOGIA/FUFPI;22561863000170.0;MULTPAR SERVICOS DE CONSTRUCAO LTDA;M8282Q01CTN;CONTRATOS DE MANUTENCAO PREDIAL;339039;Outros Serviços de Terceiros - Pessoa Jurídica;154048152652026NE000155;15404805000622025 - UASG MINUTA: 154048;2026;2026;49285.03;49285.03;49285.03;0.0;0.0;0.0;0.0;147855.09;Com contrato;Despesas Correntes;0.0;49285.03;49285.03;0.0;49285.03;
154097;CENTRO DE CIENCAS DA EDUCACAO/FUFPI;22561863000170.0;MULTPAR SERVICOS DE CONSTRUCAO LTDA;M8282Q01CTN;CONTRATOS DE MANUTENCAO PREDIAL;339039;Outros Serviços de Terceiros - Pessoa Jurídica;154048152652026NE000156;15404805000622025 - UASG MINUTA: 154048;2026;2026;49285.03;49283.4;49283.4;0.0;0.0;0.0;0.0;147851.83;Com contrato;Despesas Correntes;0.0;49285.03;49283.4;1.6299999999973807;49283.4;
156182;PREFEITURA UNIVERSITARIA;8644690000123.0;CET-SEG SEGURANCA ARMADA LTDA;M20RKG01CTN;CONTRATOS EM GERAL.;339037;Locação de Mão de Obra;154048152652026NE000157;15404805000162020 - UASG MINUTA: 154048;2026;2026;2398894.7;2388126.27;2388126.27;0.0;0.0;0.0;0.0;7175147.24;Com contrato;Despesas Correntes;0.0;2398894.7;2388126.27;10768.430000000168;2388126.27;
154104;COLEGIO AGRICOLA DE BOM JESUS/FUFPI;18471673000195.0;CONSTRUTORA J M EXCELENCIA LTDA;L20RLM01CTN;CONTRATOS EM GERAL DOS COLEGIOS TECNICOS.;339039;Outros Serviços de Terceiros - Pessoa Jurídica;154048152652026NE000158;15404805000592025 - UASG MINUTA: 154048;2026;2026;240002.1;238407.14;238407.14;0.0;0.0;0.0;0.0;716816.38;Com contrato;Despesas Correntes;0.0;240002.1;238407.14;1594.9599999999919;238407.14;
150147;CAMPUS PROFESSORA CINOBELINA ELVAS;18471673000195.0;CONSTRUTORA J M EXCELENCIA LTDA;M8282G01CTN;CONTRATOS EM GERAL.;339039;Outros Serviços de Terceiros - Pessoa Jurídica;154048152652026NE000159;15404805000592025 - UASG MINUTA: 154048;2026;2026;239992.73;238874.23;234180.83;0.0;0.0;0.0;0.0;713047.79;Com contrato;Despesas Correntes;0.0;239992.73;238874.23;1118.5;234180.83;
150147;CAMPUS PROFESSORA CINOBELINA ELVAS;23361387000107.0;BRASITUR EVENTOS E TURISMO LTDA;M20RKG01CTN;CONTRATOS EM GERAL.;339033;Passagens e Despesas com Locomoção;154048152652026NE000160;15404805000162025 - UASG MINUTA: 154048;2026;2026;0.0;0.0;0.0;0.0;0.0;0.0;0.0;0.0;Com contrato;Despesas Correntes;0.0;0.0;0.0;0.0;0.0;
151064;CAMPUS AMILCAR FERREIRA SOBRAL;23361387000107.0;BRASITUR EVENTOS E TURISMO LTDA;M20RKG01CTN;CONTRATOS EM GERAL.;339033;Passagens e Despesas com Locomoção;154048152652026NE000161;15404805000162025 - UASG MINUTA: 154048;2026;2026;9472.59;9472.59;9472.59;0.0;0.0;0.0;0.0;28417.77;Com contrato;Despesas Correntes;0.0;9472.59;9472.59;0.0;9472.59;
154103;CAMPUS DO JUNCO/FUFPI;23361387000107.0;BRASITUR EVENTOS E TURISMO LTDA;M20RKG01CTN;CONTRATOS EM GERAL.;339033;Passagens e Despesas com Locomoção;154048152652026NE000162;15404805000162025 - UASG MINUTA: 154048;2026;2026;3147.76;3147.74;3147.74;0.0;0.0;0.0;0.0;9443.24;Com contrato;Despesas Correntes;0.0;3147.76;3147.74;0.020000000000436557;3147.74;
154103;CAMPUS DO JUNCO/FUFPI;154048.0;FUNDACAO UNIVERSIDADE FEDERAL DO PIAUI;M20RKG1900N;ENSINO-GESTAO;339014;Diárias - Pessoal Civil;154048152652026NE000163;SEM INFORMACAO;2026;2026;20629.88;18250.19;18250.19;0.0;0.0;0.0;0.0;57130.26;Sem contrato;Despesas Correntes;0.0;20629.88;18250.19;2379.6900000000023;18250.19;
151064;CAMPUS AMILCAR FERREIRA SOBRAL;154048.0;FUNDACAO UNIVERSIDADE FEDERAL DO PIAUI;M20RKG1900N;ENSINO-GESTAO;339014;Diárias - Pessoal Civil;154048152652026NE000164;SEM INFORMACAO;2026;2026;34005.72;29420.35;29420.35;0.0;0.0;0.0;0.0;92846.42;Sem contrato;Despesas Correntes;0.0;34005.72;29420.35;4585.370000000003;29420.35;
150147;CAMPUS PROFESSORA CINOBELINA ELVAS;154048.0;FUNDACAO UNIVERSIDADE FEDERAL DO PIAUI;M20RKG1900N;ENSINO-GESTAO;339014;Diárias - Pessoal Civil;154048152652026NE000165;SEM INFORMACAO;2026;2026;46600.0;41870.61;41870.61;0.0;0.0;0.0;0.0;130341.22;Sem contrato;Despesas Correntes;0.0;46600.0;41870.61;4729.389999999999;41870.61;
154097;CENTRO DE CIENCAS DA EDUCACAO/FUFPI;154048.0;FUNDACAO UNIVERSIDADE FEDERAL DO PIAUI;M20RKG1900N;ENSINO-GESTAO;339014;Diárias - Pessoal Civil;154048152652026NE000166;SEM INFORMACAO;2026;2026;10000.0;4534.24;4534.24;0.0;0.0;0.0;0.0;19068.48;Sem contrato;Despesas Correntes;0.0;10000.0;4534.24;5465.76;4534.24;
151667;CENTRO DE ENSINO A DISTANCIA;154048.0;FUNDACAO UNIVERSIDADE FEDERAL DO PIAUI;M20RKG1900N;ENSINO-GESTAO;339014;Diárias - Pessoal Civil;154048152652026NE000167;SEM INFORMACAO;2026;2026;10000.0;7946.11;7946.11;0.0;0.0;0.0;0.0;25892.22;Sem contrato;Despesas Correntes;0.0;10000.0;7946.11;2053.8900000000003;7946.11;
151667;CENTRO DE ENSINO A DISTANCIA;23361387000107.0;BRASITUR EVENTOS E TURISMO LTDA;M20RKG01CTN;CONTRATOS EM GERAL.;339033;Passagens e Despesas com Locomoção;154048152652026NE000168;15404805000162025 - UASG MINUTA: 154048;2026;2026;9998.03;4245.63;4245.63;0.0;0.0;0.0;0.0;18489.29;Com contrato;Despesas Correntes;0.0;9998.03;4245.63;5752.400000000001;4245.63;
154097;CENTRO DE CIENCAS DA EDUCACAO/FUFPI;23361387000107.0;BRASITUR EVENTOS E TURISMO LTDA;M20RKG01CTN;CONTRATOS EM GERAL.;339033;Passagens e Despesas com Locomoção;154048152652026NE000169;15404805000162025 - UASG MINUTA: 154048;2026;2026;19996.06;16955.95;16955.95;0.0;0.0;0.0;0.0;53907.96;Com contrato;Despesas Correntes;0.0;19996.06;16955.95;3040.1100000000006;16955.95;
150147;CAMPUS PROFESSORA CINOBELINA ELVAS;7721678000102.0;ARAUJO E ARAUJO EMPREENDIMENTOS LTDA;M20RKG01CTN;CONTRATOS EM GERAL.;339033;Passagens e Despesas com Locomoção;154048152652026NE000170;15404805000052025 - UASG MINUTA: 154048;2026;2026;161970.5;142893.44;142893.44;0.0;0.0;0.0;0.0;447757.38;Com contrato;Despesas Correntes;0.0;161970.5;142893.44;19077.059999999998;142893.44;
150147;CAMPUS PROFESSORA CINOBELINA ELVAS;9019150000111.0;ATD LOCACAO LTDA;V4002N01CTN;CONTRATOS EM GERAL DO RU.;339037;Locação de Mão de Obra;154048152652026NE000171;15404805000412023 - UASG MINUTA: 154048;2026;2026;333754.0;310676.62;305277.42;0.0;0.0;0.0;0.0;949708.04;Com contrato;Despesas Correntes;0.0;333754.0;310676.62;23077.380000000005;305277.42;
150147;CAMPUS PROFESSORA CINOBELINA ELVAS;5340639000130.0;PRIME CONSULTORIA E ASSESSORIA EMPRESARIAL LTDA;M8282G01CTN;CONTRATOS EM GERAL.;339030;Material de Consumo;154048152652026NE000172;15404805000392023 - UASG MINUTA: 154048;2026;2026;48610.55;48610.55;48610.55;0.0;0.0;0.0;0.0;145831.65;Com contrato;Despesas Correntes;0.0;48610.55;48610.55;0.0;48610.55;
150147;CAMPUS PROFESSORA CINOBELINA ELVAS;5340639000130.0;PRIME CONSULTORIA E ASSESSORIA EMPRESARIAL LTDA;M8282G01CTN;CONTRATOS EM GERAL.;339039;Outros Serviços de Terceiros - Pessoa Jurídica;154048152652026NE000173;15404805000392023 - UASG MINUTA: 154048;2026;2026;28088.83;28088.83;28088.83;0.0;0.0;0.0;0.0;84266.49;Com contrato;Despesas Correntes;0.0;28088.83;28088.83;0.0;28088.83;
155079;HOSPITAL VETERINARIO DE BOM JESUS - UFPI;13048109000140.0;SERVIRE AGENCIAMENTO DE MAO DE OBRA LTDA;M20RKG71TBN;HOSPITAL VETERINARIO DE TERESINA E BOM JESUS.;339037;Locação de Mão de Obra;154048152652026NE000174;15404805000202025 - UASG MINUTA: 154048;2026;2026;44497.87;37335.36;36731.0;0.0;0.0;0.0;0.0;118564.23;Sem contrato;Despesas Correntes;0.0;44497.87;37335.36;7162.510000000002;36731.0;
155079;HOSPITAL VETERINARIO DE BOM JESUS - UFPI;13048109000140.0;SERVIRE AGENCIAMENTO DE MAO DE OBRA LTDA;M20RKG71TBN;HOSPITAL VETERINARIO DE TERESINA E BOM JESUS.;339037;Locação de Mão de Obra;154048152652026NE000175;15404805000202025 - UASG MINUTA: 154048;2026;2026;8100.03;6125.59;6125.59;0.0;0.0;0.0;0.0;20351.21;Sem contrato;Despesas Correntes;0.0;8100.03;6125.59;1974.4399999999996;6125.59;
156180;NUCLEO DE TECNOLOGIA DA INFORMACAO-NTI;64799539000135.0;TECNOSET INFORMATICA PRODUTOS E SERVICOS LTDA;M20RKG01CTN;CONTRATOS EM GERAL.;339040;Serviços de Tecnologia da Informação e Comunicação - pessoa jurídica;154048152652026NE000176;15404805000222023 - UASG MINUTA: 154048;2026;2026;797954.05;691679.31;605838.11;0.0;0.0;0.0;0.0;2095471.47;Com contrato;Despesas Correntes;0.0;797954.05;691679.31;106274.73999999999;605838.11;
150147;CAMPUS PROFESSORA CINOBELINA ELVAS;18431758000140.0;3I COMERCIO E SERVICOS DE MANUTENCAO EM EQUIPAMENTOS EL;M20RKG01CTN;CONTRATOS EM GERAL.;339039;Outros Serviços de Terceiros - Pessoa Jurídica;154048152652026NE000177;15404805000072022 - UASG MINUTA: 154048;2026;2026;135348.86;68873.59;67904.22;0.0;0.0;0.0;0.0;272126.67;Com contrato;Despesas Correntes;0.0;135348.86;68873.59;66475.26999999999;67904.22;
154103;CAMPUS DO JUNCO/FUFPI;9019150000111.0;ATD LOCACAO LTDA;V4002N01CTN;CONTRATOS EM GERAL DO RU.;339037;Locação de Mão de Obra;154048152652026NE000178;15404805000432023 - UASG MINUTA: 154048;2026;2026;532522.96;449949.49;435986.89;0.0;0.0;0.0;0.0;1418459.34;Com contrato;Despesas Correntes;0.0;532522.96;449949.49;82573.46999999997;435986.89;
150147;CAMPUS PROFESSORA CINOBELINA ELVAS;18431758000140.0;3I COMERCIO E SERVICOS DE MANUTENCAO EM EQUIPAMENTOS EL;M20RKG01CTN;CONTRATOS EM GERAL.;339030;Material de Consumo;154048152652026NE000179;15404805000072022 - UASG MINUTA: 154048;2026;2026;42875.28;17953.68;17953.68;0.0;0.0;0.0;0.0;78782.64;Com contrato;Despesas Correntes;0.0;42875.28;17953.68;24921.6;17953.68;
152660;HOSPITAL VETERINARIO DA UFPI;6234467000182.0;FUTURA SERVICOS PROFISSIONAIS ADMINISTRATIVOS LTDA;M20RKG71HVN;HOSPITAL VETERINARIO DE TERESINA E BOM JESUS.;339037;Locação de Mão de Obra;154048152652026NE000180;15404805000012023 - UASG MINUTA: 154048;2026;2026;928127.0;918855.27;918855.27;0.0;0.0;0.0;0.0;2765837.54;Sem contrato;Despesas Correntes;0.0;928127.0;918855.27;9271.729999999981;918855.27;
154103;CAMPUS DO JUNCO/FUFPI;6845747000127.0;AGUAS E ESGOTOS DO PIAUI SA;M20RKG01CTN;CONTRATOS EM GERAL.;339039;Outros Serviços de Terceiros - Pessoa Jurídica;154048152652026NE000181;15404807001002012 - UASG MINUTA: 154048;2026;2026;26001.0;9443.85;9443.85;0.0;0.0;0.0;0.0;44888.7;Com contrato;Despesas Correntes;0.0;26001.0;9443.85;16557.15;9443.85;
154102;COLEGIO AGRICOLA DE FLRIANO/FUFPI;8026009000183.0;LOKAL RENT A CAR LTDA;L20RLM01CTN;CONTRATOS EM GERAL DOS COLEGIOS TECNICOS.;339033;Passagens e Despesas com Locomoção;154048152652026NE000182;15404805000182025 - UASG MINUTA: 154048;2026;2026;530010.0;471120.0;471120.0;0.0;0.0;0.0;0.0;1472250.0;Com contrato;Despesas Correntes;0.0;530010.0;471120.0;58890.0;471120.0;
151064;CAMPUS AMILCAR FERREIRA SOBRAL;34863017000194.0;PADRAO SERVICOS LTDA;M20RKG01CTN;CONTRATOS EM GERAL.;339037;Locação de Mão de Obra;154048152652026NE000183;15404805000502025 - UASG MINUTA: 154048;2026;2026;1209806.6;1007915.76;1007915.76;0.0;0.0;0.0;0.0;3225638.12;Com contrato;Despesas Correntes;0.0;1209806.6;1007915.76;201890.84000000008;1007915.76;
156182;PREFEITURA UNIVERSITARIA;21992832000101.0;PONTUAL SERVICOS GERAIS LTDA;M20RKG01CTN;CONTRATOS EM GERAL.;339037;Locação de Mão de Obra;154048152652026NE000184;15404806000332025 - UASG MINUTA: 154048;2026;2026;876331.82;799366.2;775148.78;0.0;0.0;0.0;0.0;2450846.8;Com contrato;Despesas Correntes;0.0;876331.82;799366.2;76965.62;775148.78;
154101;COLEGIO AGRICOLA DE TERESINA/FUFPI;22561863000170.0;MULTPAR SERVICOS DE CONSTRUCAO LTDA;L20RLM01CTN;CONTRATOS EM GERAL DOS COLEGIOS TECNICOS.;339039;Outros Serviços de Terceiros - Pessoa Jurídica;154048152652026NE000185;15404805000622025 - UASG MINUTA: 154048;2026;2026;99038.98;87224.37;87224.37;0.0;0.0;0.0;0.0;273487.72;Com contrato;Despesas Correntes;0.0;99038.98;87224.37;11814.61;87224.37;
154096;CENTRO DE CIENCIAS HUMANAS E LETRAS/FUFPI;154048.0;FUNDACAO UNIVERSIDADE FEDERAL DO PIAUI;M20RKG1900N;ENSINO-GESTAO;339014;Diárias - Pessoal Civil;154048152652026NE000186;SEM INFORMACAO;2026;2026;28420.77;25373.53;25373.53;0.0;0.0;0.0;0.0;79167.83;Sem contrato;Despesas Correntes;0.0;28420.77;25373.53;3047.2400000000016;25373.53;
154096;CENTRO DE CIENCIAS HUMANAS E LETRAS/FUFPI;23361387000107.0;BRASITUR EVENTOS E TURISMO LTDA;M20RKG01CTN;CONTRATOS EM GERAL.;339033;Passagens e Despesas com Locomoção;154048152652026NE000187;15404805000162025 - UASG MINUTA: 154048;2026;2026;14633.8;14633.76;14633.76;0.0;0.0;0.0;0.0;43901.32;Com contrato;Despesas Correntes;0.0;14633.8;14633.76;0.039999999999054126;14633.76;
150147;CAMPUS PROFESSORA CINOBELINA ELVAS;3515317000159.0;CECOL - CENTRO DE COMERCIO E LOCACAO LTDA;M20RKG01CTN;CONTRATOS EM GERAL.;339033;Passagens e Despesas com Locomoção;154048152652026NE000188;15404805000072025 - UASG MINUTA: 154048;2026;2026;98740.42;84219.12;84219.12;0.0;0.0;0.0;0.0;267178.66;Com contrato;Despesas Correntes;0.0;98740.42;84219.12;14521.300000000003;84219.12;
154104;COLEGIO AGRICOLA DE BOM JESUS/FUFPI;3506307000157.0;TICKET SOLUCOES HDFGT S/A;L20RLM01CTN;CONTRATOS EM GERAL DOS COLEGIOS TECNICOS.;339039;Outros Serviços de Terceiros - Pessoa Jurídica;154048152652026NE000189;15404805000062021 - UASG MINUTA: 154048;2026;2026;11502.59;10886.04;10886.04;0.0;0.0;0.0;0.0;33274.67;Com contrato;Despesas Correntes;0.0;11502.59;10886.04;616.5499999999993;10886.04;
156182;PREFEITURA UNIVERSITARIA;7128744000135.0;DUO TELECOM LTDA;M20RKG01CTN;CONTRATOS EM GERAL.;339039;Outros Serviços de Terceiros - Pessoa Jurídica;154048152652026NE000190;15814605000112023 - UASG MINUTA: 154048;2026;2026;166080.98;134313.81;117523.99;0.0;0.0;0.0;0.0;417918.78;Com contrato;Despesas Correntes;0.0;166080.98;134313.81;31767.170000000013;117523.99;
150147;CAMPUS PROFESSORA CINOBELINA ELVAS;14768911000178.0;HIGICLEAN TECNOLOGIA EM HIGIENIZACAO E CONSERVACAO LTDA;M20RKG01CTN;CONTRATOS EM GERAL.;339037;Locação de Mão de Obra;154048152652026NE000191;15404805000482025 - UASG MINUTA: 154048;2026;2026;2276163.6;1964747.69;1907738.2;0.0;0.0;0.0;0.0;6148649.49;Com contrato;Despesas Correntes;0.0;2276163.6;1964747.69;311415.91000000015;1907738.2;
154104;COLEGIO AGRICOLA DE BOM JESUS/FUFPI;14768911000178.0;HIGICLEAN TECNOLOGIA EM HIGIENIZACAO E CONSERVACAO LTDA;L20RLM01CTN;CONTRATOS EM GERAL DOS COLEGIOS TECNICOS.;339037;Locação de Mão de Obra;154048152652026NE000192;15404805000492025 - UASG MINUTA: 154048;2026;2026;1210567.54;1187195.69;1156602.71;0.0;0.0;0.0;0.0;3554365.94;Com contrato;Despesas Correntes;0.0;1210567.54;1187195.69;23371.850000000093;1156602.71;
156181;SUPERINTENDENCIA DE COMUNICACAO SOCIAL;10675963000149.0;MEGA-ON SOLUCOES LTDA;M20RKG01CTN;CONTRATOS EM GERAL.;339037;Locação de Mão de Obra;154048152652026NE000193;15404805000142024 - UASG MINUTA: 154048;2026;2026;336693.19;257551.56;249954.66;0.0;0.0;0.0;0.0;844199.41;Com contrato;Despesas Correntes;0.0;336693.19;257551.56;79141.63;249954.66;
151064;CAMPUS AMILCAR FERREIRA SOBRAL;10013974000163.0;SERVFAZ SERVICOS DE MAO DE OBRA LTDA;M20RKG01CTN;CONTRATOS EM GERAL.;339037;Locação de Mão de Obra;154048152652026NE000194;15404805900192024 - UASG MINUTA: 154048;2026;2026;85918.06;72207.58;64806.55;0.0;0.0;0.0;0.0;222932.19;Com contrato;Despesas Correntes;0.0;85918.06;72207.58;13710.479999999996;64806.55;
151064;CAMPUS AMILCAR FERREIRA SOBRAL;10013974000163.0;SERVFAZ SERVICOS DE MAO DE OBRA LTDA;M20RKG01CTN;CONTRATOS EM GERAL.;339037;Locação de Mão de Obra;154048152652026NE000195;15404805900192024 - UASG MINUTA: 154048;2026;2026;28100.03;23254.01;23254.01;0.0;0.0;0.0;0.0;74608.05;Com contrato;Despesas Correntes;0.0;28100.03;23254.01;4846.02;23254.01;
151064;CAMPUS AMILCAR FERREIRA SOBRAL;154048.0;FUNDACAO UNIVERSIDADE FEDERAL DO PIAUI;M20RKG1900N;ENSINO-GESTAO;339014;Diárias - Pessoal Civil;154048152652026NE000196;SEM INFORMACAO;2026;2026;3673.71;3673.71;3673.71;0.0;0.0;0.0;0.0;11021.13;Sem contrato;Despesas Correntes;0.0;3673.71;3673.71;0.0;3673.71;
154095;CENTRO DE CIENCIAS DA SAUDE/FUFPI;50429810000136.0;SAPRA LANDAUER SERVICO DE ASSESSORIA E PROTECAO RADIOLO;M20RKG01CTN;CONTRATOS EM GERAL.;339039;Outros Serviços de Terceiros - Pessoa Jurídica;154048152652026NE000197;15404806001442025 - UASG MINUTA: 154048;2026;2026;672.08;0.0;0.0;0.0;0.0;0.0;0.0;672.08;Com contrato;Despesas Correntes;0.0;672.08;0.0;672.08;0.0;
150147;CAMPUS PROFESSORA CINOBELINA ELVAS;7725929000127.0;NILTON TURISMO LTDA;M20RKG01CTN;CONTRATOS EM GERAL.;339033;Passagens e Despesas com Locomoção;154048152652026NE000198;15404805000022025 - UASG MINUTA: 154048;2026;2026;205702.09;205313.17;202406.7;0.0;0.0;0.0;0.0;613421.96;Com contrato;Despesas Correntes;0.0;205702.09;205313.17;388.9199999999837;202406.7;
150147;CAMPUS PROFESSORA CINOBELINA ELVAS;8026009000183.0;LOKAL RENT A CAR LTDA;M20RKG01CTN;CONTRATOS EM GERAL.;339033;Passagens e Despesas com Locomoção;154048152652026NE000199;15404805000042025 - UASG MINUTA: 154048;2026;2026;234960.0;234240.0;234240.0;0.0;0.0;0.0;0.0;703440.0;Com contrato;Despesas Correntes;0.0;234960.0;234240.0;720.0;234240.0;
150147;CAMPUS PROFESSORA CINOBELINA ELVAS;69607729000127.0;J J E SILVA LTDA;M20RKG01CTN;CONTRATOS EM GERAL.;339033;Passagens e Despesas com Locomoção;154048152652026NE000200;15404805000262023 - UASG MINUTA: 154048;2026;2026;156594.57;146986.47;113293.39;0.0;0.0;0.0;0.0;416874.43;Com contrato;Despesas Correntes;0.0;156594.57;146986.47;9608.100000000006;113293.39;
156182;PREFEITURA UNIVERSITARIA;10013974000163.0;SERVFAZ SERVICOS DE MAO DE OBRA LTDA;M20RKG01CTN;CONTRATOS EM GERAL.;339092;Despesas de Exercícios Anteriores;154048152652026NE000201;15404805000152024 - UASG MINUTA: 154048;2026;2026;10502.78;10502.78;10502.78;0.0;0.0;0.0;0.0;31508.34;Com contrato;Despesas Correntes;0.0;10502.78;10502.78;0.0;10502.78;
150147;CAMPUS PROFESSORA CINOBELINA ELVAS;8596699000106.0;DB LOCACAO DE VEICULOS LTDA;M20RKG01CTN;CONTRATOS EM GERAL.;339033;Passagens e Despesas com Locomoção;154048152652026NE000202;15404805000502023 - UASG MINUTA: 154048;2026;2026;51186.66;51186.66;24244.21;0.0;0.0;0.0;0.0;126617.53;Com contrato;Despesas Correntes;0.0;51186.66;51186.66;0.0;24244.21;
150147;CAMPUS PROFESSORA CINOBELINA ELVAS;10013974000163.0;SERVFAZ SERVICOS DE MAO DE OBRA LTDA;M20RKG01CTN;CONTRATOS EM GERAL.;339037;Locação de Mão de Obra;154048152652026NE000203;15404805000102025 - UASG MINUTA: 154048;2026;2026;172466.92;166131.7;160930.32;0.0;0.0;0.0;0.0;499528.94;Com contrato;Despesas Correntes;0.0;172466.92;166131.7;6335.220000000001;160930.32;
150147;CAMPUS PROFESSORA CINOBELINA ELVAS;10013974000163.0;SERVFAZ SERVICOS DE MAO DE OBRA LTDA;M20RKG01CTN;CONTRATOS EM GERAL.;339037;Locação de Mão de Obra;154048152652026NE000204;15404805000102025 - UASG MINUTA: 154048;2026;2026;45920.04;38572.3;38572.3;0.0;0.0;0.0;0.0;123064.64;Com contrato;Despesas Correntes;0.0;45920.04;38572.3;7347.739999999998;38572.3;
154104;COLEGIO AGRICOLA DE BOM JESUS/FUFPI;10013974000163.0;SERVFAZ SERVICOS DE MAO DE OBRA LTDA;L20RLM01CTN;CONTRATOS EM GERAL DOS COLEGIOS TECNICOS.;339037;Locação de Mão de Obra;154048152652026NE000205;15404805000092025 - UASG MINUTA: 154048;2026;2026;172634.94;146606.13;142509.96;0.0;0.0;0.0;0.0;461751.03;Com contrato;Despesas Correntes;0.0;172634.94;146606.13;26028.809999999998;142509.96;
154104;COLEGIO AGRICOLA DE BOM JESUS/FUFPI;10013974000163.0;SERVFAZ SERVICOS DE MAO DE OBRA LTDA;L20RLM01CTN;CONTRATOS EM GERAL DOS COLEGIOS TECNICOS.;339037;Locação de Mão de Obra;154048152652026NE000206;15404805000092025 - UASG MINUTA: 154048;2026;2026;11849.2;8692.28;8692.28;0.0;0.0;0.0;0.0;29233.76;Com contrato;Despesas Correntes;0.0;11849.2;8692.28;3156.92;8692.28;
150147;CAMPUS PROFESSORA CINOBELINA ELVAS;6840748000189.0;EQUATORIAL PIAUI DISTRIBUIDORA DE ENERGIA S.A;M20RKG01CTN;CONTRATOS EM GERAL.;339039;Outros Serviços de Terceiros - Pessoa Jurídica;154048152652026NE000207;15404807000362025 - UASG MINUTA: 154048;2026;2026;1171871.59;1135457.67;1123682.18;0.0;0.0;0.0;0.0;3431011.44;Com contrato;Despesas Correntes;0.0;1171871.59;1135457.67;36413.92000000016;1123682.18;
154093;BIBLIOTECA CENTRAL/FUFPI;23361387000107.0;BRASITUR EVENTOS E TURISMO LTDA;M20RKG01CTN;CONTRATOS EM GERAL.;339033;Passagens e Despesas com Locomoção;154048152652026NE000208;15404805000162025 - UASG MINUTA: 154048;2026;2026;4999.02;0.0;0.0;0.0;0.0;0.0;0.0;4999.02;Com contrato;Despesas Correntes;0.0;4999.02;0.0;4999.02;0.0;
154095;CENTRO DE CIENCIAS DA SAUDE/FUFPI;23361387000107.0;BRASITUR EVENTOS E TURISMO LTDA;M20RKG01CTN;CONTRATOS EM GERAL.;339033;Passagens e Despesas com Locomoção;154048152652026NE000209;15404805000162025 - UASG MINUTA: 154048;2026;2026;20298.26;20035.42;20035.42;0.0;0.0;0.0;0.0;60369.1;Com contrato;Despesas Correntes;0.0;20298.26;20035.42;262.84000000000015;20035.42;
154098;CENTRO DE CIENCAS AGRARIAS/FUFPI;23361387000107.0;BRASITUR EVENTOS E TURISMO LTDA;M20RKG01CTN;CONTRATOS EM GERAL.;339033;Passagens e Despesas com Locomoção;154048152652026NE000210;15404805000162025 - UASG MINUTA: 154048;2026;2026;19998.04;18865.13;18865.13;0.0;0.0;0.0;0.0;57728.3;Com contrato;Despesas Correntes;0.0;19998.04;18865.13;1132.9099999999999;18865.13;
154099;CENTRO DE TECNOLOGIA/FUFPI;23361387000107.0;BRASITUR EVENTOS E TURISMO LTDA;M20RKG01CTN;CONTRATOS EM GERAL.;339033;Passagens e Despesas com Locomoção;154048152652026NE000211;15404805000162025 - UASG MINUTA: 154048;2026;2026;20073.15;14923.87;14923.87;0.0;0.0;0.0;0.0;49920.89;Com contrato;Despesas Correntes;0.0;20073.15;14923.87;5149.280000000001;14923.87;
154356;PRO-REITORIA ASS.ESTUDANTIS E COMUNITARIOS;23361387000107.0;BRASITUR EVENTOS E TURISMO LTDA;M20RKG01CTN;CONTRATOS EM GERAL.;339033;Passagens e Despesas com Locomoção;154048152652026NE000212;15404805000162025 - UASG MINUTA: 154048;2026;2026;51891.59;39305.73;39305.73;0.0;0.0;0.0;0.0;130503.05;Com contrato;Despesas Correntes;0.0;51891.59;39305.73;12585.859999999993;39305.73;
152660;HOSPITAL VETERINARIO DA UFPI;23361387000107.0;BRASITUR EVENTOS E TURISMO LTDA;M20RKG71TBN;HOSPITAL VETERINARIO DE TERESINA E BOM JESUS.;339033;Passagens e Despesas com Locomoção;154048152652026NE000213;15404805000162025 - UASG MINUTA: 154048;2026;2026;4999.02;0.0;0.0;0.0;0.0;0.0;0.0;4999.02;Sem contrato;Despesas Correntes;0.0;4999.02;0.0;4999.02;0.0;
155079;HOSPITAL VETERINARIO DE BOM JESUS - UFPI;23361387000107.0;BRASITUR EVENTOS E TURISMO LTDA;M20RKG71TBN;HOSPITAL VETERINARIO DE TERESINA E BOM JESUS.;339033;Passagens e Despesas com Locomoção;154048152652026NE000214;15404805000162025 - UASG MINUTA: 154048;2026;2026;4999.02;0.0;0.0;0.0;0.0;0.0;0.0;4999.02;Sem contrato;Despesas Correntes;0.0;4999.02;0.0;4999.02;0.0;
154578;PRO-REITORIA DE PESQUISA;23361387000107.0;BRASITUR EVENTOS E TURISMO LTDA;M20RKG01CTN;CONTRATOS EM GERAL.;339033;Passagens e Despesas com Locomoção;154048152652026NE000215;15404805000162025 - UASG MINUTA: 154048;2026;2026;19998.04;14524.59;14524.59;0.0;0.0;0.0;0.0;49047.22;Com contrato;Despesas Correntes;0.0;19998.04;14524.59;5473.450000000001;14524.59;
154093;BIBLIOTECA CENTRAL/FUFPI;154048.0;FUNDACAO UNIVERSIDADE FEDERAL DO PIAUI;M20RKG1900N;ENSINO-GESTAO;339014;Diárias - Pessoal Civil;154048152652026NE000216;SEM INFORMACAO;2026;2026;5000.0;228.18;228.18;0.0;0.0;0.0;0.0;5456.36;Sem contrato;Despesas Correntes;0.0;5000.0;228.18;4771.82;228.18;
154095;CENTRO DE CIENCIAS DA SAUDE/FUFPI;154048.0;FUNDACAO UNIVERSIDADE FEDERAL DO PIAUI;M20RKG1900N;ENSINO-GESTAO;339014;Diárias - Pessoal Civil;154048152652026NE000217;SEM INFORMACAO;2026;2026;11190.0;11177.86;11177.86;0.0;0.0;0.0;0.0;33545.72;Sem contrato;Despesas Correntes;0.0;11190.0;11177.86;12.139999999999418;11177.86;
154098;CENTRO DE CIENCAS AGRARIAS/FUFPI;154048.0;FUNDACAO UNIVERSIDADE FEDERAL DO PIAUI;M20RKG1900N;ENSINO-GESTAO;339014;Diárias - Pessoal Civil;154048152652026NE000218;SEM INFORMACAO;2026;2026;20000.0;8375.54;8375.54;0.0;0.0;0.0;0.0;36751.08;Sem contrato;Despesas Correntes;0.0;20000.0;8375.54;11624.46;8375.54;
154099;CENTRO DE TECNOLOGIA/FUFPI;154048.0;FUNDACAO UNIVERSIDADE FEDERAL DO PIAUI;M20RKG1900N;ENSINO-GESTAO;339014;Diárias - Pessoal Civil;154048152652026NE000219;SEM INFORMACAO;2026;2026;15000.0;10237.84;10237.84;0.0;0.0;0.0;0.0;35475.68;Sem contrato;Despesas Correntes;0.0;15000.0;10237.84;4762.16;10237.84;
154356;PRO-REITORIA ASS.ESTUDANTIS E COMUNITARIOS;154048.0;FUNDACAO UNIVERSIDADE FEDERAL DO PIAUI;M20RKG1900N;ENSINO-GESTAO;339014;Diárias - Pessoal Civil;154048152652026NE000220;SEM INFORMACAO;2026;2026;71500.0;13489.69;13489.69;0.0;0.0;0.0;0.0;98479.38;Sem contrato;Despesas Correntes;0.0;71500.0;13489.69;58010.31;13489.69;
152660;HOSPITAL VETERINARIO DA UFPI;154048.0;FUNDACAO UNIVERSIDADE FEDERAL DO PIAUI;M20RKG71TBN;HOSPITAL VETERINARIO DE TERESINA E BOM JESUS.;339014;Diárias - Pessoal Civil;154048152652026NE000221;SEM INFORMACAO;2026;2026;5000.0;0.0;0.0;0.0;0.0;0.0;0.0;5000.0;Sem contrato;Despesas Correntes;0.0;5000.0;0.0;5000.0;0.0;
155079;HOSPITAL VETERINARIO DE BOM JESUS - UFPI;154048.0;FUNDACAO UNIVERSIDADE FEDERAL DO PIAUI;M20RKG71TBN;HOSPITAL VETERINARIO DE TERESINA E BOM JESUS.;339014;Diárias - Pessoal Civil;154048152652026NE000222;SEM INFORMACAO;2026;2026;10000.0;9145.84;9145.84;0.0;0.0;0.0;0.0;28291.68;Sem contrato;Despesas Correntes;0.0;10000.0;9145.84;854.1599999999999;9145.84;
154578;PRO-REITORIA DE PESQUISA;154048.0;FUNDACAO UNIVERSIDADE FEDERAL DO PIAUI;M20RKG1900N;ENSINO-GESTAO;339014;Diárias - Pessoal Civil;154048152652026NE000223;SEM INFORMACAO;2026;2026;15000.0;11160.86;11160.86;0.0;0.0;0.0;0.0;37321.72;Sem contrato;Despesas Correntes;0.0;15000.0;11160.86;3839.1399999999994;11160.86;
154086;ADMINISTRACAO CENTRAL/FUFPI;10013974000163.0;SERVFAZ SERVICOS DE MAO DE OBRA LTDA;M20RKG01CTN;CONTRATOS EM GERAL.;339037;Locação de Mão de Obra;154048152652026NE000224;15404805000152024 - UASG MINUTA: 154048;2026;2026;203723.38;182045.52;175174.46;0.0;0.0;0.0;0.0;560943.36;Com contrato;Despesas Correntes;0.0;203723.38;182045.52;21677.860000000015;175174.46;
151064;CAMPUS AMILCAR FERREIRA SOBRAL;17424989000163.0;GLOBALTEC COMERCIO E SERVICOS ODONTO HOSPITALARES LTDA;M8282G01CTN;CONTRATOS EM GERAL.;339039;Outros Serviços de Terceiros - Pessoa Jurídica;154048152652026NE000225;15404805000232021 - UASG MINUTA: 154048;2026;2026;17500.0;17500.0;15000.0;0.0;0.0;0.0;0.0;50000.0;Com contrato;Despesas Correntes;0.0;17500.0;17500.0;0.0;15000.0;
156182;PREFEITURA UNIVERSITARIA;10013974000163.0;SERVFAZ SERVICOS DE MAO DE OBRA LTDA;M20RKG01CTN;CONTRATOS EM GERAL.;339092;Despesas de Exercícios Anteriores;154048152652026NE000226;15404805000422025 - UASG MINUTA: 154048;2026;2026;8902.14;8902.14;8902.14;0.0;0.0;0.0;0.0;26706.42;Com contrato;Despesas Correntes;0.0;8902.14;8902.14;0.0;8902.14;
154088;PRO-REITORIA DE ENSINOFUFPI;154048.0;FUNDACAO UNIVERSIDADE FEDERAL DO PIAUI;V4002N23PRN;PROMISAES;339018;Auxílio Financeiro a Estudantes;154048152652026NE000227;SEM INFORMACAO;2026;2026;1000.0;0.0;0.0;0.0;0.0;0.0;0.0;1000.0;Sem contrato;Despesas Correntes;0.0;1000.0;0.0;1000.0;0.0;
155079;HOSPITAL VETERINARIO DE BOM JESUS - UFPI;7721678000102.0;ARAUJO E ARAUJO EMPREENDIMENTOS LTDA;M20RKG71TBN;HOSPITAL VETERINARIO DE TERESINA E BOM JESUS.;339033;Passagens e Despesas com Locomoção;154048152652026NE000228;15404805000222025 - UASG MINUTA: 154048;2026;2026;68668.64;60906.86;60906.86;0.0;0.0;0.0;0.0;190482.36;Sem contrato;Despesas Correntes;0.0;68668.64;60906.86;7761.779999999999;60906.86;
155079;HOSPITAL VETERINARIO DE BOM JESUS - UFPI;40910360000145.0;AJ SERVICOS LTDA;M20RKG71TBN;HOSPITAL VETERINARIO DE TERESINA E BOM JESUS.;339039;Outros Serviços de Terceiros - Pessoa Jurídica;154048152652026NE000229;15404805000392025 - UASG MINUTA: 154048;2026;2026;8944.4;0.0;0.0;0.0;0.0;0.0;0.0;8944.4;Sem contrato;Despesas Correntes;0.0;8944.4;0.0;8944.4;0.0;
150147;CAMPUS PROFESSORA CINOBELINA ELVAS;40910360000145.0;AJ SERVICOS LTDA;M20RKG01CTN;CONTRATOS EM GERAL.;339039;Outros Serviços de Terceiros - Pessoa Jurídica;154048152652026NE000230;15404805000192024 - UASG MINUTA: 154048;2026;2026;30445.32;29682.82;29682.82;0.0;0.0;0.0;0.0;89810.96;Com contrato;Despesas Correntes;0.0;30445.32;29682.82;762.5;29682.82;
154104;COLEGIO AGRICOLA DE BOM JESUS/FUFPI;40910360000145.0;AJ SERVICOS LTDA;L20RLM01CTN;CONTRATOS EM GERAL DOS COLEGIOS TECNICOS.;339039;Outros Serviços de Terceiros - Pessoa Jurídica;154048152652026NE000231;15404805000372025 - UASG MINUTA: 154048;2026;2026;10328.54;10328.54;10328.54;0.0;0.0;0.0;0.0;30985.62;Com contrato;Despesas Correntes;0.0;10328.54;10328.54;0.0;10328.54;
154102;COLEGIO AGRICOLA DE FLRIANO/FUFPI;10013974000163.0;SERVFAZ SERVICOS DE MAO DE OBRA LTDA;L20RLM01CTN;CONTRATOS EM GERAL DOS COLEGIOS TECNICOS.;339037;Locação de Mão de Obra;154048152652026NE000232;15404805900192024 - UASG MINUTA: 154048;2026;2026;115471.99;97190.79;92107.46;0.0;0.0;0.0;0.0;304770.24;Com contrato;Despesas Correntes;0.0;115471.99;97190.79;18281.20000000001;92107.46;
154102;COLEGIO AGRICOLA DE FLRIANO/FUFPI;10013974000163.0;SERVFAZ SERVICOS DE MAO DE OBRA LTDA;L20RLM01CTN;CONTRATOS EM GERAL DOS COLEGIOS TECNICOS.;339037;Locação de Mão de Obra;154048152652026NE000233;15404805900192024 - UASG MINUTA: 154048;2026;2026;31500.1;27569.43;27569.43;0.0;0.0;0.0;0.0;86638.96;Com contrato;Despesas Correntes;0.0;31500.1;27569.43;3930.6699999999983;27569.43;
151064;CAMPUS AMILCAR FERREIRA SOBRAL;20677400000143.0;ALPHA CENTAURO LOCACAO E SERVICOS LTDA;M20RKG01CTN;CONTRATOS EM GERAL.;339037;Locação de Mão de Obra;154048152652026NE000234;15404806000532025 - UASG MINUTA: 154048;2026;2026;172192.92;163760.87;162929.01;0.0;0.0;0.0;0.0;498882.8;Com contrato;Despesas Correntes;0.0;172192.92;163760.87;8432.050000000017;162929.01;
151064;CAMPUS AMILCAR FERREIRA SOBRAL;6234467000182.0;FUTURA SERVICOS PROFISSIONAIS ADMINISTRATIVOS LTDA;M20RKG01CTN;CONTRATOS EM GERAL.;339037;Locação de Mão de Obra;154048152652026NE000235;15404805000042022 - UASG MINUTA: 154048;2026;2026;1138353.68;1037933.52;873159.02;0.0;0.0;0.0;0.0;3049446.22;Com contrato;Despesas Correntes;0.0;1138353.68;1037933.52;100420.15999999992;873159.02;
154088;PRO-REITORIA DE ENSINOFUFPI;154048.0;FUNDACAO UNIVERSIDADE FEDERAL DO PIAUI;V20GKN2300N;CONCESSAO DE BOLSAS.;339018;Auxílio Financeiro a Estudantes;154048152652026NE000236;SEM INFORMACAO;2026;2026;562969.23;562962.34;484935.89;0.0;0.0;0.0;0.0;1610867.46;Sem contrato;Despesas Correntes;0.0;562969.23;562962.34;6.89000000001397;484935.89;
156182;PREFEITURA UNIVERSITARIA;6840748000189.0;EQUATORIAL PIAUI DISTRIBUIDORA DE ENERGIA S.A;M20RKG01CTN;CONTRATOS EM GERAL.;339039;Outros Serviços de Terceiros - Pessoa Jurídica;154048152652026NE000237;15404807000362025 - UASG MINUTA: 154048;2026;2026;6982557.48;6011104.03;5930186.21;0.0;0.0;0.0;0.0;18923847.72;Com contrato;Despesas Correntes;0.0;6982557.48;6011104.03;971453.4500000002;5930186.21;
151064;CAMPUS AMILCAR FERREIRA SOBRAL;37827616000140.0;EASWELL ENGENHARIA LTDA;M8282G01CTN;CONTRATOS EM GERAL.;339039;Outros Serviços de Terceiros - Pessoa Jurídica;154048152652026NE000238;15404805000162023 - UASG MINUTA: 154048;2026;2026;3954.22;3811.38;3811.38;0.0;0.0;0.0;0.0;11576.98;Com contrato;Despesas Correntes;0.0;3954.22;3811.38;142.8399999999997;3811.38;
152660;HOSPITAL VETERINARIO DA UFPI;9019150000111.0;ATD LOCACAO LTDA;M20RKG71HVN;HOSPITAL VETERINARIO DE TERESINA E BOM JESUS.;339037;Locação de Mão de Obra;154048152652026NE000239;15404805000352023 - UASG MINUTA: 154048;2026;2026;760344.25;674998.07;589426.73;0.0;0.0;0.0;0.0;2024769.05;Sem contrato;Despesas Correntes;0.0;760344.25;674998.07;85346.18000000005;589426.73;
154103;CAMPUS DO JUNCO/FUFPI;10013974000163.0;SERVFAZ SERVICOS DE MAO DE OBRA LTDA;M20RKG01CTN;CONTRATOS EM GERAL.;339037;Locação de Mão de Obra;154048152652026NE000240;15404805000132025 - UASG MINUTA: 154048;2026;2026;215157.76;166451.49;161072.79;0.0;0.0;0.0;0.0;542682.04;Com contrato;Despesas Correntes;0.0;215157.76;166451.49;48706.27000000002;161072.79;
154103;CAMPUS DO JUNCO/FUFPI;10013974000163.0;SERVFAZ SERVICOS DE MAO DE OBRA LTDA;M20RKG01CTN;CONTRATOS EM GERAL.;339037;Locação de Mão de Obra;154048152652026NE000241;15404805000012020 - UASG MINUTA: 154048;2026;2026;727248.8;597192.37;597192.37;0.0;0.0;0.0;0.0;1921633.54;Com contrato;Despesas Correntes;0.0;727248.8;597192.37;130056.43000000005;597192.37;
154104;COLEGIO AGRICOLA DE BOM JESUS/FUFPI;23262384000116.0;GLAUCIO & DEODATA AGRONEGOCIOS LTDA;L20RLM6000N;COLEGIOS TECNICOS DA UFPI;339030;Material de Consumo;154048152652026NE000242;15404805900182024 - UASG MINUTA: 154048;2026;2026;10363.92;5014.8;5014.8;0.0;0.0;0.0;0.0;20393.52;Sem contrato;Despesas Correntes;0.0;10363.92;5014.8;5349.12;5014.8;
154104;COLEGIO AGRICOLA DE BOM JESUS/FUFPI;20534819000146.0;AGROCAMPO LTDA;L20RLM6000N;COLEGIOS TECNICOS DA UFPI;339030;Material de Consumo;154048152652026NE000243;15404805900182024 - UASG MINUTA: 154048;2026;2026;17298.95;17298.95;17298.95;0.0;0.0;0.0;0.0;51896.85;Sem contrato;Despesas Correntes;0.0;17298.95;17298.95;0.0;17298.95;
156182;PREFEITURA UNIVERSITARIA;34028316002238.0;EMPRESA BRASILEIRA DE CORREIOS E TELEGRAFOS;M20RKG01CTN;CONTRATOS EM GERAL.;339039;Outros Serviços de Terceiros - Pessoa Jurídica;154048152652026NE000244;15404806000312025 - UASG MINUTA: 154048;2026;2026;10500.43;7555.49;7539.4;0.0;0.0;0.0;0.0;25595.32;Com contrato;Despesas Correntes;0.0;10500.43;7555.49;2944.9400000000005;7539.4;
151064;CAMPUS AMILCAR FERREIRA SOBRAL;7721678000102.0;ARAUJO E ARAUJO EMPREENDIMENTOS LTDA;M20RKG01CTN;CONTRATOS EM GERAL.;339033;Passagens e Despesas com Locomoção;154048152652026NE000245;15404805000252025 - UASG MINUTA: 154048;2026;2026;68668.01;60674.02;60674.02;0.0;0.0;0.0;0.0;190016.05;Com contrato;Despesas Correntes;0.0;68668.01;60674.02;7993.989999999998;60674.02;
156182;PREFEITURA UNIVERSITARIA;34028316002238.0;EMPRESA BRASILEIRA DE CORREIOS E TELEGRAFOS;M20RKG01CTN;CONTRATOS EM GERAL.;339039;Outros Serviços de Terceiros - Pessoa Jurídica;154048152652026NE000246;15404807000302025 - UASG MINUTA: 154048;2026;2026;4000.2;1800.35;1775.05;0.0;0.0;0.0;0.0;7575.6;Com contrato;Despesas Correntes;0.0;4000.2;1800.35;2199.85;1775.05;
155079;HOSPITAL VETERINARIO DE BOM JESUS - UFPI;13048109000140.0;SERVIRE AGENCIAMENTO DE MAO DE OBRA LTDA;M20RKG71TBN;HOSPITAL VETERINARIO DE TERESINA E BOM JESUS.;339092;Despesas de Exercícios Anteriores;154048152652026NE000247;15404805000202025 - UASG MINUTA: 154048;2026;2026;2660.76;2660.76;2660.76;0.0;0.0;0.0;0.0;7982.28;Sem contrato;Despesas Correntes;0.0;2660.76;2660.76;0.0;2660.76;
154097;CENTRO DE CIENCAS DA EDUCACAO/FUFPI;154048.0;FUNDACAO UNIVERSIDADE FEDERAL DO PIAUI;M20RKG1900N;ENSINO-GESTAO;339036;Outros Serviços de Terceiros - Pessoa Física;154048152652026NE000249;SEM INFORMACAO;2026;2026;5000.0;1710.0;1710.0;0.0;0.0;0.0;0.0;8420.0;Sem contrato;Despesas Correntes;0.0;5000.0;1710.0;3290.0;1710.0;
154103;CAMPUS DO JUNCO/FUFPI;6840748000189.0;EQUATORIAL PIAUI DISTRIBUIDORA DE ENERGIA S.A;M20RKG01CTN;CONTRATOS EM GERAL.;339039;Outros Serviços de Terceiros - Pessoa Jurídica;154048152652026NE000250;15404807000362025 - UASG MINUTA: 154048;2026;2026;943968.16;740496.02;740496.02;0.0;0.0;0.0;0.0;2424960.2;Com contrato;Despesas Correntes;0.0;943968.16;740496.02;203472.14;740496.02;
154088;PRO-REITORIA DE ENSINOFUFPI;154048.0;FUNDACAO UNIVERSIDADE FEDERAL DO PIAUI;V20GKN2300N;CONCESSAO DE BOLSAS.;339036;Outros Serviços de Terceiros - Pessoa Física;154048152652026NE000251;SEM INFORMACAO;2026;2026;352000.0;66243.75;66243.75;0.0;0.0;0.0;0.0;484487.5;Sem contrato;Despesas Correntes;0.0;352000.0;66243.75;285756.25;66243.75;
154088;PRO-REITORIA DE ENSINOFUFPI;154048.0;FUNDACAO UNIVERSIDADE FEDERAL DO PIAUI;V20GKN2300N;CONCESSAO DE BOLSAS.;339036;Outros Serviços de Terceiros - Pessoa Física;154048152652026NE000252;SEM INFORMACAO;2026;2026;16500.0;10500.0;10500.0;0.0;0.0;0.0;0.0;37500.0;Sem contrato;Despesas Correntes;0.0;16500.0;10500.0;6000.0;10500.0;
154088;PRO-REITORIA DE ENSINOFUFPI;154048.0;FUNDACAO UNIVERSIDADE FEDERAL DO PIAUI;V20GKN2300N;CONCESSAO DE BOLSAS.;339036;Outros Serviços de Terceiros - Pessoa Física;154048152652026NE000253;SEM INFORMACAO;2026;2026;9200.0;4800.0;4800.0;0.0;0.0;0.0;0.0;18800.0;Sem contrato;Despesas Correntes;0.0;9200.0;4800.0;4400.0;4800.0;
156181;SUPERINTENDENCIA DE COMUNICACAO SOCIAL;47282733000120.0;LEAL EVENTOS LTDA;M20RKG01CTN;CONTRATOS EM GERAL.;339092;Despesas de Exercícios Anteriores;154048152652026NE000254;15404805000112024 - UASG MINUTA: 154048;2026;2026;36310.0;36310.0;36310.0;0.0;0.0;0.0;0.0;108930.0;Com contrato;Despesas Correntes;0.0;36310.0;36310.0;0.0;36310.0;
151064;CAMPUS AMILCAR FERREIRA SOBRAL;16858835000117.0;DECISION TEAM LTDA;M8282G01CTN;CONTRATOS EM GERAL.;339039;Outros Serviços de Terceiros - Pessoa Jurídica;154048152652026NE000255;15404805000062022 - UASG MINUTA: 154048;2026;2026;12916.2;8820.0;8629.49;0.0;0.0;0.0;0.0;30365.69;Com contrato;Despesas Correntes;0.0;12916.2;8820.0;4096.200000000001;8629.49;
151064;CAMPUS AMILCAR FERREIRA SOBRAL;16858835000117.0;DECISION TEAM LTDA;M8282G01CTN;CONTRATOS EM GERAL.;339030;Material de Consumo;154048152652026NE000256;15404805000062022 - UASG MINUTA: 154048;2026;2026;10000.06;8478.0;8478.0;0.0;0.0;0.0;0.0;26956.06;Com contrato;Despesas Correntes;0.0;10000.06;8478.0;1522.0599999999995;8478.0;
151064;CAMPUS AMILCAR FERREIRA SOBRAL;8644690000123.0;CET-SEG SEGURANCA ARMADA LTDA;M20RKG01CTN;CONTRATOS EM GERAL.;339092;Despesas de Exercícios Anteriores;154048152652026NE000257;15404805000142020 - UASG MINUTA: 154048;2026;2026;0.0;0.0;0.0;0.0;0.0;0.0;0.0;0.0;Com contrato;Despesas Correntes;0.0;0.0;0.0;0.0;0.0;
151064;CAMPUS AMILCAR FERREIRA SOBRAL;8644690000123.0;CET-SEG SEGURANCA ARMADA LTDA;M20RKG01CTN;CONTRATOS EM GERAL.;339092;Despesas de Exercícios Anteriores;154048152652026NE000258;15404805000142020 - UASG MINUTA: 154048;2026;2026;90602.97;90602.97;90602.97;0.0;0.0;0.0;0.0;271808.91;Com contrato;Despesas Correntes;0.0;90602.97;90602.97;0.0;90602.97;
154096;CENTRO DE CIENCIAS HUMANAS E LETRAS/FUFPI;154048.0;FUNDACAO UNIVERSIDADE FEDERAL DO PIAUI;M20RKG1900N;ENSINO-GESTAO;339036;Outros Serviços de Terceiros - Pessoa Física;154048152652026NE000259;SEM INFORMACAO;2026;2026;2945.0;2945.0;2945.0;0.0;0.0;0.0;0.0;8835.0;Sem contrato;Despesas Correntes;0.0;2945.0;2945.0;0.0;2945.0;
154087;PRO-REITORIA DE ADMINISTRACAOFUFPI;3746938001387.0;BRS SUPRIMENTOS CORPORATIVOS S/A;M20RKG01CTN;CONTRATOS EM GERAL.;339039;Outros Serviços de Terceiros - Pessoa Jurídica;154048152652026NE000260;15404805000142021 - UASG MINUTA: 154048;2026;2026;200000.0;118461.92;6770.12;0.0;0.0;0.0;0.0;325232.04;Com contrato;Despesas Correntes;0.0;200000.0;118461.92;81538.08;6770.12;
156182;PREFEITURA UNIVERSITARIA;26905527000159.0;VALDEMAR DA SILVA DO NASCIMENTO;M8282G01CTN;CONTRATOS EM GERAL.;339039;Outros Serviços de Terceiros - Pessoa Jurídica;154048152652026NE000261;15404805000192022 - UASG MINUTA: 154048;2026;2026;105589.1;98007.61;98007.61;0.0;0.0;0.0;0.0;301604.32;Com contrato;Despesas Correntes;0.0;105589.1;98007.61;7581.490000000005;98007.61;
156182;PREFEITURA UNIVERSITARIA;10013974000163.0;SERVFAZ SERVICOS DE MAO DE OBRA LTDA;M20RKG01CTN;CONTRATOS EM GERAL.;339092;Despesas de Exercícios Anteriores;154048152652026NE000262;15404805000132024 - UASG MINUTA: 154048;2026;2026;0.0;0.0;0.0;0.0;0.0;0.0;0.0;0.0;Com contrato;Despesas Correntes;0.0;0.0;0.0;0.0;0.0;
156182;PREFEITURA UNIVERSITARIA;10013974000163.0;SERVFAZ SERVICOS DE MAO DE OBRA LTDA;M20RKG01CTN;CONTRATOS EM GERAL.;339092;Despesas de Exercícios Anteriores;154048152652026NE000263;15404805000132024 - UASG MINUTA: 154048;2026;2026;280154.93;280154.93;280154.93;0.0;0.0;0.0;0.0;840464.79;Com contrato;Despesas Correntes;0.0;280154.93;280154.93;0.0;280154.93;
154104;COLEGIO AGRICOLA DE BOM JESUS/FUFPI;20534819000146.0;AGROCAMPO LTDA;L20RLM6000N;COLEGIOS TECNICOS DA UFPI;339030;Material de Consumo;154048152652026NE000264;15404805900182024 - UASG MINUTA: 154048;2026;2026;11785.2;11785.2;11785.2;0.0;0.0;0.0;0.0;35355.6;Sem contrato;Despesas Correntes;0.0;11785.2;11785.2;0.0;11785.2;
156181;SUPERINTENDENCIA DE COMUNICACAO SOCIAL;47282733000120.0;LEAL EVENTOS LTDA;M20RKG01CTN;CONTRATOS EM GERAL.;339039;Outros Serviços de Terceiros - Pessoa Jurídica;154048152652026NE000265;15404805000112024 - UASG MINUTA: 154048;2026;2026;249067.01;224617.89;224617.89;0.0;0.0;0.0;0.0;698302.79;Com contrato;Despesas Correntes;0.0;249067.01;224617.89;24449.119999999995;224617.89;
154103;CAMPUS DO JUNCO/FUFPI;16858835000117.0;DECISION TEAM LTDA;M8282G01CTN;CONTRATOS EM GERAL.;339039;Outros Serviços de Terceiros - Pessoa Jurídica;154048152652026NE000266;15404805000162021 - UASG MINUTA: 154048;2026;2026;45280.42;23940.0;23940.0;0.0;0.0;0.0;0.0;93160.42;Com contrato;Despesas Correntes;0.0;45280.42;23940.0;21340.42;23940.0;
154103;CAMPUS DO JUNCO/FUFPI;16858835000117.0;DECISION TEAM LTDA;M8282G01CTN;CONTRATOS EM GERAL.;339030;Material de Consumo;154048152652026NE000267;15404805000162021 - UASG MINUTA: 154048;2026;2026;15200.0;10850.0;10850.0;0.0;0.0;0.0;0.0;36900.0;Com contrato;Despesas Correntes;0.0;15200.0;10850.0;4350.0;10850.0;
151064;CAMPUS AMILCAR FERREIRA SOBRAL;9524545000171.0;WF TECNOLOGIA CIENTIFICA E CONSTRUTORA LTDA;M8282G01CTN;CONTRATOS EM GERAL.;339039;Outros Serviços de Terceiros - Pessoa Jurídica;154048152652026NE000268;15404805000562025 - UASG MINUTA: 154048;2026;2026;54505.22;54505.22;54505.22;0.0;0.0;0.0;0.0;163515.66;Com contrato;Despesas Correntes;0.0;54505.22;54505.22;0.0;54505.22;
154090;PRO-REITORIA DE ENSINO DE POS-GRADUACAO;23361387000107.0;BRASITUR EVENTOS E TURISMO LTDA;M20RKG01CTN;CONTRATOS EM GERAL.;339033;Passagens e Despesas com Locomoção;154048152652026NE000269;15404805000162025 - UASG MINUTA: 154048;2026;2026;45923.61;17757.03;17757.03;0.0;0.0;0.0;0.0;81437.67;Com contrato;Despesas Correntes;0.0;45923.61;17757.03;28166.58;17757.03;
154090;PRO-REITORIA DE ENSINO DE POS-GRADUACAO;23361387000107.0;BRASITUR EVENTOS E TURISMO LTDA;M20RKG01CTN;CONTRATOS EM GERAL.;339033;Passagens e Despesas com Locomoção;154048152652026NE000270;15404805000162025 - UASG MINUTA: 154048;2026;2026;19000.0;0.0;0.0;0.0;0.0;0.0;0.0;19000.0;Com contrato;Despesas Correntes;0.0;19000.0;0.0;19000.0;0.0;
150147;CAMPUS PROFESSORA CINOBELINA ELVAS;10013974000163.0;SERVFAZ SERVICOS DE MAO DE OBRA LTDA;M20RKG01CTN;CONTRATOS EM GERAL.;339092;Despesas de Exercícios Anteriores;154048152652026NE000271;15404805000102025 - UASG MINUTA: 154048;2026;2026;13619.99;13619.99;13619.99;0.0;0.0;0.0;0.0;40859.97;Com contrato;Despesas Correntes;0.0;13619.99;13619.99;0.0;13619.99;
151064;CAMPUS AMILCAR FERREIRA SOBRAL;8596699000106.0;DB LOCACAO DE VEICULOS LTDA;M20RKG01CTN;CONTRATOS EM GERAL.;339033;Passagens e Despesas com Locomoção;154048152652026NE000272;15404805000522023 - UASG MINUTA: 154048;2026;2026;14299.45;0.0;0.0;0.0;0.0;0.0;0.0;14299.45;Com contrato;Despesas Correntes;0.0;14299.45;0.0;14299.45;0.0;
154087;PRO-REITORIA DE ADMINISTRACAOFUFPI;33683111000107.0;SERVICO FEDERAL DE PROCESSAMENTO DE DADOS (SERPRO);M20RKG01CTN;CONTRATOS EM GERAL.;339040;Serviços de Tecnologia da Informação e Comunicação - pessoa jurídica;154048152652026NE000277;15404806000152021 - UASG MINUTA: 154048;2026;2026;934.26;659.21;633.06;0.0;0.0;0.0;0.0;2226.53;Com contrato;Despesas Correntes;0.0;934.26;659.21;275.04999999999995;633.06;
156182;PREFEITURA UNIVERSITARIA;34455999000185.0;AUTOMOTIVA GLASS & LATARIA LTDA;M20RKG1900N;ENSINO-GESTAO;339039;Outros Serviços de Terceiros - Pessoa Jurídica;154048152652026NE000278;SEM INFORMACAO;2026;2026;151.0;151.0;151.0;0.0;0.0;0.0;0.0;453.0;Sem contrato;Despesas Correntes;0.0;151.0;151.0;0.0;151.0;
156182;PREFEITURA UNIVERSITARIA;7154037000113.0;NOSSA LUZ INSTALACOES ELETRICAS LTDA;M8282G01CTN;CONTRATOS EM GERAL.;339037;Locação de Mão de Obra;154048152652026NE000279;15404805000062025 - UASG MINUTA: 154048;2026;2026;340846.57;340846.57;333104.92;0.0;0.0;0.0;0.0;1014798.06;Com contrato;Despesas Correntes;0.0;340846.57;340846.57;0.0;333104.92;
156182;PREFEITURA UNIVERSITARIA;7154037000113.0;NOSSA LUZ INSTALACOES ELETRICAS LTDA;M8282G01CTN;CONTRATOS EM GERAL.;339033;Passagens e Despesas com Locomoção;154048152652026NE000280;15404805000062025 - UASG MINUTA: 154048;2026;2026;36858.64;36858.64;36858.64;0.0;0.0;0.0;0.0;110575.92;Com contrato;Despesas Correntes;0.0;36858.64;36858.64;0.0;36858.64;
156182;PREFEITURA UNIVERSITARIA;7154037000113.0;NOSSA LUZ INSTALACOES ELETRICAS LTDA;M8282G01CTN;CONTRATOS EM GERAL.;339030;Material de Consumo;154048152652026NE000281;15404805000062025 - UASG MINUTA: 154048;2026;2026;113801.86;113801.86;113652.94;0.0;0.0;0.0;0.0;341256.66;Com contrato;Despesas Correntes;0.0;113801.86;113801.86;0.0;113652.94;
156181;SUPERINTENDENCIA DE COMUNICACAO SOCIAL;33736327000185.0;BRENO P DELLING LTDA;M8282G01CTN;CONTRATOS EM GERAL.;339039;Outros Serviços de Terceiros - Pessoa Jurídica;154048152652026NE000282;15404805000182024 - UASG MINUTA: 154048;2026;2026;53725.62;53725.0;53725.0;0.0;0.0;0.0;0.0;161175.62;Com contrato;Despesas Correntes;0.0;53725.62;53725.0;0.6200000000026193;53725.0;
156181;SUPERINTENDENCIA DE COMUNICACAO SOCIAL;33736327000185.0;BRENO P DELLING LTDA;M8282G01CTN;CONTRATOS EM GERAL.;339030;Material de Consumo;154048152652026NE000283;15404805000182024 - UASG MINUTA: 154048;2026;2026;4999.79;0.0;0.0;0.0;0.0;0.0;0.0;4999.79;Com contrato;Despesas Correntes;0.0;4999.79;0.0;4999.79;0.0;
154104;COLEGIO AGRICOLA DE BOM JESUS/FUFPI;19588170000167.0;MARIANA MOREIRA ANDRASCHKO LTDA;L20RLM6000N;COLEGIOS TECNICOS DA UFPI;339030;Material de Consumo;154048152652026NE000284;15404805900182024 - UASG MINUTA: 154048;2026;2026;6956.36;6956.36;6956.36;0.0;0.0;0.0;0.0;20869.08;Sem contrato;Despesas Correntes;0.0;6956.36;6956.36;0.0;6956.36;
151064;CAMPUS AMILCAR FERREIRA SOBRAL;8026009000183.0;LOKAL RENT A CAR LTDA;M20RKG01CTN;CONTRATOS EM GERAL.;339033;Passagens e Despesas com Locomoção;154048152652026NE000285;15404805000012025 - UASG MINUTA: 154048;2026;2026;267300.0;237600.0;237600.0;0.0;0.0;0.0;0.0;742500.0;Com contrato;Despesas Correntes;0.0;267300.0;237600.0;29700.0;237600.0;
156182;PREFEITURA UNIVERSITARIA;7721678000102.0;ARAUJO E ARAUJO EMPREENDIMENTOS LTDA;M20RKG01CTN;CONTRATOS EM GERAL.;339033;Passagens e Despesas com Locomoção;154048152652026NE000286;15404805000242025 - UASG MINUTA: 154048;2026;2026;367106.4;325614.05;325614.05;0.0;0.0;0.0;0.0;1018334.5;Com contrato;Despesas Correntes;0.0;367106.4;325614.05;41492.350000000035;325614.05;
156182;PREFEITURA UNIVERSITARIA;3369021000177.0;A R 3 SERVICOS LTDA;M20RKG01CTN;CONTRATOS EM GERAL.;339037;Locação de Mão de Obra;154048152652026NE000287;15404806000582025 - UASG MINUTA: 154048;2026;2026;2477328.81;1934048.04;1906877.47;0.0;0.0;0.0;0.0;6318254.32;Com contrato;Despesas Correntes;0.0;2477328.81;1934048.04;543280.77;1906877.47;
156182;PREFEITURA UNIVERSITARIA;12710740000109.0;NATUS AMBIENTAL LTDA;M20RKG01CTN;CONTRATOS EM GERAL.;339039;Outros Serviços de Terceiros - Pessoa Jurídica;154048152652026NE000288;15404805000242020 - UASG MINUTA: 154048;2026;2026;150404.66;150369.38;150369.38;0.0;0.0;0.0;0.0;451143.42;Com contrato;Despesas Correntes;0.0;150404.66;150369.38;35.279999999998836;150369.38;
154103;CAMPUS DO JUNCO/FUFPI;18471673000195.0;CONSTRUTORA J M EXCELENCIA LTDA;M8282Q01CTN;CONTRATOS DE MANUTENCAO PREDIAL;339039;Outros Serviços de Terceiros - Pessoa Jurídica;154048152652026NE000290;15404805000632025 - UASG MINUTA: 154048;2026;2026;92997.97;21314.21;21314.21;0.0;0.0;0.0;0.0;135626.39;Com contrato;Despesas Correntes;0.0;92997.97;21314.21;71683.76000000001;21314.21;
154089;PRO-REITORIA DE EXTENSAOFUFPI;154048.0;FUNDACAO UNIVERSIDADE FEDERAL DO PIAUI;V20GKN2300N;CONCESSAO DE BOLSAS.;339018;Auxílio Financeiro a Estudantes;154048152652026NE000291;SEM INFORMACAO;2026;2026;4200.0;0.0;0.0;0.0;0.0;0.0;0.0;4200.0;Sem contrato;Despesas Correntes;0.0;4200.0;0.0;4200.0;0.0;
154098;CENTRO DE CIENCAS AGRARIAS/FUFPI;8242506485.0;LILIAN CAVALCANTE DA SILVA;M20RKG19SPN;SUPRIMENTO DE FUNDO.;339030;Material de Consumo;154048152652026NE000292;15404809999999999 - UASG MINUTA: 154048;2026;2026;0.0;0.0;0.0;0.0;0.0;0.0;0.0;0.0;Sem contrato;Despesas Correntes;0.0;0.0;0.0;0.0;0.0;
156181;SUPERINTENDENCIA DE COMUNICACAO SOCIAL;474973000162.0;ESCRITORIO CENTRAL DE ARRECADACAO E DISTRIBUICAO ECAD;M20RKG01CTN;CONTRATOS EM GERAL.;339039;Outros Serviços de Terceiros - Pessoa Jurídica;154048152652026NE000293;15404807000212024 - UASG MINUTA: 154048;2026;2026;52499.73;47301.9;47301.9;0.0;0.0;0.0;0.0;147103.53;Com contrato;Despesas Correntes;0.0;52499.73;47301.9;5197.830000000002;47301.9;
154098;CENTRO DE CIENCAS AGRARIAS/FUFPI;1264979312.0;MARCUS VINICIUS BESERRA DOS SANTOS;M20RKG19SPN;SUPRIMENTO DE FUNDO.;339030;Material de Consumo;154048152652026NE000294;15404809999999999 - UASG MINUTA: 154048;2026;2026;1097.5;1097.5;1097.5;0.0;0.0;0.0;0.0;3292.5;Sem contrato;Despesas Correntes;0.0;1097.5;1097.5;0.0;1097.5;
156182;PREFEITURA UNIVERSITARIA;27157474000106.0;AGUAS DE TERESINA SANEAMENTO SPE S.A.;M20RKG01CTN;CONTRATOS EM GERAL.;339039;Outros Serviços de Terceiros - Pessoa Jurídica;154048152652026NE000295;15404807000032025 - UASG MINUTA: 154048;2026;2026;1377002.24;1192204.02;1179436.66;0.0;0.0;0.0;0.0;3748642.92;Com contrato;Despesas Correntes;0.0;1377002.24;1192204.02;184798.21999999997;1179436.66;
156182;PREFEITURA UNIVERSITARIA;10846808000148.0;LP TOTAL SERVICE LTDA;M8282G01CTN;CONTRATOS EM GERAL.;339039;Outros Serviços de Terceiros - Pessoa Jurídica;154048152652026NE000296;15404805000222021 - UASG MINUTA: 154048;2026;2026;53852.05;45500.7;44744.45;0.0;0.0;0.0;0.0;144097.2;Com contrato;Despesas Correntes;0.0;53852.05;45500.7;8351.350000000006;44744.45;
156182;PREFEITURA UNIVERSITARIA;10846808000148.0;LP TOTAL SERVICE LTDA;M8282G01CTN;CONTRATOS EM GERAL.;339030;Material de Consumo;154048152652026NE000297;15404805000222021 - UASG MINUTA: 154048;2026;2026;500.13;0.0;0.0;0.0;0.0;0.0;0.0;500.13;Com contrato;Despesas Correntes;0.0;500.13;0.0;500.13;0.0;
154098;CENTRO DE CIENCAS AGRARIAS/FUFPI;22109632810.0;LILIAN SILVA CATENACCI;M20RKG19SPN;SUPRIMENTO DE FUNDO.;339030;Material de Consumo;154048152652026NE000298;15404809999999999 - UASG MINUTA: 154048;2026;2026;4000.0;2767.82;2767.82;0.0;0.0;0.0;0.0;9535.64;Sem contrato;Despesas Correntes;0.0;4000.0;2767.82;1232.1799999999998;2767.82;
156183;SUPERINTENDENCIA DE RECURSOS HUMANOS;23653504000106.0;J P BARBOSA E SILVA LTDA;M20RKG01CTN;CONTRATOS EM GERAL.;339039;Outros Serviços de Terceiros - Pessoa Jurídica;154048152652026NE000299;15404805000032023 - UASG MINUTA: 154048;2026;2026;165381.0;145199.03;145199.03;0.0;0.0;0.0;0.0;455779.06;Com contrato;Despesas Correntes;0.0;165381.0;145199.03;20181.97;145199.03;
156183;SUPERINTENDENCIA DE RECURSOS HUMANOS;23653504000106.0;J P BARBOSA E SILVA LTDA;M20RKG01CTN;CONTRATOS EM GERAL.;339030;Material de Consumo;154048152652026NE000300;15404805000032023 - UASG MINUTA: 154048;2026;2026;27702.1;20287.76;20287.76;0.0;0.0;0.0;0.0;68277.62;Com contrato;Despesas Correntes;0.0;27702.1;20287.76;7414.34;20287.76;
151064;CAMPUS AMILCAR FERREIRA SOBRAL;6840748000189.0;EQUATORIAL PIAUI DISTRIBUIDORA DE ENERGIA S.A;M20RKG01CTN;CONTRATOS EM GERAL.;339039;Outros Serviços de Terceiros - Pessoa Jurídica;154048152652026NE000301;15404807000362025 - UASG MINUTA: 154048;2026;2026;1079991.64;998687.25;989509.77;0.0;0.0;0.0;0.0;3068188.66;Com contrato;Despesas Correntes;0.0;1079991.64;998687.25;81304.3899999999;989509.77;
156182;PREFEITURA UNIVERSITARIA;34455999000185.0;AUTOMOTIVA GLASS & LATARIA LTDA;M20RKG1900N;ENSINO-GESTAO;339039;Outros Serviços de Terceiros - Pessoa Jurídica;154048152652026NE000302;SEM INFORMACAO;2026;2026;151.0;151.0;151.0;0.0;0.0;0.0;0.0;453.0;Sem contrato;Despesas Correntes;0.0;151.0;151.0;0.0;151.0;
154090;PRO-REITORIA DE ENSINO DE POS-GRADUACAO;74030558372.0;CRISTIANE DE SOUSA MOURA TEIXEIRA;M20RKG1900N;ENSINO-GESTAO;339092;Despesas de Exercícios Anteriores;154048152652026NE000304;SEM INFORMACAO;2026;2026;3389.35;3389.35;3389.35;0.0;0.0;0.0;0.0;10168.05;Sem contrato;Despesas Correntes;0.0;3389.35;3389.35;0.0;3389.35;
154578;PRO-REITORIA DE PESQUISA;77043511000115.0;QUIMTIA S.A;M20RKG6000N;ENSINO-GESTAO;339030;Material de Consumo;154048152652026NE000305;15404805900042025 - UASG MINUTA: 154048;2026;2026;112980.0;112980.0;112980.0;0.0;0.0;0.0;0.0;338940.0;Sem contrato;Despesas Correntes;0.0;112980.0;112980.0;0.0;112980.0;
156181;SUPERINTENDENCIA DE COMUNICACAO SOCIAL;10675963000149.0;MEGA-ON SOLUCOES LTDA;M20RKG01CTN;CONTRATOS EM GERAL.;339092;Despesas de Exercícios Anteriores;154048152652026NE000307;15404805000142024 - UASG MINUTA: 154048;2026;2026;10970.34;10970.34;10970.34;0.0;0.0;0.0;0.0;32911.02;Com contrato;Despesas Correntes;0.0;10970.34;10970.34;0.0;10970.34;
151064;CAMPUS AMILCAR FERREIRA SOBRAL;18471673000195.0;CONSTRUTORA J M EXCELENCIA LTDA;M8282Q01CTN;CONTRATOS DE MANUTENCAO PREDIAL;339039;Outros Serviços de Terceiros - Pessoa Jurídica;154048152652026NE000308;15404805000572025 - UASG MINUTA: 154048;2026;2026;124993.35;76714.81;76714.81;0.0;0.0;0.0;0.0;278422.97;Com contrato;Despesas Correntes;0.0;124993.35;76714.81;48278.54000000001;76714.81;
154102;COLEGIO AGRICOLA DE FLRIANO/FUFPI;18471673000195.0;CONSTRUTORA J M EXCELENCIA LTDA;L20RLM01CTN;CONTRATOS EM GERAL DOS COLEGIOS TECNICOS.;339039;Outros Serviços de Terceiros - Pessoa Jurídica;154048152652026NE000309;15404805000572025 - UASG MINUTA: 154048;2026;2026;125001.23;78345.3;78345.3;0.0;0.0;0.0;0.0;281691.83;Com contrato;Despesas Correntes;0.0;125001.23;78345.3;46655.92999999999;78345.3;
152660;HOSPITAL VETERINARIO DA UFPI;7501328000130.0;FUNDACAO CULTURAL E DE FOMENTO A PESQUISA, ENSINO, EXTE;M20RKG71HVN;HOSPITAL VETERINARIO DE TERESINA E BOM JESUS.;339039;Outros Serviços de Terceiros - Pessoa Jurídica;154048152652026NE000310;15404806006082024 - UASG MINUTA: 154048;2026;2026;1257605.41;1257590.33;1257590.33;0.0;0.0;0.0;0.0;3772786.07;Sem contrato;Despesas Correntes;0.0;1257605.41;1257590.33;15.079999999841675;1257590.33;
156182;PREFEITURA UNIVERSITARIA;20714651000150.0;H L RODRIGUES DE SOUSA LTDA;M20RKG01CTN;CONTRATOS EM GERAL.;339039;Outros Serviços de Terceiros - Pessoa Jurídica;154048152652026NE000311;15404805900022024 - UASG MINUTA: 154048;2026;2026;109639.2;91520.16;91520.16;0.0;0.0;0.0;0.0;292679.52;Com contrato;Despesas Correntes;0.0;109639.2;91520.16;18119.039999999994;91520.16;
154103;CAMPUS DO JUNCO/FUFPI;8644690000123.0;CET-SEG SEGURANCA ARMADA LTDA;M20RKG01CTN;CONTRATOS EM GERAL.;339037;Locação de Mão de Obra;154048152652026NE000312;15404805900032026 - UASG MINUTA: 154048;2026;2026;866808.8;734466.6;707484.85;0.0;0.0;0.0;0.0;2308760.25;Com contrato;Despesas Correntes;0.0;866808.8;734466.6;132342.20000000007;707484.85;
156183;SUPERINTENDENCIA DE RECURSOS HUMANOS;12134879000143.0;AIQ FERRAMENTAS E INSTRUMENTOS LTDA;M8282Q6000N;REESTRUTURACAO E MODERNIZACAO DAS IFES;449052;Equipamentos e Material Permanente;154048152652026NE000313;15404806000622025 - UASG MINUTA: 154048;2026;2026;8496.36;8496.36;8496.36;0.0;0.0;0.0;0.0;25489.08;Sem contrato;Despesas de Capital;0.0;8496.36;8496.36;0.0;8496.36;
156183;SUPERINTENDENCIA DE RECURSOS HUMANOS;34126852000141.0;CENTRAL BRASIL SERVICOS DE MEDICAO LTDA;M8282Q6000N;REESTRUTURACAO E MODERNIZACAO DAS IFES;449052;Equipamentos e Material Permanente;154048152652026NE000314;15404806000622025 - UASG MINUTA: 154048;2026;2026;11751.34;11751.34;11751.34;0.0;0.0;0.0;0.0;35254.02;Sem contrato;Despesas de Capital;0.0;11751.34;11751.34;0.0;11751.34;
156183;SUPERINTENDENCIA DE RECURSOS HUMANOS;54103042000187.0;54.103.042 FELIPE FERREIRA DE TOLEDO;M8282Q6000N;REESTRUTURACAO E MODERNIZACAO DAS IFES;449052;Equipamentos e Material Permanente;154048152652026NE000315;15404806000622025 - UASG MINUTA: 154048;2026;2026;1630.0;1630.0;1630.0;0.0;0.0;0.0;0.0;4890.0;Sem contrato;Despesas de Capital;0.0;1630.0;1630.0;0.0;1630.0;
154102;COLEGIO AGRICOLA DE FLRIANO/FUFPI;2161408000170.0;F BRASILEIRO FILHO & CIA LTDA;L20RLM6000N;COLEGIOS TECNICOS DA UFPI;339030;Material de Consumo;154048152652026NE000316;15404805900182024 - UASG MINUTA: 154048;2026;2026;9903.2;9903.2;9903.2;0.0;0.0;0.0;0.0;29709.6;Sem contrato;Despesas Correntes;0.0;9903.2;9903.2;0.0;9903.2;
156180;NUCLEO DE TECNOLOGIA DA INFORMACAO-NTI;5202938000108.0;HC COMUNICACAO DE DADOS LTDA;M8282G01CTN;CONTRATOS EM GERAL.;339040;Serviços de Tecnologia da Informação e Comunicação - pessoa jurídica;154048152652026NE000317;15421505000382025 - UASG MINUTA: 154048;2026;2026;114913.45;65721.07;65721.07;0.0;0.0;0.0;0.0;246355.59;Com contrato;Despesas Correntes;0.0;114913.45;65721.07;49192.37999999999;65721.07;
154089;PRO-REITORIA DE EXTENSAOFUFPI;47950955000173.0;AUREA CONFECCOES LTDA;M20RKG01CTN;CONTRATOS EM GERAL.;339030;Material de Consumo;154048152652026NE000318;15404805900072025 - UASG MINUTA: 154048;2026;2026;0.0;0.0;0.0;0.0;0.0;0.0;0.0;0.0;Com contrato;Despesas Correntes;0.0;0.0;0.0;0.0;0.0;
150147;CAMPUS PROFESSORA CINOBELINA ELVAS;5340639000130.0;PRIME CONSULTORIA E ASSESSORIA EMPRESARIAL LTDA;M8282G01CTN;CONTRATOS EM GERAL.;339092;Despesas de Exercícios Anteriores;154048152652026NE000319;15404805000392023 - UASG MINUTA: 154048;2026;2026;4506.04;4506.04;4506.04;0.0;0.0;0.0;0.0;13518.12;Com contrato;Despesas Correntes;0.0;4506.04;4506.04;0.0;4506.04;
150147;CAMPUS PROFESSORA CINOBELINA ELVAS;5340639000130.0;PRIME CONSULTORIA E ASSESSORIA EMPRESARIAL LTDA;M8282G01CTN;CONTRATOS EM GERAL.;339092;Despesas de Exercícios Anteriores;154048152652026NE000320;15404805000392023 - UASG MINUTA: 154048;2026;2026;2197.39;2197.39;2197.39;0.0;0.0;0.0;0.0;6592.17;Com contrato;Despesas Correntes;0.0;2197.39;2197.39;0.0;2197.39;
154356;PRO-REITORIA ASS.ESTUDANTIS E COMUNITARIOS;22561863000170.0;MULTPAR SERVICOS DE CONSTRUCAO LTDA;V4002N01CTN;CONTRATOS EM GERAL DO RU.;339039;Outros Serviços de Terceiros - Pessoa Jurídica;154048152652026NE000321;15404805000622025 - UASG MINUTA: 154048;2026;2026;113990.71;112763.54;89333.08;0.0;0.0;0.0;0.0;316087.33;Com contrato;Despesas Correntes;0.0;113990.71;112763.54;1227.1700000000128;89333.08;
151064;CAMPUS AMILCAR FERREIRA SOBRAL;18471673000195.0;CONSTRUTORA J M EXCELENCIA LTDA;V4002N01CTN;CONTRATOS EM GERAL DO RU.;339039;Outros Serviços de Terceiros - Pessoa Jurídica;154048152652026NE000322;15404805000572025 - UASG MINUTA: 154048;2026;2026;19995.78;0.0;0.0;0.0;0.0;0.0;0.0;19995.78;Com contrato;Despesas Correntes;0.0;19995.78;0.0;19995.78;0.0;
154104;COLEGIO AGRICOLA DE BOM JESUS/FUFPI;5340639000130.0;PRIME CONSULTORIA E ASSESSORIA EMPRESARIAL LTDA;L20RLM01CTN;CONTRATOS EM GERAL DOS COLEGIOS TECNICOS.;339039;Outros Serviços de Terceiros - Pessoa Jurídica;154048152652026NE000323;15404805900182025 - UASG MINUTA: 154048;2026;2026;65139.03;56283.31;56071.05;0.0;0.0;0.0;0.0;177493.39;Com contrato;Despesas Correntes;0.0;65139.03;56283.31;8855.720000000001;56071.05;
154103;CAMPUS DO JUNCO/FUFPI;18471673000195.0;CONSTRUTORA J M EXCELENCIA LTDA;V4002N01CTN;CONTRATOS EM GERAL DO RU.;339039;Outros Serviços de Terceiros - Pessoa Jurídica;154048152652026NE000325;15404805000632025 - UASG MINUTA: 154048;2026;2026;19991.01;19990.0;19990.0;0.0;0.0;0.0;0.0;59971.01;Com contrato;Despesas Correntes;0.0;19991.01;19990.0;1.0099999999983993;19990.0;
151064;CAMPUS AMILCAR FERREIRA SOBRAL;56173339000144.0;DI ANGIO COMERCIO DE MAQUINAS LTDA;M8282G01CTN;CONTRATOS EM GERAL.;339039;Outros Serviços de Terceiros - Pessoa Jurídica;154048152652026NE000326;15404807000982026 - UASG MINUTA: 154048;2026;2026;23015.37;23015.37;23015.37;0.0;0.0;0.0;0.0;69046.11;Com contrato;Despesas Correntes;0.0;23015.37;23015.37;0.0;23015.37;
154103;CAMPUS DO JUNCO/FUFPI;56173339000144.0;DI ANGIO COMERCIO DE MAQUINAS LTDA;M8282G01CTN;CONTRATOS EM GERAL.;339039;Outros Serviços de Terceiros - Pessoa Jurídica;154048152652026NE000327;15404807000982026 - UASG MINUTA: 154048;2026;2026;23015.37;23015.37;0.0;0.0;0.0;0.0;0.0;46030.74;Com contrato;Despesas Correntes;0.0;23015.37;23015.37;0.0;0.0;
151064;CAMPUS AMILCAR FERREIRA SOBRAL;56173339000144.0;DI ANGIO COMERCIO DE MAQUINAS LTDA;M8282G01CTN;CONTRATOS EM GERAL.;339030;Material de Consumo;154048152652026NE000328;15404807000982026 - UASG MINUTA: 154048;2026;2026;4999.82;0.0;0.0;0.0;0.0;0.0;0.0;4999.82;Com contrato;Despesas Correntes;0.0;4999.82;0.0;4999.82;0.0;
154103;CAMPUS DO JUNCO/FUFPI;56173339000144.0;DI ANGIO COMERCIO DE MAQUINAS LTDA;M8282G01CTN;CONTRATOS EM GERAL.;339030;Material de Consumo;154048152652026NE000329;15404807000982026 - UASG MINUTA: 154048;2026;2026;4999.82;0.0;0.0;0.0;0.0;0.0;0.0;4999.82;Com contrato;Despesas Correntes;0.0;4999.82;0.0;4999.82;0.0;
154103;CAMPUS DO JUNCO/FUFPI;10013974000163.0;SERVFAZ SERVICOS DE MAO DE OBRA LTDA;M20RKG01CTN;CONTRATOS EM GERAL.;339037;Locação de Mão de Obra;154048152652026NE000330;15404805000132025 - UASG MINUTA: 154048;2026;2026;34000.05;28250.09;28250.09;0.0;0.0;0.0;0.0;90500.23;Com contrato;Despesas Correntes;0.0;34000.05;28250.09;5749.960000000003;28250.09;
154102;COLEGIO AGRICOLA DE FLRIANO/FUFPI;87883807000106.0;MBM SEGURADORA SA;L20RLM01CTN;CONTRATOS EM GERAL DOS COLEGIOS TECNICOS.;339039;Outros Serviços de Terceiros - Pessoa Jurídica;154048152652026NE000331;15404805000092022 - UASG MINUTA: 154048;2026;2026;0.0;0.0;0.0;0.0;0.0;0.0;0.0;0.0;Com contrato;Despesas Correntes;0.0;0.0;0.0;0.0;0.0;
155079;HOSPITAL VETERINARIO DE BOM JESUS - UFPI;13048109000140.0;SERVIRE AGENCIAMENTO DE MAO DE OBRA LTDA;M20RKG71TBN;HOSPITAL VETERINARIO DE TERESINA E BOM JESUS.;339092;Despesas de Exercícios Anteriores;154048152652026NE000332;15404805000202025 - UASG MINUTA: 154048;2026;2026;2735.79;2735.79;2735.79;0.0;0.0;0.0;0.0;8207.37;Sem contrato;Despesas Correntes;0.0;2735.79;2735.79;0.0;2735.79;
156183;SUPERINTENDENCIA DE RECURSOS HUMANOS;154048.0;FUNDACAO UNIVERSIDADE FEDERAL DO PIAUI;M20RKG19CPN;COPESE - UFPI;339092;Despesas de Exercícios Anteriores;154048152652026NE000333;SEM INFORMACAO;2026;2026;0.0;0.0;0.0;0.0;0.0;0.0;0.0;0.0;Sem contrato;Despesas Correntes;0.0;0.0;0.0;0.0;0.0;
156182;PREFEITURA UNIVERSITARIA;11842881000104.0;CET SEG SERVICOS E LOCACAO DE MAO DE OBRA LTDA;M20RKG01CTN;CONTRATOS EM GERAL.;339037;Locação de Mão de Obra;154048152652026NE000334;15404805900032026 - UASG MINUTA: 154048;2026;2026;2403567.75;2021247.96;1835454.48;0.0;0.0;0.0;0.0;6260270.19;Com contrato;Despesas Correntes;0.0;2403567.75;2021247.96;382319.79000000004;1835454.48;
154102;COLEGIO AGRICOLA DE FLRIANO/FUFPI;87883807000106.0;MBM SEGURADORA SA;L20RLM01CTN;CONTRATOS EM GERAL DOS COLEGIOS TECNICOS.;339039;Outros Serviços de Terceiros - Pessoa Jurídica;154048152652026NE000335;15404805000092022 - UASG MINUTA: 154048;2026;2026;1119.2;575.96;575.96;0.0;0.0;0.0;0.0;2271.12;Com contrato;Despesas Correntes;0.0;1119.2;575.96;543.24;575.96;
154578;PRO-REITORIA DE PESQUISA;42537394000161.0;MUNDIAL NUTRICAO ANIMAL LTDA;M20RKG6000N;ENSINO-GESTAO;339030;Material de Consumo;154048152652026NE000336;15404805900042025 - UASG MINUTA: 154048;2026;2026;10835.0;0.0;0.0;0.0;0.0;0.0;0.0;10835.0;Sem contrato;Despesas Correntes;0.0;10835.0;0.0;10835.0;0.0;
156183;SUPERINTENDENCIA DE RECURSOS HUMANOS;154048.0;FUNDACAO UNIVERSIDADE FEDERAL DO PIAUI;M20RKG19CPN;COPESE - UFPI;339092;Despesas de Exercícios Anteriores;154048152652026NE000339;SEM INFORMACAO;2026;2026;0.0;0.0;0.0;0.0;0.0;0.0;0.0;0.0;Sem contrato;Despesas Correntes;0.0;0.0;0.0;0.0;0.0;
156183;SUPERINTENDENCIA DE RECURSOS HUMANOS;154048.0;FUNDACAO UNIVERSIDADE FEDERAL DO PIAUI;M20RKG19CPN;COPESE - UFPI;339036;Outros Serviços de Terceiros - Pessoa Física;154048152652026NE000340;SEM INFORMACAO;2026;2026;350935.61;218635.61;218635.61;0.0;0.0;0.0;0.0;788206.83;Sem contrato;Despesas Correntes;0.0;350935.61;218635.61;132300.0;218635.61;
156182;PREFEITURA UNIVERSITARIA;6554869000911.0;MUNICIPIO DE TERESINA;M20RKG1900N;ENSINO-GESTAO;339092;Despesas de Exercícios Anteriores;154048152652026NE000341;SEM INFORMACAO;2026;2026;2025.48;2025.48;2025.48;0.0;0.0;0.0;0.0;6076.44;Sem contrato;Despesas Correntes;0.0;2025.48;2025.48;0.0;2025.48;
154102;COLEGIO AGRICOLA DE FLRIANO/FUFPI;23262384000116.0;GLAUCIO & DEODATA AGRONEGOCIOS LTDA;L20RLM6000N;COLEGIOS TECNICOS DA UFPI;339030;Material de Consumo;154048152652026NE000342;15404805900182024 - UASG MINUTA: 154048;2026;2026;12046.8;12046.8;12046.8;0.0;0.0;0.0;0.0;36140.4;Sem contrato;Despesas Correntes;0.0;12046.8;12046.8;0.0;12046.8;
154091;PRO-REITORIA DE PLANEJAMENTO/FUFPI;154048.0;FUNDACAO UNIVERSIDADE FEDERAL DO PIAUI;V21GSN21IFN;IDIOMAS SEM FRONTEIRAS;339018;Auxílio Financeiro a Estudantes;154048152652026NE000343;SEM INFORMACAO;2026;2026;52637.02;44237.02;44237.02;0.0;0.0;0.0;0.0;141111.06;Sem contrato;Despesas Correntes;0.0;52637.02;44237.02;8400.0;44237.02;
154087;PRO-REITORIA DE ADMINISTRACAOFUFPI;18401140000137.0;INTEGRA AUDITORIA CONSULTORIA E CONTABILIDADE LTDA;M20RKG01CTN;CONTRATOS EM GERAL.;339039;Outros Serviços de Terceiros - Pessoa Jurídica;154048152652026NE000344;15404805000152025 - UASG MINUTA: 154048;2026;2026;94706.43;94706.43;94706.43;0.0;0.0;0.0;0.0;284119.29;Com contrato;Despesas Correntes;0.0;94706.43;94706.43;0.0;94706.43;
154103;CAMPUS DO JUNCO/FUFPI;47282733000120.0;LEAL EVENTOS LTDA;M20RKG01CTN;CONTRATOS EM GERAL.;339039;Outros Serviços de Terceiros - Pessoa Jurídica;154048152652026NE000345;15404805000112024 - UASG MINUTA: 154048;2026;2026;51765.1;18232.58;18232.58;0.0;0.0;0.0;0.0;88230.26;Com contrato;Despesas Correntes;0.0;51765.1;18232.58;33532.52;18232.58;
150147;CAMPUS PROFESSORA CINOBELINA ELVAS;47282733000120.0;LEAL EVENTOS LTDA;M20RKG01CTN;CONTRATOS EM GERAL.;339039;Outros Serviços de Terceiros - Pessoa Jurídica;154048152652026NE000346;15404805000112024 - UASG MINUTA: 154048;2026;2026;28395.4;6849.79;6849.79;0.0;0.0;0.0;0.0;42094.98;Com contrato;Despesas Correntes;0.0;28395.4;6849.79;21545.61;6849.79;
151064;CAMPUS AMILCAR FERREIRA SOBRAL;47282733000120.0;LEAL EVENTOS LTDA;M20RKG01CTN;CONTRATOS EM GERAL.;339039;Outros Serviços de Terceiros - Pessoa Jurídica;154048152652026NE000347;15404805000112024 - UASG MINUTA: 154048;2026;2026;26188.73;10911.09;10911.09;0.0;0.0;0.0;0.0;48010.91;Com contrato;Despesas Correntes;0.0;26188.73;10911.09;15277.64;10911.09;
156181;SUPERINTENDENCIA DE COMUNICACAO SOCIAL;11587614000138.0;ELETRICA LOCACOES E EVENTOS LTDA;M20RKG01CTN;CONTRATOS EM GERAL.;339039;Outros Serviços de Terceiros - Pessoa Jurídica;154048152652026NE000348;15404805000162024 - UASG MINUTA: 154048;2026;2026;27925.45;22102.43;21958.27;0.0;0.0;0.0;0.0;71986.15;Com contrato;Despesas Correntes;0.0;27925.45;22102.43;5823.02;21958.27;
154578;PRO-REITORIA DE PESQUISA;10315821000170.0;GRANJA R.G. AGRONEGOCIO LTDA;M20RKG6000N;ENSINO-GESTAO;339030;Material de Consumo;154048152652026NE000349;15404805900042025 - UASG MINUTA: 154048;2026;2026;29340.0;29340.0;29340.0;0.0;0.0;0.0;0.0;88020.0;Sem contrato;Despesas Correntes;0.0;29340.0;29340.0;0.0;29340.0;
154095;CENTRO DE CIENCIAS DA SAUDE/FUFPI;5021932000134.0;MF DE ALMEIDA & CIA. LTDA;M8282G6000N;REESTRUTURACAO E MODERNIZACAO DAS IFES;449052;Equipamentos e Material Permanente;154048152652026NE000350;15668005900072025 - UASG MINUTA: 154048;2026;2026;16550.42;16550.42;0.0;0.0;0.0;0.0;0.0;33100.84;Sem contrato;Despesas de Capital;0.0;16550.42;16550.42;0.0;0.0;
156183;SUPERINTENDENCIA DE RECURSOS HUMANOS;154048.0;FUNDACAO UNIVERSIDADE FEDERAL DO PIAUI;M20RKG19CPN;COPESE - UFPI;339092;Despesas de Exercícios Anteriores;154048152652026NE000352;SEM INFORMACAO;2026;2026;47138.19;47138.19;47138.19;0.0;0.0;0.0;0.0;141414.57;Sem contrato;Despesas Correntes;0.0;47138.19;47138.19;0.0;47138.19;
150147;CAMPUS PROFESSORA CINOBELINA ELVAS;9524545000171.0;WF TECNOLOGIA CIENTIFICA E CONSTRUTORA LTDA;M8282G01CTN;CONTRATOS EM GERAL.;339039;Outros Serviços de Terceiros - Pessoa Jurídica;154048152652026NE000354;15404805000642025 - UASG MINUTA: 154048;2026;2026;115520.8;115520.8;115520.8;0.0;0.0;0.0;0.0;346562.4;Com contrato;Despesas Correntes;0.0;115520.8;115520.8;0.0;115520.8;
151064;CAMPUS AMILCAR FERREIRA SOBRAL;10013974000163.0;SERVFAZ SERVICOS DE MAO DE OBRA LTDA;M20RKG01CTN;CONTRATOS EM GERAL.;339037;Locação de Mão de Obra;154048152652026NE000355;15404805000082026 - UASG MINUTA: 154048;2026;2026;0.0;0.0;0.0;0.0;0.0;0.0;0.0;0.0;Com contrato;Despesas Correntes;0.0;0.0;0.0;0.0;0.0;
151064;CAMPUS AMILCAR FERREIRA SOBRAL;10013974000163.0;SERVFAZ SERVICOS DE MAO DE OBRA LTDA;M20RKG01CTN;CONTRATOS EM GERAL.;339037;Locação de Mão de Obra;154048152652026NE000356;15404805000082026 - UASG MINUTA: 154048;2026;2026;0.0;0.0;0.0;0.0;0.0;0.0;0.0;0.0;Com contrato;Despesas Correntes;0.0;0.0;0.0;0.0;0.0;
154102;COLEGIO AGRICOLA DE FLRIANO/FUFPI;10013974000163.0;SERVFAZ SERVICOS DE MAO DE OBRA LTDA;L20RLM01CTN;CONTRATOS EM GERAL DOS COLEGIOS TECNICOS.;339037;Locação de Mão de Obra;154048152652026NE000357;15404805000092026 - UASG MINUTA: 154048;2026;2026;0.0;0.0;0.0;0.0;0.0;0.0;0.0;0.0;Com contrato;Despesas Correntes;0.0;0.0;0.0;0.0;0.0;
154102;COLEGIO AGRICOLA DE FLRIANO/FUFPI;10013974000163.0;SERVFAZ SERVICOS DE MAO DE OBRA LTDA;L20RLM01CTN;CONTRATOS EM GERAL DOS COLEGIOS TECNICOS.;339037;Locação de Mão de Obra;154048152652026NE000358;15404805000092026 - UASG MINUTA: 154048;2026;2026;0.0;0.0;0.0;0.0;0.0;0.0;0.0;0.0;Com contrato;Despesas Correntes;0.0;0.0;0.0;0.0;0.0;
150147;CAMPUS PROFESSORA CINOBELINA ELVAS;8644690000123.0;CET-SEG SEGURANCA ARMADA LTDA;M20RKG01CTN;CONTRATOS EM GERAL.;339037;Locação de Mão de Obra;154048152652026NE000359;15404805900032026 - UASG MINUTA: 154048;2026;2026;314212.64;181442.1;48679.67;0.0;0.0;0.0;0.0;544334.41;Com contrato;Despesas Correntes;0.0;314212.64;181442.1;132770.54;48679.67;
154103;CAMPUS DO JUNCO/FUFPI;24351428000147.0;CENTRO OESTE SERVICOS LTDA - EM RECUPERACAO JUDICIAL;M20RKG01CTN;CONTRATOS EM GERAL.;339037;Locação de Mão de Obra;154048152652026NE000360;15404805900062026 - UASG MINUTA: 154048;2026;2026;343773.11;343773.11;323133.28;0.0;0.0;0.0;0.0;1010679.5;Com contrato;Despesas Correntes;0.0;343773.11;343773.11;0.0;323133.28;
150147;CAMPUS PROFESSORA CINOBELINA ELVAS;7111745000177.0;TOP ARCONDICIONADO LTDA;M8282G01CTN;CONTRATOS EM GERAL.;339039;Outros Serviços de Terceiros - Pessoa Jurídica;154048152652026NE000361;15404805900022026 - UASG MINUTA: 154048;2026;2026;123710.66;122765.66;122765.66;0.0;0.0;0.0;0.0;369241.98;Com contrato;Despesas Correntes;0.0;123710.66;122765.66;945.0;122765.66;
156183;SUPERINTENDENCIA DE RECURSOS HUMANOS;87883807000106.0;MBM SEGURADORA SA;M20RKG01CTN;CONTRATOS EM GERAL.;339039;Outros Serviços de Terceiros - Pessoa Jurídica;154048152652026NE000362;15404805000122022 - UASG MINUTA: 154048;2026;2026;7339.2;3696.44;3609.69;0.0;0.0;0.0;0.0;14645.33;Com contrato;Despesas Correntes;0.0;7339.2;3696.44;3642.7599999999998;3609.69;
154093;BIBLIOTECA CENTRAL/FUFPI;13183749000163.0;MINHA BIBLIOTECA LTDA.;M20RKG01CTN;CONTRATOS EM GERAL.;339040;Serviços de Tecnologia da Informação e Comunicação - pessoa jurídica;154048152652026NE000363;15404807000092026 - UASG MINUTA: 154048;2026;2026;212400.0;212400.0;212400.0;0.0;0.0;0.0;0.0;637200.0;Com contrato;Despesas Correntes;0.0;212400.0;212400.0;0.0;212400.0;
154094;CENTRO DE CIENCIAS DA NATUREZA/FUFPI;50166703000162.0;FLEXMED DISTRIBUIDORA DE MEDICAMENTOS E PRODUTOS PARA;M8282Q6000N;REESTRUTURACAO E MODERNIZACAO DAS IFES;449052;Equipamentos e Material Permanente;154048152652026NE000364;15404806900102024 - UASG MINUTA: 154048;2026;2026;44999.99;44999.99;44999.99;0.0;0.0;0.0;0.0;134999.97;Sem contrato;Despesas de Capital;0.0;44999.99;44999.99;0.0;44999.99;
154104;COLEGIO AGRICOLA DE BOM JESUS/FUFPI;154048.0;FUNDACAO UNIVERSIDADE FEDERAL DO PIAUI;L20RLM1900N;COLEGIOS TECNICOS DA UFPI;339093;Indenizações e Restituições;154048152652026NE000365;SEM INFORMACAO;2026;2026;2000.0;1944.25;1944.25;0.0;0.0;0.0;0.0;5888.5;Sem contrato;Despesas Correntes;0.0;2000.0;1944.25;55.75;1944.25;
154086;ADMINISTRACAO CENTRAL/FUFPI;154048.0;FUNDACAO UNIVERSIDADE FEDERAL DO PIAUI;M20RKG1900N;ENSINO-GESTAO;339093;Indenizações e Restituições;154048152652026NE000366;SEM INFORMACAO;2026;2026;2000.0;0.0;0.0;0.0;0.0;0.0;0.0;2000.0;Sem contrato;Despesas Correntes;0.0;2000.0;0.0;2000.0;0.0;
156182;PREFEITURA UNIVERSITARIA;7111745000177.0;TOP ARCONDICIONADO LTDA;M8282G01CTN;CONTRATOS EM GERAL.;339039;Outros Serviços de Terceiros - Pessoa Jurídica;154048152652026NE000367;15404805900022026 - UASG MINUTA: 154048;2026;2026;212441.42;192101.1;192101.1;0.0;0.0;0.0;0.0;596643.62;Com contrato;Despesas Correntes;0.0;212441.42;192101.1;20340.320000000007;192101.1;
154102;COLEGIO AGRICOLA DE FLRIANO/FUFPI;20534819000146.0;AGROCAMPO LTDA;L20RLM6000N;COLEGIOS TECNICOS DA UFPI;339030;Material de Consumo;154048152652026NE000368;15404805900182024 - UASG MINUTA: 154048;2026;2026;18160.86;18160.86;18160.86;0.0;0.0;0.0;0.0;54482.58;Sem contrato;Despesas Correntes;0.0;18160.86;18160.86;0.0;18160.86;
154103;CAMPUS DO JUNCO/FUFPI;7111745000177.0;TOP ARCONDICIONADO LTDA;M8282G01CTN;CONTRATOS EM GERAL.;339039;Outros Serviços de Terceiros - Pessoa Jurídica;154048152652026NE000369;15404805900022026 - UASG MINUTA: 154048;2026;2026;93230.0;78624.6;78624.6;0.0;0.0;0.0;0.0;250479.2;Com contrato;Despesas Correntes;0.0;93230.0;78624.6;14605.399999999994;78624.6;
154091;PRO-REITORIA DE PLANEJAMENTO/FUFPI;3637436000184.0;ASSOCIACAO BRASILEIRA DAS EDITORAS UNIVERSITARIAS;V00PWN01EUN;CONT A ENTIDADES NACIONAIS (ABEU);335041;CONTRIBUICOES;154048152652026NE000370;SEM INFORMACAO;2026;2026;4865.0;4865.0;4865.0;0.0;0.0;0.0;0.0;14595.0;Sem contrato;Despesas Correntes;0.0;4865.0;4865.0;0.0;4865.0;
156183;SUPERINTENDENCIA DE RECURSOS HUMANOS;99317656315.0;JOSE ALVES DE MACEDO NETO;M20RKG1900N;ENSINO-GESTAO;339092;Despesas de Exercícios Anteriores;154048152652026NE000371;SEM INFORMACAO;2026;2026;13073.99;13073.99;13073.99;0.0;0.0;0.0;0.0;39221.97;Sem contrato;Despesas Correntes;0.0;13073.99;13073.99;0.0;13073.99;
154086;ADMINISTRACAO CENTRAL/FUFPI;110844.0;SECRETARIA ESPECIAL PARA A COP 30;M20RKG1900N;ENSINO-GESTAO;339193;INDENIZACOES E RESTITUICOES;154048152652026NE000372;SEM INFORMACAO;2026;2026;1925312.0;1925311.21;1925311.21;0.0;0.0;0.0;0.0;5775934.42;Sem contrato;Despesas Correntes;0.0;1925312.0;1925311.21;0.7900000000372529;1925311.21;
154102;COLEGIO AGRICOLA DE FLRIANO/FUFPI;87883807000106.0;MBM SEGURADORA SA;L20RLM01CTN;CONTRATOS EM GERAL DOS COLEGIOS TECNICOS.;339092;Despesas de Exercícios Anteriores;154048152652026NE000373;15404805000092022 - UASG MINUTA: 154048;2026;2026;118.28;118.28;118.28;0.0;0.0;0.0;0.0;354.84;Com contrato;Despesas Correntes;0.0;118.28;118.28;0.0;118.28;
154101;COLEGIO AGRICOLA DE TERESINA/FUFPI;10721795000180.0;POTY COMERCIO E SERVICOS LTDA;L2994M2300N;RESTAURANTE UNIVERSITARIO;339030;Material de Consumo;154048152652026NE000374;15404805900092024 - UASG MINUTA: 154048;2026;2026;165200.0;84193.0;81428.35;0.0;0.0;0.0;0.0;330821.35;Sem contrato;Despesas Correntes;0.0;165200.0;84193.0;81007.0;81428.35;
154578;PRO-REITORIA DE PESQUISA;31917874000131.0;J V N ROCHA;M20RKG6000N;ENSINO-GESTAO;339030;Material de Consumo;154048152652026NE000375;15404805900162025 - UASG MINUTA: 154048;2026;2026;77669.0;12502.2;12502.2;0.0;0.0;0.0;0.0;102673.4;Sem contrato;Despesas Correntes;0.0;77669.0;12502.2;65166.8;12502.2;
156183;SUPERINTENDENCIA DE RECURSOS HUMANOS;9094300000151.0;OPEN SOLUCOES TRIBUTARIAS LTDA;V4572N5600N;TREINAMENTO DE SERVIDORES     .;339039;Outros Serviços de Terceiros - Pessoa Jurídica;154048152652026NE000376;15404807000992026 - UASG MINUTA: 154048;2026;2026;9570.0;9570.0;9570.0;0.0;0.0;0.0;0.0;28710.0;Sem contrato;Despesas Correntes;0.0;9570.0;9570.0;0.0;9570.0;
154102;COLEGIO AGRICOLA DE FLRIANO/FUFPI;18717757000166.0;SANTANA DISTRIBUIDORA LTDA;L2994M2300N;RESTAURANTE UNIVERSITARIO;339030;Material de Consumo;154048152652026NE000377;15404805900172024 - UASG MINUTA: 154048;2026;2026;13247.46;10912.78;10794.69;0.0;0.0;0.0;0.0;34954.93;Sem contrato;Despesas Correntes;0.0;13247.46;10912.78;2334.6799999999985;10794.69;
154098;CENTRO DE CIENCAS AGRARIAS/FUFPI;24035925000136.0;SILMAQUINAS E EQUIPAMENTOS LTDA;M8282G6000N;REESTRUTURACAO E MODERNIZACAO DAS IFES;449052;Equipamentos e Material Permanente;154048152652026NE000378;15404805900142025 - UASG MINUTA: 154048;2026;2026;59930.0;59930.0;59930.0;0.0;0.0;0.0;0.0;179790.0;Sem contrato;Despesas de Capital;0.0;59930.0;59930.0;0.0;59930.0;
154095;CENTRO DE CIENCIAS DA SAUDE/FUFPI;54322844000188.0;ITAPEMED IMPORTADORA E EXPORTADORA DE EQUIPAMENTOS HOSP;M8282G6000N;REESTRUTURACAO E MODERNIZACAO DAS IFES;449052;Equipamentos e Material Permanente;154048152652026NE000379;15668005900072025 - UASG MINUTA: 154048;2026;2026;5810.26;5810.26;5810.26;0.0;0.0;0.0;0.0;17430.78;Sem contrato;Despesas de Capital;0.0;5810.26;5810.26;0.0;5810.26;
151064;CAMPUS AMILCAR FERREIRA SOBRAL;5477326000128.0;DANCOLD COMERCIO MANUTENCAO E INSTALACAO DE AR CONDICI;M8282G01CTN;CONTRATOS EM GERAL.;339039;Outros Serviços de Terceiros - Pessoa Jurídica;154048152652026NE000380;15404805900022026 - UASG MINUTA: 154048;2026;2026;119519.61;110067.72;102965.86;0.0;0.0;0.0;0.0;332553.19;Com contrato;Despesas Correntes;0.0;119519.61;110067.72;9451.89;102965.86;
154103;CAMPUS DO JUNCO/FUFPI;29482267000144.0;MACROSERV LTDA;M20RKG01CTN;CONTRATOS EM GERAL.;339037;Locação de Mão de Obra;154048152652026NE000381;15404805900012026 - UASG MINUTA: 154048;2026;2026;922964.75;731611.64;711151.97;0.0;0.0;0.0;0.0;2365728.36;Com contrato;Despesas Correntes;0.0;922964.75;731611.64;191353.11;711151.97;
154093;BIBLIOTECA CENTRAL/FUFPI;42810782000174.0;MAX QUALITY COMERCIO LTDA;M8282G6000N;REESTRUTURACAO E MODERNIZACAO DAS IFES;339030;Material de Consumo;154048152652026NE000382;15404806000182025 - UASG MINUTA: 154048;2026;2026;919.44;919.44;919.44;0.0;0.0;0.0;0.0;2758.32;Sem contrato;Despesas Correntes;0.0;919.44;919.44;0.0;919.44;
154093;BIBLIOTECA CENTRAL/FUFPI;49444772000101.0;LH SOLUCOES EMPRESARIAIS LTDA;M8282G6000N;REESTRUTURACAO E MODERNIZACAO DAS IFES;339030;Material de Consumo;154048152652026NE000383;15404806000182025 - UASG MINUTA: 154048;2026;2026;11180.0;11180.0;11180.0;0.0;0.0;0.0;0.0;33540.0;Sem contrato;Despesas Correntes;0.0;11180.0;11180.0;0.0;11180.0;
154093;BIBLIOTECA CENTRAL/FUFPI;21519142000130.0;D.V. DISTRIBUICAO LTDA;M8282G6000N;REESTRUTURACAO E MODERNIZACAO DAS IFES;339030;Material de Consumo;154048152652026NE000384;15404806000182025 - UASG MINUTA: 154048;2026;2026;6110.4;6110.4;6110.4;0.0;0.0;0.0;0.0;18331.2;Sem contrato;Despesas Correntes;0.0;6110.4;6110.4;0.0;6110.4;
154093;BIBLIOTECA CENTRAL/FUFPI;7372258000168.0;C.F. LAZZARIN INDUSTRIA E COMERCIO DE ADESIVOS LTDA;M8282G6000N;REESTRUTURACAO E MODERNIZACAO DAS IFES;339030;Material de Consumo;154048152652026NE000385;15404806000182025 - UASG MINUTA: 154048;2026;2026;11560.0;11560.0;11560.0;0.0;0.0;0.0;0.0;34680.0;Sem contrato;Despesas Correntes;0.0;11560.0;11560.0;0.0;11560.0;
154093;BIBLIOTECA CENTRAL/FUFPI;60633705000178.0;60.633.705 RODRIGO GONDIM MACHADO LIMA;M8282G6000N;REESTRUTURACAO E MODERNIZACAO DAS IFES;339030;Material de Consumo;154048152652026NE000386;15404806000182025 - UASG MINUTA: 154048;2026;2026;1844.0;1844.0;1844.0;0.0;0.0;0.0;0.0;5532.0;Sem contrato;Despesas Correntes;0.0;1844.0;1844.0;0.0;1844.0;
154093;BIBLIOTECA CENTRAL/FUFPI;44791692000109.0;44.791.692 VANESSA DE OLIVEIRA BARROS;M8282G6000N;REESTRUTURACAO E MODERNIZACAO DAS IFES;339030;Material de Consumo;154048152652026NE000387;15404806000182025 - UASG MINUTA: 154048;2026;2026;463.0;0.0;0.0;0.0;0.0;0.0;0.0;463.0;Sem contrato;Despesas Correntes;0.0;463.0;0.0;463.0;0.0;
154093;BIBLIOTECA CENTRAL/FUFPI;60633705000178.0;60.633.705 RODRIGO GONDIM MACHADO LIMA;M8282G6000N;REESTRUTURACAO E MODERNIZACAO DAS IFES;449052;Equipamentos e Material Permanente;154048152652026NE000388;15404806000182025 - UASG MINUTA: 154048;2026;2026;1129.88;1129.88;1129.88;0.0;0.0;0.0;0.0;3389.64;Sem contrato;Despesas de Capital;0.0;1129.88;1129.88;0.0;1129.88;
150147;CAMPUS PROFESSORA CINOBELINA ELVAS;154048.0;FUNDACAO UNIVERSIDADE FEDERAL DO PIAUI;M20RKG1900N;ENSINO-GESTAO;339036;Outros Serviços de Terceiros - Pessoa Física;154048152652026NE000389;SEM INFORMACAO;2026;2026;837.5;837.5;837.5;0.0;0.0;0.0;0.0;2512.5;Sem contrato;Despesas Correntes;0.0;837.5;837.5;0.0;837.5;
154101;COLEGIO AGRICOLA DE TERESINA/FUFPI;1542171000105.0;SILVA & ALVES FRUTOS TROPICAIS LTDA;L2994M2300N;RESTAURANTE UNIVERSITARIO;339030;Material de Consumo;154048152652026NE000390;15404805900172024 - UASG MINUTA: 154048;2026;2026;244282.45;214046.93;207863.54;0.0;0.0;0.0;0.0;666192.92;Sem contrato;Despesas Correntes;0.0;244282.45;214046.93;30235.52000000002;207863.54;
154103;CAMPUS DO JUNCO/FUFPI;63505812000109.0;ROBEVALDO ALVES LIMA LTDA;V4002N2300N;RESTAURANTE UNIVERSITARIO E OUTRAS DESPESAS;339030;Material de Consumo;154048152652026NE000391;15404805900172024 - UASG MINUTA: 154048;2026;2026;33443.5;7760.4;7760.4;0.0;0.0;0.0;0.0;48964.3;Sem contrato;Despesas Correntes;0.0;33443.5;7760.4;25683.1;7760.4;
154102;COLEGIO AGRICOLA DE FLRIANO/FUFPI;154048.0;FUNDACAO UNIVERSIDADE FEDERAL DO PIAUI;L2994M23CBN;CONCESSAO DE BOLSAS;339018;Auxílio Financeiro a Estudantes;154048152652026NE000392;SEM INFORMACAO;2026;2026;34450.0;28300.0;28300.0;0.0;0.0;0.0;0.0;91050.0;Sem contrato;Despesas Correntes;0.0;34450.0;28300.0;6150.0;28300.0;
154101;COLEGIO AGRICOLA DE TERESINA/FUFPI;20534819000146.0;AGROCAMPO LTDA;L20RLM6000N;COLEGIOS TECNICOS DA UFPI;339030;Material de Consumo;154048152652026NE000393;15404805900182024 - UASG MINUTA: 154048;2026;2026;17589.18;17589.18;17589.18;0.0;0.0;0.0;0.0;52767.54;Sem contrato;Despesas Correntes;0.0;17589.18;17589.18;0.0;17589.18;
154101;COLEGIO AGRICOLA DE TERESINA/FUFPI;10661512000152.0;PISCIS INDUSTRIA E COMERCIO LTDA;L20RLM6000N;COLEGIOS TECNICOS DA UFPI;339030;Material de Consumo;154048152652026NE000394;15404805900182024 - UASG MINUTA: 154048;2026;2026;17060.26;0.0;0.0;0.0;0.0;0.0;0.0;17060.26;Sem contrato;Despesas Correntes;0.0;17060.26;0.0;17060.26;0.0;
154103;CAMPUS DO JUNCO/FUFPI;1542171000105.0;SILVA & ALVES FRUTOS TROPICAIS LTDA;V4002N2300N;RESTAURANTE UNIVERSITARIO E OUTRAS DESPESAS;339030;Material de Consumo;154048152652026NE000395;15404805900172024 - UASG MINUTA: 154048;2026;2026;18597.0;10205.79;9416.75;0.0;0.0;0.0;0.0;38219.54;Sem contrato;Despesas Correntes;0.0;18597.0;10205.79;8391.21;9416.75;
154102;COLEGIO AGRICOLA DE FLRIANO/FUFPI;154048.0;FUNDACAO UNIVERSIDADE FEDERAL DO PIAUI;L2994M23CBN;CONCESSAO DE BOLSAS;339018;Auxílio Financeiro a Estudantes;154048152652026NE000396;SEM INFORMACAO;2026;2026;58800.0;50400.0;50400.0;0.0;0.0;0.0;0.0;159600.0;Sem contrato;Despesas Correntes;0.0;58800.0;50400.0;8400.0;50400.0;
154103;CAMPUS DO JUNCO/FUFPI;63505812000109.0;ROBEVALDO ALVES LIMA LTDA;V4002N2300N;RESTAURANTE UNIVERSITARIO E OUTRAS DESPESAS;339030;Material de Consumo;154048152652026NE000397;15404805900222024 - UASG MINUTA: 154048;2026;2026;25352.2;0.0;0.0;0.0;0.0;0.0;0.0;25352.2;Sem contrato;Despesas Correntes;0.0;25352.2;0.0;25352.2;0.0;
154095;CENTRO DE CIENCIAS DA SAUDE/FUFPI;25341162000114.0;MEGA DENTAL IMPORTACAO, EXPORTACAO E COMERCIO DE PRODUT;M20RKG6000N;ENSINO-GESTAO;339030;Material de Consumo;154048152652026NE000399;15668005900072025 - UASG MINUTA: 154048;2026;2026;11914.55;0.0;0.0;0.0;0.0;0.0;0.0;11914.55;Sem contrato;Despesas Correntes;0.0;11914.55;0.0;11914.55;0.0;
154087;PRO-REITORIA DE ADMINISTRACAOFUFPI;19674387000190.0;GUERRA ASSESSORIA TECNICA LTDA;M20RKG01CTN;CONTRATOS EM GERAL.;339039;Outros Serviços de Terceiros - Pessoa Jurídica;154048152652026NE000400;15404805000112025 - UASG MINUTA: 154048;2026;2026;22000.0;21599.99;21599.99;0.0;0.0;0.0;0.0;65199.98;Com contrato;Despesas Correntes;0.0;22000.0;21599.99;400.0099999999984;21599.99;
154088;PRO-REITORIA DE ENSINOFUFPI;154048.0;FUNDACAO UNIVERSIDADE FEDERAL DO PIAUI;V20GKN2300N;CONCESSAO DE BOLSAS.;339018;Auxílio Financeiro a Estudantes;154048152652026NE000401;SEM INFORMACAO;2026;2026;4200.0;2800.0;2800.0;0.0;0.0;0.0;0.0;9800.0;Sem contrato;Despesas Correntes;0.0;4200.0;2800.0;1400.0;2800.0;
156181;SUPERINTENDENCIA DE COMUNICACAO SOCIAL;154048.0;FUNDACAO UNIVERSIDADE FEDERAL DO PIAUI;M20RKG1900N;ENSINO-GESTAO;339036;Outros Serviços de Terceiros - Pessoa Física;154048152652026NE000402;SEM INFORMACAO;2026;2026;1500.0;1425.0;1425.0;0.0;0.0;0.0;0.0;4350.0;Sem contrato;Despesas Correntes;0.0;1500.0;1425.0;75.0;1425.0;
156182;PREFEITURA UNIVERSITARIA;8644690000123.0;CET-SEG SEGURANCA ARMADA LTDA;M20RKG01CTN;CONTRATOS EM GERAL.;339037;Locação de Mão de Obra;154048152652026NE000403;15404805900032026 - UASG MINUTA: 154048;2026;2026;491030.09;488515.35;488515.35;0.0;0.0;0.0;0.0;1468060.79;Com contrato;Despesas Correntes;0.0;491030.09;488515.35;2514.740000000049;488515.35;
154088;PRO-REITORIA DE ENSINOFUFPI;154048.0;FUNDACAO UNIVERSIDADE FEDERAL DO PIAUI;V20GKN2300N;CONCESSAO DE BOLSAS.;339018;Auxílio Financeiro a Estudantes;154048152652026NE000404;SEM INFORMACAO;2026;2026;4200.0;0.0;0.0;0.0;0.0;0.0;0.0;4200.0;Sem contrato;Despesas Correntes;0.0;4200.0;0.0;4200.0;0.0;
156182;PREFEITURA UNIVERSITARIA;24351428000147.0;CENTRO OESTE SERVICOS LTDA - EM RECUPERACAO JUDICIAL;M20RKG01CTN;CONTRATOS EM GERAL.;339037;Locação de Mão de Obra;154048152652026NE000405;15404805900062026 - UASG MINUTA: 154048;2026;2026;395677.11;156293.83;137627.13;0.0;0.0;0.0;0.0;689598.07;Com contrato;Despesas Correntes;0.0;395677.11;156293.83;239383.28;137627.13;
154356;PRO-REITORIA ASS.ESTUDANTIS E COMUNITARIOS;154048.0;FUNDACAO UNIVERSIDADE FEDERAL DO PIAUI;V4002N23CBN;CONCESSAO DE BOLSAS.;339018;Auxílio Financeiro a Estudantes;154048152652026NE000406;SEM INFORMACAO;2026;2026;11563614.0;4478240.12;4187405.12;0.0;0.0;0.0;0.0;20229259.24;Sem contrato;Despesas Correntes;0.0;11563614.0;4478240.12;7085373.88;4187405.12;
154091;PRO-REITORIA DE PLANEJAMENTO/FUFPI;30115422000173.0;ASSOCIACAO BRASILEIRA DE ENGENHARIA DE PRODUCAO;V00PWN01EPN;CONT A ENTIDADES NACIONAIS (ABREPRO);335041;CONTRIBUICOES;154048152652026NE000407;SEM INFORMACAO;2026;2026;1900.0;1900.0;1900.0;0.0;0.0;0.0;0.0;5700.0;Sem contrato;Despesas Correntes;0.0;1900.0;1900.0;0.0;1900.0;
154095;CENTRO DE CIENCIAS DA SAUDE/FUFPI;22561863000170.0;MULTPAR SERVICOS DE CONSTRUCAO LTDA;M8282G01CTN;CONTRATOS EM GERAL.;339039;Outros Serviços de Terceiros - Pessoa Jurídica;154048152652026NE000408;15404805000622025 - UASG MINUTA: 154048;2026;2026;34594.08;34594.08;34594.08;0.0;0.0;0.0;0.0;103782.24;Com contrato;Despesas Correntes;0.0;34594.08;34594.08;0.0;34594.08;
154097;CENTRO DE CIENCAS DA EDUCACAO/FUFPI;22561863000170.0;MULTPAR SERVICOS DE CONSTRUCAO LTDA;M8282G01CTN;CONTRATOS EM GERAL.;339039;Outros Serviços de Terceiros - Pessoa Jurídica;154048152652026NE000409;15404805000622025 - UASG MINUTA: 154048;2026;2026;34571.01;34571.01;34571.01;0.0;0.0;0.0;0.0;103713.03;Com contrato;Despesas Correntes;0.0;34571.01;34571.01;0.0;34571.01;
156182;PREFEITURA UNIVERSITARIA;46377222000390.0;SECRETARIA DA FAZENDA E PLANEJAMENTO;M20RKG1900N;ENSINO-GESTAO;339047;Obrigações Tributárias e Contributivas;154048152652026NE000410;SEM INFORMACAO;2026;2026;3145.84;3145.84;3145.84;0.0;0.0;0.0;0.0;9437.52;Sem contrato;Despesas Correntes;0.0;3145.84;3145.84;0.0;3145.84;
156182;PREFEITURA UNIVERSITARIA;46377222000390.0;SECRETARIA DA FAZENDA E PLANEJAMENTO;M20RKG1900N;ENSINO-GESTAO;339092;Despesas de Exercícios Anteriores;154048152652026NE000411;SEM INFORMACAO;2026;2026;7562.39;7562.39;7562.39;0.0;0.0;0.0;0.0;22687.17;Sem contrato;Despesas Correntes;0.0;7562.39;7562.39;0.0;7562.39;
154104;COLEGIO AGRICOLA DE BOM JESUS/FUFPI;8026009000183.0;LOKAL RENT A CAR LTDA;L20RLM01CTN;CONTRATOS EM GERAL DOS COLEGIOS TECNICOS.;339092;Despesas de Exercícios Anteriores;154048152652026NE000412;15404805000172025 - UASG MINUTA: 154048;2026;2026;8250.0;8250.0;8250.0;0.0;0.0;0.0;0.0;24750.0;Com contrato;Despesas Correntes;0.0;8250.0;8250.0;0.0;8250.0;
154089;PRO-REITORIA DE EXTENSAOFUFPI;30282303000105.0;ASOSEG INDUSTRIA E COMERCIO DE CONFECCOES E EPI S LTDA;M20RKG6000N;ENSINO-GESTAO;339030;Material de Consumo;154048152652026NE000413;15404805900072025 - UASG MINUTA: 154048;2026;2026;16712.0;16712.0;16712.0;0.0;0.0;0.0;0.0;50136.0;Sem contrato;Despesas Correntes;0.0;16712.0;16712.0;0.0;16712.0;
154089;PRO-REITORIA DE EXTENSAOFUFPI;47950955000173.0;AUREA CONFECCOES LTDA;M20RKG6000N;ENSINO-GESTAO;339030;Material de Consumo;154048152652026NE000414;15404805900072025 - UASG MINUTA: 154048;2026;2026;17684.4;17684.4;17684.4;0.0;0.0;0.0;0.0;53053.2;Sem contrato;Despesas Correntes;0.0;17684.4;17684.4;0.0;17684.4;
154101;COLEGIO AGRICOLA DE TERESINA/FUFPI;2161408000170.0;F BRASILEIRO FILHO & CIA LTDA;L20RLM6000N;COLEGIOS TECNICOS DA UFPI;339030;Material de Consumo;154048152652026NE000415;15404805900162025 - UASG MINUTA: 154048;2026;2026;10920.0;0.0;0.0;0.0;0.0;0.0;0.0;10920.0;Sem contrato;Despesas Correntes;0.0;10920.0;0.0;10920.0;0.0;
151064;CAMPUS AMILCAR FERREIRA SOBRAL;8644690000123.0;CET-SEG SEGURANCA ARMADA LTDA;M20RKG01CTN;CONTRATOS EM GERAL.;339037;Locação de Mão de Obra;154048152652026NE000416;15404805900032026 - UASG MINUTA: 154048;2026;2026;276877.7;276877.7;276877.7;0.0;0.0;0.0;0.0;830633.1;Com contrato;Despesas Correntes;0.0;276877.7;276877.7;0.0;276877.7;
154104;COLEGIO AGRICOLA DE BOM JESUS/FUFPI;83168273368.0;MAURICIO RIBEIRO DA SILVA;L20RLM19SPN;SUPRIMENTO DE FUNDO;339039;Outros Serviços de Terceiros - Pessoa Jurídica;154048152652026NE000417;15404809999999999 - UASG MINUTA: 154048;2026;2026;5000.0;5000.0;5000.0;0.0;0.0;0.0;0.0;15000.0;Sem contrato;Despesas Correntes;0.0;5000.0;5000.0;0.0;5000.0;
154104;COLEGIO AGRICOLA DE BOM JESUS/FUFPI;83168273368.0;MAURICIO RIBEIRO DA SILVA;L20RLM19SPN;SUPRIMENTO DE FUNDO;339030;Material de Consumo;154048152652026NE000418;15404809999999999 - UASG MINUTA: 154048;2026;2026;5000.0;5000.0;5000.0;0.0;0.0;0.0;0.0;15000.0;Sem contrato;Despesas Correntes;0.0;5000.0;5000.0;0.0;5000.0;
156182;PREFEITURA UNIVERSITARIA;22561863000170.0;MULTPAR SERVICOS DE CONSTRUCAO LTDA;M8282G01CTN;CONTRATOS EM GERAL.;339039;Outros Serviços de Terceiros - Pessoa Jurídica;154048152652026NE000421;15404805000622025 - UASG MINUTA: 154048;2026;2026;205336.41;205336.41;205336.41;0.0;0.0;0.0;0.0;616009.23;Com contrato;Despesas Correntes;0.0;205336.41;205336.41;0.0;205336.41;
154104;COLEGIO AGRICOLA DE BOM JESUS/FUFPI;20534819000146.0;AGROCAMPO LTDA;L20RLM6000N;COLEGIOS TECNICOS DA UFPI;339030;Material de Consumo;154048152652026NE000423;15404805900182024 - UASG MINUTA: 154048;2026;2026;11280.6;11280.6;11280.6;0.0;0.0;0.0;0.0;33841.8;Sem contrato;Despesas Correntes;0.0;11280.6;11280.6;0.0;11280.6;
154095;CENTRO DE CIENCIAS DA SAUDE/FUFPI;50567060000169.0;DENTAL IPO LTDA;M20RKG6000N;ENSINO-GESTAO;339030;Material de Consumo;154048152652026NE000424;15668005900072025 - UASG MINUTA: 154048;2026;2026;3008.81;3008.81;3008.81;0.0;0.0;0.0;0.0;9026.43;Sem contrato;Despesas Correntes;0.0;3008.81;3008.81;0.0;3008.81;
154094;CENTRO DE CIENCIAS DA NATUREZA/FUFPI;22561863000170.0;MULTPAR SERVICOS DE CONSTRUCAO LTDA;M8282G01CTN;CONTRATOS EM GERAL.;339039;Outros Serviços de Terceiros - Pessoa Jurídica;154048152652026NE000425;15404805000622025 - UASG MINUTA: 154048;2026;2026;34594.08;34594.08;34594.08;0.0;0.0;0.0;0.0;103782.24;Com contrato;Despesas Correntes;0.0;34594.08;34594.08;0.0;34594.08;
154101;COLEGIO AGRICOLA DE TERESINA/FUFPI;22561863000170.0;MULTPAR SERVICOS DE CONSTRUCAO LTDA;L20RLM01CTN;CONTRATOS EM GERAL DOS COLEGIOS TECNICOS.;339039;Outros Serviços de Terceiros - Pessoa Jurídica;154048152652026NE000426;15404805000622025 - UASG MINUTA: 154048;2026;2026;0.0;0.0;0.0;0.0;0.0;0.0;0.0;0.0;Com contrato;Despesas Correntes;0.0;0.0;0.0;0.0;0.0;
151064;CAMPUS AMILCAR FERREIRA SOBRAL;8026009000183.0;LOKAL RENT A CAR LTDA;M20RKG01CTN;CONTRATOS EM GERAL.;339092;Despesas de Exercícios Anteriores;154048152652026NE000427;15404805000012025 - UASG MINUTA: 154048;2026;2026;7800.0;7800.0;7800.0;0.0;0.0;0.0;0.0;23400.0;Com contrato;Despesas Correntes;0.0;7800.0;7800.0;0.0;7800.0;
150147;CAMPUS PROFESSORA CINOBELINA ELVAS;12710740000109.0;NATUS AMBIENTAL LTDA;M20RKG01CTN;CONTRATOS EM GERAL.;339039;Outros Serviços de Terceiros - Pessoa Jurídica;154048152652026NE000428;15404805900072026 - UASG MINUTA: 154048;2026;2026;27025.12;7048.93;6382.8;0.0;0.0;0.0;0.0;40456.85;Com contrato;Despesas Correntes;0.0;27025.12;7048.93;19976.19;6382.8;
154091;PRO-REITORIA DE PLANEJAMENTO/FUFPI;993107000188.0;CONSELHO NAC DIRETORES ESC TEC VINC UNIV FEDERAIS;V00PWN01CDN;CONT A ENTIDADES NACIONAIS (CONDETUF);335041;CONTRIBUICOES;154048152652026NE000429;SEM INFORMACAO;2026;2026;30007.33;30007.33;30007.33;0.0;0.0;0.0;0.0;90021.99;Sem contrato;Despesas Correntes;0.0;30007.33;30007.33;0.0;30007.33;
154087;PRO-REITORIA DE ADMINISTRACAOFUFPI;28584157000392.0;METDATA TECNOLOGIA DA INFORMACAO LTDA;M8282G6000N;REESTRUTURACAO E MODERNIZACAO DAS IFES;449052;Equipamentos e Material Permanente;154048152652026NE000430;15304505900472025 - UASG MINUTA: 154048;2026;2026;69650.0;69650.0;69650.0;0.0;0.0;0.0;0.0;208950.0;Sem contrato;Despesas de Capital;0.0;69650.0;69650.0;0.0;69650.0;
156182;PREFEITURA UNIVERSITARIA;8596699000106.0;DB LOCACAO DE VEICULOS LTDA;M20RKG01CTN;CONTRATOS EM GERAL.;339033;Passagens e Despesas com Locomoção;154048152652026NE000431;15404805000472023 - UASG MINUTA: 154048;2026;2026;26952.41;24001.87;24001.87;0.0;0.0;0.0;0.0;74956.15;Com contrato;Despesas Correntes;0.0;26952.41;24001.87;2950.540000000001;24001.87;
154102;COLEGIO AGRICOLA DE FLRIANO/FUFPI;63505812000109.0;ROBEVALDO ALVES LIMA LTDA;L2994M2300N;RESTAURANTE UNIVERSITARIO;339030;Material de Consumo;154048152652026NE000433;15404805900222024 - UASG MINUTA: 154048;2026;2026;22742.49;3165.99;3165.99;0.0;0.0;0.0;0.0;29074.47;Sem contrato;Despesas Correntes;0.0;22742.49;3165.99;19576.5;3165.99;
150147;CAMPUS PROFESSORA CINOBELINA ELVAS;8026009000183.0;LOKAL RENT A CAR LTDA;M20RKG01CTN;CONTRATOS EM GERAL.;339092;Despesas de Exercícios Anteriores;154048152652026NE000434;15404805000042025 - UASG MINUTA: 154048;2026;2026;7500.0;7500.0;7500.0;0.0;0.0;0.0;0.0;22500.0;Com contrato;Despesas Correntes;0.0;7500.0;7500.0;0.0;7500.0;
154103;CAMPUS DO JUNCO/FUFPI;12710740000109.0;NATUS AMBIENTAL LTDA;M20RKG01CTN;CONTRATOS EM GERAL.;339039;Outros Serviços de Terceiros - Pessoa Jurídica;154048152652026NE000436;15404805900072026 - UASG MINUTA: 154048;2026;2026;17123.12;0.0;0.0;0.0;0.0;0.0;0.0;17123.12;Com contrato;Despesas Correntes;0.0;17123.12;0.0;17123.12;0.0;
154095;CENTRO DE CIENCIAS DA SAUDE/FUFPI;25341162000114.0;MEGA DENTAL IMPORTACAO, EXPORTACAO E COMERCIO DE PRODUT;M20RKG6000N;ENSINO-GESTAO;339030;Material de Consumo;154048152652026NE000437;15668005900072025 - UASG MINUTA: 154048;2026;2026;2964.55;0.0;0.0;0.0;0.0;0.0;0.0;2964.55;Sem contrato;Despesas Correntes;0.0;2964.55;0.0;2964.55;0.0;
154099;CENTRO DE TECNOLOGIA/FUFPI;48397663000118.0;EMBRAGEO EQUIPAMENTOS TOPOGRAFICOS LTDA;M8282Q6000N;REESTRUTURACAO E MODERNIZACAO DAS IFES;449052;Equipamentos e Material Permanente;154048152652026NE000438;15812105900052025 - UASG MINUTA: 154048;2026;2026;92220.0;0.0;0.0;0.0;0.0;0.0;0.0;92220.0;Sem contrato;Despesas de Capital;0.0;92220.0;0.0;92220.0;0.0;
154095;CENTRO DE CIENCIAS DA SAUDE/FUFPI;31401798000107.0;DENTAL BH BRASIL COMERCIO DE PRODUTOS ODONTO-MEDICO-HOS;M20RKG6000N;ENSINO-GESTAO;339030;Material de Consumo;154048152652026NE000439;15668005900072025 - UASG MINUTA: 154048;2026;2026;552.24;0.0;0.0;0.0;0.0;0.0;0.0;552.24;Sem contrato;Despesas Correntes;0.0;552.24;0.0;552.24;0.0;
154095;CENTRO DE CIENCIAS DA SAUDE/FUFPI;19231616000100.0;R. DE F. TORRES MOLITERNO LTDA;M20RKG6000N;ENSINO-GESTAO;339030;Material de Consumo;154048152652026NE000440;15668005900072025 - UASG MINUTA: 154048;2026;2026;2188.25;2188.25;2188.25;0.0;0.0;0.0;0.0;6564.75;Sem contrato;Despesas Correntes;0.0;2188.25;2188.25;0.0;2188.25;
154095;CENTRO DE CIENCIAS DA SAUDE/FUFPI;27205945000104.0;ODONTOMED T/A LTDA;M20RKG6000N;ENSINO-GESTAO;339030;Material de Consumo;154048152652026NE000441;15668005900072025 - UASG MINUTA: 154048;2026;2026;11838.0;11838.0;11838.0;0.0;0.0;0.0;0.0;35514.0;Sem contrato;Despesas Correntes;0.0;11838.0;11838.0;0.0;11838.0;
154356;PRO-REITORIA ASS.ESTUDANTIS E COMUNITARIOS;24471473000135.0;W & G ALIMENTOS LTDA;V4002N2300N;RESTAURANTE UNIVERSITARIO E OUTRAS DESPESAS;339030;Material de Consumo;154048152652026NE000442;15814605900102025 - UASG MINUTA: 154048;2026;2026;457850.0;181933.2;176094.29;0.0;0.0;0.0;0.0;815877.49;Sem contrato;Despesas Correntes;0.0;457850.0;181933.2;275916.8;176094.29;
154086;ADMINISTRACAO CENTRAL/FUFPI;2014525374.0;MYKAEL DE ARAUJO CARDOSO;M20RKG19SPN;SUPRIMENTO DE FUNDO.;339030;Material de Consumo;154048152652026NE000444;15404809999999999 - UASG MINUTA: 154048;2026;2026;3520.0;3520.0;3520.0;0.0;0.0;0.0;0.0;10560.0;Sem contrato;Despesas Correntes;0.0;3520.0;3520.0;0.0;3520.0;
154104;COLEGIO AGRICOLA DE BOM JESUS/FUFPI;8644690000123.0;CET-SEG SEGURANCA ARMADA LTDA;L20RLM01CTN;CONTRATOS EM GERAL DOS COLEGIOS TECNICOS.;339037;Locação de Mão de Obra;154048152652026NE000445;15404805000172026 - UASG MINUTA: 154048;2026;2026;402350.67;398287.95;398287.95;0.0;0.0;0.0;0.0;1198926.57;Com contrato;Despesas Correntes;0.0;402350.67;398287.95;4062.719999999972;398287.95;
154091;PRO-REITORIA DE PLANEJAMENTO/FUFPI;73334666000150.0;ASSOC NAC DIRIGENTES DAS INST FED DE ENSINO SUPERIOR;V00PWN01ANN;CONTRIB. E ANUIDADES A ORGANISMOS_ANDIFES;335041;CONTRIBUICOES;154048152652026NE000446;SEM INFORMACAO;2026;2026;55637.93;55637.93;55637.93;0.0;0.0;0.0;0.0;166913.79;Sem contrato;Despesas Correntes;0.0;55637.93;55637.93;0.0;55637.93;
154095;CENTRO DE CIENCIAS DA SAUDE/FUFPI;19231616000100.0;R. DE F. TORRES MOLITERNO LTDA;M20RKG6000N;ENSINO-GESTAO;339030;Material de Consumo;154048152652026NE000447;15668005900072025 - UASG MINUTA: 154048;2026;2026;4029.6;4029.6;4029.6;0.0;0.0;0.0;0.0;12088.8;Sem contrato;Despesas Correntes;0.0;4029.6;4029.6;0.0;4029.6;
154095;CENTRO DE CIENCIAS DA SAUDE/FUFPI;50567060000169.0;DENTAL IPO LTDA;M20RKG6000N;ENSINO-GESTAO;339030;Material de Consumo;154048152652026NE000448;15668005900072025 - UASG MINUTA: 154048;2026;2026;708.98;708.98;708.98;0.0;0.0;0.0;0.0;2126.94;Sem contrato;Despesas Correntes;0.0;708.98;708.98;0.0;708.98;
156182;PREFEITURA UNIVERSITARIA;154048.0;FUNDACAO UNIVERSIDADE FEDERAL DO PIAUI;M20RKG01CTN;CONTRATOS EM GERAL.;339039;Outros Serviços de Terceiros - Pessoa Jurídica;154048152652026NE000449;SEM INFORMACAO;2026;2026;202.1;202.1;202.1;0.0;0.0;0.0;0.0;606.3;Com contrato;Despesas Correntes;0.0;202.1;202.1;0.0;202.1;
156182;PREFEITURA UNIVERSITARIA;8026009000183.0;LOKAL RENT A CAR LTDA;M20RKG01CTN;CONTRATOS EM GERAL.;339092;Despesas de Exercícios Anteriores;154048152652026NE000451;15404805000212025 - UASG MINUTA: 154048;2026;2026;2048.22;2048.22;2048.22;0.0;0.0;0.0;0.0;6144.66;Com contrato;Despesas Correntes;0.0;2048.22;2048.22;0.0;2048.22;
156182;PREFEITURA UNIVERSITARIA;3515317000159.0;CECOL - CENTRO DE COMERCIO E LOCACAO LTDA;M20RKG01CTN;CONTRATOS EM GERAL.;339092;Despesas de Exercícios Anteriores;154048152652026NE000452;15404805000232025 - UASG MINUTA: 154048;2026;2026;5111.86;5111.86;5111.86;0.0;0.0;0.0;0.0;15335.58;Com contrato;Despesas Correntes;0.0;5111.86;5111.86;0.0;5111.86;
154090;PRO-REITORIA DE ENSINO DE POS-GRADUACAO;154048.0;FUNDACAO UNIVERSIDADE FEDERAL DO PIAUI;M20RKG1900N;ENSINO-GESTAO;339036;Outros Serviços de Terceiros - Pessoa Física;154048152652026NE000454;SEM INFORMACAO;2026;2026;2000.0;1045.0;1045.0;0.0;0.0;0.0;0.0;4090.0;Sem contrato;Despesas Correntes;0.0;2000.0;1045.0;955.0;1045.0;
154102;COLEGIO AGRICOLA DE FLRIANO/FUFPI;19588170000167.0;MARIANA MOREIRA ANDRASCHKO LTDA;L20RLM6000N;COLEGIOS TECNICOS DA UFPI;339030;Material de Consumo;154048152652026NE000455;15404805900182024 - UASG MINUTA: 154048;2026;2026;13751.5;13751.5;13751.5;0.0;0.0;0.0;0.0;41254.5;Sem contrato;Despesas Correntes;0.0;13751.5;13751.5;0.0;13751.5;
154102;COLEGIO AGRICOLA DE FLRIANO/FUFPI;12710740000109.0;NATUS AMBIENTAL LTDA;L20RLM01CTN;CONTRATOS EM GERAL DOS COLEGIOS TECNICOS.;339039;Outros Serviços de Terceiros - Pessoa Jurídica;154048152652026NE000456;15404805900072026 - UASG MINUTA: 154048;2026;2026;2948.5;0.0;0.0;0.0;0.0;0.0;0.0;2948.5;Com contrato;Despesas Correntes;0.0;2948.5;0.0;2948.5;0.0;
151064;CAMPUS AMILCAR FERREIRA SOBRAL;12710740000109.0;NATUS AMBIENTAL LTDA;M20RKG01CTN;CONTRATOS EM GERAL.;339039;Outros Serviços de Terceiros - Pessoa Jurídica;154048152652026NE000457;15404805900072026 - UASG MINUTA: 154048;2026;2026;3996.36;0.0;0.0;0.0;0.0;0.0;0.0;3996.36;Com contrato;Despesas Correntes;0.0;3996.36;0.0;3996.36;0.0;
156182;PREFEITURA UNIVERSITARIA;50684889000222.0;PICOS AUTO CENTER LTDA;M20RKG1900N;ENSINO-GESTAO;339039;Outros Serviços de Terceiros - Pessoa Jurídica;154048152652026NE000458;SEM INFORMACAO;2026;2026;151.0;151.0;151.0;0.0;0.0;0.0;0.0;453.0;Sem contrato;Despesas Correntes;0.0;151.0;151.0;0.0;151.0;
151064;CAMPUS AMILCAR FERREIRA SOBRAL;154048.0;FUNDACAO UNIVERSIDADE FEDERAL DO PIAUI;M20RKG1900N;ENSINO-GESTAO;339036;Outros Serviços de Terceiros - Pessoa Física;154048152652026NE000459;SEM INFORMACAO;2026;2026;2847.5;2847.5;2847.5;0.0;0.0;0.0;0.0;8542.5;Sem contrato;Despesas Correntes;0.0;2847.5;2847.5;0.0;2847.5;
151064;CAMPUS AMILCAR FERREIRA SOBRAL;154048.0;FUNDACAO UNIVERSIDADE FEDERAL DO PIAUI;M20RKG1900N;ENSINO-GESTAO;339093;Indenizações e Restituições;154048152652026NE000460;SEM INFORMACAO;2026;2026;1000.0;300.02;300.02;0.0;0.0;0.0;0.0;1600.04;Sem contrato;Despesas Correntes;0.0;1000.0;300.02;699.98;300.02;
152660;HOSPITAL VETERINARIO DA UFPI;6234467000182.0;FUTURA SERVICOS PROFISSIONAIS ADMINISTRATIVOS LTDA;M20RKG71HVN;HOSPITAL VETERINARIO DE TERESINA E BOM JESUS.;339092;Despesas de Exercícios Anteriores;154048152652026NE000461;15404805000012023 - UASG MINUTA: 154048;2026;2026;134879.01;134879.01;134879.01;0.0;0.0;0.0;0.0;404637.03;Sem contrato;Despesas Correntes;0.0;134879.01;134879.01;0.0;134879.01;
154103;CAMPUS DO JUNCO/FUFPI;154048.0;FUNDACAO UNIVERSIDADE FEDERAL DO PIAUI;M20RKG1900N;ENSINO-GESTAO;339036;Outros Serviços de Terceiros - Pessoa Física;154048152652026NE000462;SEM INFORMACAO;2026;2026;1172.5;1172.5;1172.5;0.0;0.0;0.0;0.0;3517.5;Sem contrato;Despesas Correntes;0.0;1172.5;1172.5;0.0;1172.5;
154099;CENTRO DE TECNOLOGIA/FUFPI;22561863000170.0;MULTPAR SERVICOS DE CONSTRUCAO LTDA;M8282G01CTN;CONTRATOS EM GERAL.;339039;Outros Serviços de Terceiros - Pessoa Jurídica;154048152652026NE000463;15404805000622025 - UASG MINUTA: 154048;2026;2026;34594.08;31466.83;31466.83;0.0;0.0;0.0;0.0;97527.74;Com contrato;Despesas Correntes;0.0;34594.08;31466.83;3127.25;31466.83;
154096;CENTRO DE CIENCIAS HUMANAS E LETRAS/FUFPI;22561863000170.0;MULTPAR SERVICOS DE CONSTRUCAO LTDA;M8282G01CTN;CONTRATOS EM GERAL.;339039;Outros Serviços de Terceiros - Pessoa Jurídica;154048152652026NE000464;15404805000622025 - UASG MINUTA: 154048;2026;2026;17297.04;17297.04;17297.04;0.0;0.0;0.0;0.0;51891.12;Com contrato;Despesas Correntes;0.0;17297.04;17297.04;0.0;17297.04;
154098;CENTRO DE CIENCAS AGRARIAS/FUFPI;22561863000170.0;MULTPAR SERVICOS DE CONSTRUCAO LTDA;M8282G01CTN;CONTRATOS EM GERAL.;339039;Outros Serviços de Terceiros - Pessoa Jurídica;154048152652026NE000465;15404805000622025 - UASG MINUTA: 154048;2026;2026;34594.08;29622.7;29622.7;0.0;0.0;0.0;0.0;93839.48;Com contrato;Despesas Correntes;0.0;34594.08;29622.7;4971.380000000001;29622.7;
154356;PRO-REITORIA ASS.ESTUDANTIS E COMUNITARIOS;24471473000135.0;W & G ALIMENTOS LTDA;V4002N2300N;RESTAURANTE UNIVERSITARIO E OUTRAS DESPESAS;339030;Material de Consumo;154048152652026NE000466;15814605900352025 - UASG MINUTA: 154048;2026;2026;761579.85;496230.0;484039.14;0.0;0.0;0.0;0.0;1741848.99;Sem contrato;Despesas Correntes;0.0;761579.85;496230.0;265349.85;484039.14;
154087;PRO-REITORIA DE ADMINISTRACAOFUFPI;45567668000153.0;LEAR COMERCIO E SERVICOS DE AR CONDICIONADO LTDA;M8282Q6000N;REESTRUTURACAO E MODERNIZACAO DAS IFES;449052;Equipamentos e Material Permanente;154048152652026NE000467;15404805900082024 - UASG MINUTA: 154048;2026;2026;34291.68;34291.68;0.0;0.0;0.0;0.0;0.0;68583.36;Sem contrato;Despesas de Capital;0.0;34291.68;34291.68;0.0;0.0;
154087;PRO-REITORIA DE ADMINISTRACAOFUFPI;45567668000153.0;LEAR COMERCIO E SERVICOS DE AR CONDICIONADO LTDA;M8282G6000N;REESTRUTURACAO E MODERNIZACAO DAS IFES;449052;Equipamentos e Material Permanente;154048152652026NE000468;15404805900082024 - UASG MINUTA: 154048;2026;2026;80013.92;80013.92;80013.92;0.0;0.0;0.0;0.0;240041.76;Sem contrato;Despesas de Capital;0.0;80013.92;80013.92;0.0;80013.92;
154087;PRO-REITORIA DE ADMINISTRACAOFUFPI;37673034000157.0;MA COMERCIO DE REFRIGERACAO LTDA;M8282G6000N;REESTRUTURACAO E MODERNIZACAO DAS IFES;449052;Equipamentos e Material Permanente;154048152652026NE000469;15404805900082024 - UASG MINUTA: 154048;2026;2026;167949.0;167949.0;0.0;0.0;0.0;0.0;0.0;335898.0;Sem contrato;Despesas de Capital;0.0;167949.0;167949.0;0.0;0.0;
154102;COLEGIO AGRICOLA DE FLRIANO/FUFPI;154048.0;FUNDACAO UNIVERSIDADE FEDERAL DO PIAUI;L2994M23CBN;CONCESSAO DE BOLSAS;339018;Auxílio Financeiro a Estudantes;154048152652026NE000470;SEM INFORMACAO;2026;2026;29250.0;9250.0;9250.0;0.0;0.0;0.0;0.0;47750.0;Sem contrato;Despesas Correntes;0.0;29250.0;9250.0;20000.0;9250.0;
154087;PRO-REITORIA DE ADMINISTRACAOFUFPI;48624749000136.0;L M PEREIRA LICITA;M8282Q6000N;REESTRUTURACAO E MODERNIZACAO DAS IFES;449052;Equipamentos e Material Permanente;154048152652026NE000471;15404805900082024 - UASG MINUTA: 154048;2026;2026;5941.76;0.0;0.0;0.0;0.0;0.0;0.0;5941.76;Sem contrato;Despesas de Capital;0.0;5941.76;0.0;5941.76;0.0;
154087;PRO-REITORIA DE ADMINISTRACAOFUFPI;48624749000136.0;L M PEREIRA LICITA;M8282G6000N;REESTRUTURACAO E MODERNIZACAO DAS IFES;449052;Equipamentos e Material Permanente;154048152652026NE000472;15404805900082024 - UASG MINUTA: 154048;2026;2026;12626.24;0.0;0.0;0.0;0.0;0.0;0.0;12626.24;Sem contrato;Despesas de Capital;0.0;12626.24;0.0;12626.24;0.0;
154087;PRO-REITORIA DE ADMINISTRACAOFUFPI;45329312000181.0;BT COMERCIO INTELIGENTE LTDA;M8282G6000N;REESTRUTURACAO E MODERNIZACAO DAS IFES;449052;Equipamentos e Material Permanente;154048152652026NE000473;15404805900082024 - UASG MINUTA: 154048;2026;2026;31638.45;31638.45;31638.45;0.0;0.0;0.0;0.0;94915.35;Sem contrato;Despesas de Capital;0.0;31638.45;31638.45;0.0;31638.45;
150147;CAMPUS PROFESSORA CINOBELINA ELVAS;3515317000159.0;CECOL - CENTRO DE COMERCIO E LOCACAO LTDA;M20RKG01CTN;CONTRATOS EM GERAL.;339092;Despesas de Exercícios Anteriores;154048152652026NE000474;15404805000072025 - UASG MINUTA: 154048;2026;2026;2083.61;2083.61;2083.61;0.0;0.0;0.0;0.0;6250.83;Com contrato;Despesas Correntes;0.0;2083.61;2083.61;0.0;2083.61;
156182;PREFEITURA UNIVERSITARIA;21992832000101.0;PONTUAL SERVICOS GERAIS LTDA;M20RKG01CTN;CONTRATOS EM GERAL.;339037;Locação de Mão de Obra;154048152652026NE000475;15404806000432025 - UASG MINUTA: 154048;2026;2026;1074910.56;1074910.56;1074910.56;0.0;0.0;0.0;0.0;3224731.68;Com contrato;Despesas Correntes;0.0;1074910.56;1074910.56;0.0;1074910.56;
154103;CAMPUS DO JUNCO/FUFPI;9019150000111.0;ATD LOCACAO LTDA;M20RKG01CTN;CONTRATOS EM GERAL.;339037;Locação de Mão de Obra;154048152652026NE000476;15404805000432023 - UASG MINUTA: 154048;2026;2026;70426.57;70426.57;70426.57;0.0;0.0;0.0;0.0;211279.71;Com contrato;Despesas Correntes;0.0;70426.57;70426.57;0.0;70426.57;
154103;CAMPUS DO JUNCO/FUFPI;24351428000147.0;CENTRO OESTE SERVICOS LTDA - EM RECUPERACAO JUDICIAL;M20RKG01CTN;CONTRATOS EM GERAL.;339037;Locação de Mão de Obra;154048152652026NE000477;15404805000222026 - UASG MINUTA: 154048;2026;2026;70307.22;70307.22;70307.22;0.0;0.0;0.0;0.0;210921.66;Com contrato;Despesas Correntes;0.0;70307.22;70307.22;0.0;70307.22;
154098;CENTRO DE CIENCAS AGRARIAS/FUFPI;154048.0;FUNDACAO UNIVERSIDADE FEDERAL DO PIAUI;M20RKG1900N;ENSINO-GESTAO;339014;Diárias - Pessoal Civil;154048152652026NE000478;SEM INFORMACAO;2026;2026;11000.0;8136.65;8136.65;0.0;0.0;0.0;0.0;27273.3;Sem contrato;Despesas Correntes;0.0;11000.0;8136.65;2863.3500000000004;8136.65;
156182;PREFEITURA UNIVERSITARIA;12710740000109.0;NATUS AMBIENTAL LTDA;M20RKG01CTN;CONTRATOS EM GERAL.;339039;Outros Serviços de Terceiros - Pessoa Jurídica;154048152652026NE000479;15404805900072026 - UASG MINUTA: 154048;2026;2026;294344.23;0.0;0.0;0.0;0.0;0.0;0.0;294344.23;Com contrato;Despesas Correntes;0.0;294344.23;0.0;294344.23;0.0;
156183;SUPERINTENDENCIA DE RECURSOS HUMANOS;154048.0;FUNDACAO UNIVERSIDADE FEDERAL DO PIAUI;V4572N5600N;TREINAMENTO DE SERVIDORES     .;339036;Outros Serviços de Terceiros - Pessoa Física;154048152652026NE000480;SEM INFORMACAO;2026;2026;2857.0;2857.0;2857.0;0.0;0.0;0.0;0.0;8571.0;Sem contrato;Despesas Correntes;0.0;2857.0;2857.0;0.0;2857.0;
154102;COLEGIO AGRICOLA DE FLRIANO/FUFPI;18717757000166.0;SANTANA DISTRIBUIDORA LTDA;L2994M2300N;RESTAURANTE UNIVERSITARIO;339030;Material de Consumo;154048152652026NE000481;15404805900172024 - UASG MINUTA: 154048;2026;2026;28490.1;0.0;0.0;0.0;0.0;0.0;0.0;28490.1;Sem contrato;Despesas Correntes;0.0;28490.1;0.0;28490.1;0.0;
151667;CENTRO DE ENSINO A DISTANCIA;154048.0;FUNDACAO UNIVERSIDADE FEDERAL DO PIAUI;M20RKG1900N;ENSINO-GESTAO;339036;Outros Serviços de Terceiros - Pessoa Física;154048152652026NE000482;SEM INFORMACAO;2026;2026;5000.0;1425.0;1425.0;0.0;0.0;0.0;0.0;7850.0;Sem contrato;Despesas Correntes;0.0;5000.0;1425.0;3575.0;1425.0;
154095;CENTRO DE CIENCIAS DA SAUDE/FUFPI;50567060000169.0;DENTAL IPO LTDA;M20RKG6000N;ENSINO-GESTAO;339030;Material de Consumo;154048152652026NE000483;15668005900072025 - UASG MINUTA: 154048;2026;2026;2046.12;2046.12;2046.12;0.0;0.0;0.0;0.0;6138.36;Sem contrato;Despesas Correntes;0.0;2046.12;2046.12;0.0;2046.12;
154102;COLEGIO AGRICOLA DE FLRIANO/FUFPI;6234467000182.0;FUTURA SERVICOS PROFISSIONAIS ADMINISTRATIVOS LTDA;L20RLM01CTN;CONTRATOS EM GERAL DOS COLEGIOS TECNICOS.;339037;Locação de Mão de Obra;154048152652026NE000484;15404805000042022 - UASG MINUTA: 154048;2026;2026;371561.97;300242.43;300242.43;0.0;0.0;0.0;0.0;972046.83;Com contrato;Despesas Correntes;0.0;371561.97;300242.43;71319.53999999998;300242.43;
154102;COLEGIO AGRICOLA DE FLRIANO/FUFPI;8644690000123.0;CET-SEG SEGURANCA ARMADA LTDA;L20RLM01CTN;CONTRATOS EM GERAL DOS COLEGIOS TECNICOS.;339037;Locação de Mão de Obra;154048152652026NE000485;15404805000142020 - UASG MINUTA: 154048;2026;2026;68000.81;67451.16;67451.16;0.0;0.0;0.0;0.0;202903.13;Com contrato;Despesas Correntes;0.0;68000.81;67451.16;549.6499999999942;67451.16;
154102;COLEGIO AGRICOLA DE FLRIANO/FUFPI;18717757000166.0;SANTANA DISTRIBUIDORA LTDA;L2994M2300N;RESTAURANTE UNIVERSITARIO;339030;Material de Consumo;154048152652026NE000486;15404805900172024 - UASG MINUTA: 154048;2026;2026;25094.93;2952.73;2780.0;0.0;0.0;0.0;0.0;30827.66;Sem contrato;Despesas Correntes;0.0;25094.93;2952.73;22142.2;2780.0;
154102;COLEGIO AGRICOLA DE FLRIANO/FUFPI;8644690000123.0;CET-SEG SEGURANCA ARMADA LTDA;L20RLM01CTN;CONTRATOS EM GERAL DOS COLEGIOS TECNICOS.;339037;Locação de Mão de Obra;154048152652026NE000487;15404805000202026 - UASG MINUTA: 154048;2026;2026;707184.66;152977.98;152977.98;0.0;0.0;0.0;0.0;1013140.62;Com contrato;Despesas Correntes;0.0;707184.66;152977.98;554206.68;152977.98;
154101;COLEGIO AGRICOLA DE TERESINA/FUFPI;8644690000123.0;CET-SEG SEGURANCA ARMADA LTDA;L20RLM01CTN;CONTRATOS EM GERAL DOS COLEGIOS TECNICOS.;339037;Locação de Mão de Obra;154048152652026NE000488;15404805000152026 - UASG MINUTA: 154048;2026;2026;1473077.28;977110.87;877192.85;0.0;0.0;0.0;0.0;3327381.0;Com contrato;Despesas Correntes;0.0;1473077.28;977110.87;495966.41000000003;877192.85;
156182;PREFEITURA UNIVERSITARIA;11842881000104.0;CET SEG SERVICOS E LOCACAO DE MAO DE OBRA LTDA;M20RKG01CTN;CONTRATOS EM GERAL.;339037;Locação de Mão de Obra;154048152652026NE000489;15404805000142026 - UASG MINUTA: 154048;2026;2026;532495.27;320132.77;320132.77;0.0;0.0;0.0;0.0;1172760.81;Com contrato;Despesas Correntes;0.0;532495.27;320132.77;212362.5;320132.77;
150147;CAMPUS PROFESSORA CINOBELINA ELVAS;10013974000163.0;SERVFAZ SERVICOS DE MAO DE OBRA LTDA;M20RKG01CTN;CONTRATOS EM GERAL.;339037;Locação de Mão de Obra;154048152652026NE000490;15404805000102025 - UASG MINUTA: 154048;2026;2026;22150.97;22150.89;22150.89;0.0;0.0;0.0;0.0;66452.75;Com contrato;Despesas Correntes;0.0;22150.97;22150.89;0.08000000000174623;22150.89;
154103;CAMPUS DO JUNCO/FUFPI;10013974000163.0;SERVFAZ SERVICOS DE MAO DE OBRA LTDA;M20RKG01CTN;CONTRATOS EM GERAL.;339037;Locação de Mão de Obra;154048152652026NE000491;15404805000132025 - UASG MINUTA: 154048;2026;2026;24317.81;24317.81;24317.81;0.0;0.0;0.0;0.0;72953.43;Com contrato;Despesas Correntes;0.0;24317.81;24317.81;0.0;24317.81;
156182;PREFEITURA UNIVERSITARIA;10013974000163.0;SERVFAZ SERVICOS DE MAO DE OBRA LTDA;M20RKG01CTN;CONTRATOS EM GERAL.;339037;Locação de Mão de Obra;154048152652026NE000492;15404805000422025 - UASG MINUTA: 154048;2026;2026;113188.39;70501.39;70501.39;0.0;0.0;0.0;0.0;254191.17;Com contrato;Despesas Correntes;0.0;113188.39;70501.39;42687.0;70501.39;
156180;NUCLEO DE TECNOLOGIA DA INFORMACAO-NTI;24376542000121.0;APPROACH TECNOLOGIA LTDA;M20RKG1900N;ENSINO-GESTAO;339040;Serviços de Tecnologia da Informação e Comunicação - pessoa jurídica;154048152652026NE000493;07000905900152025 - UASG MINUTA: 154048;2026;2026;902147.0;902147.0;902147.0;0.0;0.0;0.0;0.0;2706441.0;Sem contrato;Despesas Correntes;0.0;902147.0;902147.0;0.0;902147.0;
154103;CAMPUS DO JUNCO/FUFPI;154048.0;FUNDACAO UNIVERSIDADE FEDERAL DO PIAUI;M20RKG1900N;ENSINO-GESTAO;339093;Indenizações e Restituições;154048152652026NE000494;SEM INFORMACAO;2026;2026;548.88;548.88;548.88;0.0;0.0;0.0;0.0;1646.64;Sem contrato;Despesas Correntes;0.0;548.88;548.88;0.0;548.88;
154356;PRO-REITORIA ASS.ESTUDANTIS E COMUNITARIOS;154048.0;FUNDACAO UNIVERSIDADE FEDERAL DO PIAUI;V20GKN2300N;CONCESSAO DE BOLSAS.;339018;Auxílio Financeiro a Estudantes;154048152652026NE000496;SEM INFORMACAO;2026;2026;72000.0;0.0;0.0;0.0;0.0;0.0;0.0;72000.0;Sem contrato;Despesas Correntes;0.0;72000.0;0.0;72000.0;0.0;
154102;COLEGIO AGRICOLA DE FLRIANO/FUFPI;34863017000194.0;PADRAO SERVICOS LTDA;L20RLM01CTN;CONTRATOS EM GERAL DOS COLEGIOS TECNICOS.;339037;Locação de Mão de Obra;154048152652026NE000497;15404805000502025 - UASG MINUTA: 154048;2026;2026;605550.19;605548.86;403699.24;0.0;0.0;0.0;0.0;1614798.29;Com contrato;Despesas Correntes;0.0;605550.19;605548.86;1.3299999999580905;403699.24;
154578;PRO-REITORIA DE PESQUISA;2161408000170.0;F BRASILEIRO FILHO & CIA LTDA;M20RKG6000N;ENSINO-GESTAO;339030;Material de Consumo;154048152652026NE000498;15404805900162025 - UASG MINUTA: 154048;2026;2026;111088.25;88884.25;88884.25;0.0;0.0;0.0;0.0;288856.75;Sem contrato;Despesas Correntes;0.0;111088.25;88884.25;22204.0;88884.25;
154087;PRO-REITORIA DE ADMINISTRACAOFUFPI;4602194000156.0;PRADO COMERCIO DE ELETRONICOS E SERVICOS DE INSTALACOE;M8282G6000N;REESTRUTURACAO E MODERNIZACAO DAS IFES;449052;Equipamentos e Material Permanente;154048152652026NE000499;08000705900052025 - UASG MINUTA: 154048;2026;2026;0.0;0.0;0.0;0.0;0.0;0.0;0.0;0.0;Sem contrato;Despesas de Capital;0.0;0.0;0.0;0.0;0.0;
154087;PRO-REITORIA DE ADMINISTRACAOFUFPI;4602194000156.0;PRADO COMERCIO DE ELETRONICOS E SERVICOS DE INSTALACOE;M8282G6000N;REESTRUTURACAO E MODERNIZACAO DAS IFES;449052;Equipamentos e Material Permanente;154048152652026NE000500;08000705900052025 - UASG MINUTA: 154048;2026;2026;102600.0;102600.0;102600.0;0.0;0.0;0.0;0.0;307800.0;Sem contrato;Despesas de Capital;0.0;102600.0;102600.0;0.0;102600.0;
154101;COLEGIO AGRICOLA DE TERESINA/FUFPI;154048.0;FUNDACAO UNIVERSIDADE FEDERAL DO PIAUI;L2994M23CBN;CONCESSAO DE BOLSAS;339018;Auxílio Financeiro a Estudantes;154048152652026NE000501;SEM INFORMACAO;2026;2026;263369.0;30759.82;0.0;0.0;0.0;0.0;0.0;294128.82;Sem contrato;Despesas Correntes;0.0;263369.0;30759.82;232609.18;0.0;
154102;COLEGIO AGRICOLA DE FLRIANO/FUFPI;20534819000146.0;AGROCAMPO LTDA;L20RLM6000N;COLEGIOS TECNICOS DA UFPI;339030;Material de Consumo;154048152652026NE000502;15404805900182024 - UASG MINUTA: 154048;2026;2026;16213.0;16213.0;16213.0;0.0;0.0;0.0;0.0;48639.0;Sem contrato;Despesas Correntes;0.0;16213.0;16213.0;0.0;16213.0;
152660;HOSPITAL VETERINARIO DA UFPI;14768911000178.0;HIGICLEAN TECNOLOGIA EM HIGIENIZACAO E CONSERVACAO LTDA;M20RKG71TBN;HOSPITAL VETERINARIO DE TERESINA E BOM JESUS.;339037;Locação de Mão de Obra;154048152652026NE000503;15404805900052026 - UASG MINUTA: 154048;2026;2026;133531.12;0.0;0.0;0.0;0.0;0.0;0.0;133531.12;Sem contrato;Despesas Correntes;0.0;133531.12;0.0;133531.12;0.0;
154102;COLEGIO AGRICOLA DE FLRIANO/FUFPI;2161408000170.0;F BRASILEIRO FILHO & CIA LTDA;L20RLM6000N;COLEGIOS TECNICOS DA UFPI;339030;Material de Consumo;154048152652026NE000504;15404805900182024 - UASG MINUTA: 154048;2026;2026;15123.2;15123.2;15123.2;0.0;0.0;0.0;0.0;45369.6;Sem contrato;Despesas Correntes;0.0;15123.2;15123.2;0.0;15123.2;
154091;PRO-REITORIA DE PLANEJAMENTO/FUFPI;10789274000165.0;ASSOCIACAO BRASILEIRA DE INSTITUICOES DE EDUCACAO SUPER;V00PWN01GCN;CONT A ENTIDADES NACIONAIS (GCUB);335041;CONTRIBUICOES;154048152652026NE000506;SEM INFORMACAO;2026;2026;17935.11;17935.11;17935.11;0.0;0.0;0.0;0.0;53805.33;Sem contrato;Despesas Correntes;0.0;17935.11;17935.11;0.0;17935.11;
154104;COLEGIO AGRICOLA DE BOM JESUS/FUFPI;154048.0;FUNDACAO UNIVERSIDADE FEDERAL DO PIAUI;L2994M23CBN;CONCESSAO DE BOLSAS;339018;Auxílio Financeiro a Estudantes;154048152652026NE000507;SEM INFORMACAO;2026;2026;323369.0;96178.9;96178.9;0.0;0.0;0.0;0.0;515726.8;Sem contrato;Despesas Correntes;0.0;323369.0;96178.9;227190.1;96178.9;
154102;COLEGIO AGRICOLA DE FLRIANO/FUFPI;8026009000183.0;LOKAL RENT A CAR LTDA;L20RLM01CTN;CONTRATOS EM GERAL DOS COLEGIOS TECNICOS.;339092;Despesas de Exercícios Anteriores;154048152652026NE000508;15404805000182025 - UASG MINUTA: 154048;2026;2026;15500.0;15500.0;15500.0;0.0;0.0;0.0;0.0;46500.0;Com contrato;Despesas Correntes;0.0;15500.0;15500.0;0.0;15500.0;
154091;PRO-REITORIA DE PLANEJAMENTO/FUFPI;154048.0;FUNDACAO UNIVERSIDADE FEDERAL DO PIAUI;V21GSN21IFN;IDIOMAS SEM FRONTEIRAS;339018;Auxílio Financeiro a Estudantes;154048152652026NE000509;SEM INFORMACAO;2026;2026;15000.0;7500.0;7500.0;0.0;0.0;0.0;0.0;30000.0;Sem contrato;Despesas Correntes;0.0;15000.0;7500.0;7500.0;7500.0;
154091;PRO-REITORIA DE PLANEJAMENTO/FUFPI;154048.0;FUNDACAO UNIVERSIDADE FEDERAL DO PIAUI;V20GKN21IFN;IDIOMAS SEM FRONTEIRAS;339020;Auxílio Financeiro a Pesquisadores;154048152652026NE000510;SEM INFORMACAO;2026;2026;6000.0;0.0;0.0;0.0;0.0;0.0;0.0;6000.0;Sem contrato;Despesas Correntes;0.0;6000.0;0.0;6000.0;0.0;
154087;PRO-REITORIA DE ADMINISTRACAOFUFPI;115406.0;EMPRESA BRASIL DE COMUNICACAO S.A;M20RKG01CTN;CONTRATOS EM GERAL.;339139;OUTROS SERVICOS DE TERCEIROS - PESSOA JURIDICA (INTRA);154048152652026NE000511;15404807000122024 - UASG MINUTA: 154048;2026;2026;5765.21;2008.64;2008.64;0.0;0.0;0.0;0.0;9782.49;Com contrato;Despesas Correntes;0.0;5765.21;2008.64;3756.5699999999997;2008.64;
154104;COLEGIO AGRICOLA DE BOM JESUS/FUFPI;20534819000146.0;AGROCAMPO LTDA;L20RLM6000N;COLEGIOS TECNICOS DA UFPI;339030;Material de Consumo;154048152652026NE000512;15404805900182024 - UASG MINUTA: 154048;2026;2026;37869.32;37869.32;37869.32;0.0;0.0;0.0;0.0;113607.96;Sem contrato;Despesas Correntes;0.0;37869.32;37869.32;0.0;37869.32;
150147;CAMPUS PROFESSORA CINOBELINA ELVAS;323090000151.0;SOLL -SERVICOS OBRAS E LOCACOES LTDA;V4002N01CTN;CONTRATOS EM GERAL DO RU.;339037;Locação de Mão de Obra;154048152652026NE000513;15484905900022026 - UASG MINUTA: 154048;2026;2026;197994.6;131996.44;118499.79;0.0;0.0;0.0;0.0;448490.83;Com contrato;Despesas Correntes;0.0;197994.6;131996.44;65998.16;118499.79;
154087;PRO-REITORIA DE ADMINISTRACAOFUFPI;154048.0;FUNDACAO UNIVERSIDADE FEDERAL DO PIAUI;M20RKG1900N;ENSINO-GESTAO;339039;Outros Serviços de Terceiros - Pessoa Jurídica;154048152652026NE000514;SEM INFORMACAO;2026;2026;0.0;0.0;0.0;0.0;0.0;0.0;0.0;0.0;Sem contrato;Despesas Correntes;0.0;0.0;0.0;0.0;0.0;
154087;PRO-REITORIA DE ADMINISTRACAOFUFPI;170010.0;SECRET. ESPECIAL DA RECEITA FEDERAL DO BRASIL;M20RKG1900N;ENSINO-GESTAO;339139;OUTROS SERVICOS DE TERCEIROS - PESSOA JURIDICA (INTRA);154048152652026NE000515;SEM INFORMACAO;2026;2026;0.0;0.0;0.0;0.0;0.0;0.0;0.0;0.0;Sem contrato;Despesas Correntes;0.0;0.0;0.0;0.0;0.0;
154087;PRO-REITORIA DE ADMINISTRACAOFUFPI;170010.0;SECRET. ESPECIAL DA RECEITA FEDERAL DO BRASIL;M20RKG1900N;ENSINO-GESTAO;339147;Obrigações Tributárias e Contributivas em Operações Intraorçamentárias;154048152652026NE000516;SEM INFORMACAO;2026;2026;200.0;122.25;122.25;0.0;0.0;0.0;0.0;444.5;Sem contrato;Despesas Correntes;0.0;200.0;122.25;77.75;122.25;
154087;PRO-REITORIA DE ADMINISTRACAOFUFPI;9094300000151.0;OPEN SOLUCOES TRIBUTARIAS LTDA;M20RKG01CTN;CONTRATOS EM GERAL.;339040;Serviços de Tecnologia da Informação e Comunicação - pessoa jurídica;154048152652026NE000517;15404807000402025 - UASG MINUTA: 154048;2026;2026;0.0;0.0;0.0;0.0;0.0;0.0;0.0;0.0;Com contrato;Despesas Correntes;0.0;0.0;0.0;0.0;0.0;
154102;COLEGIO AGRICOLA DE FLRIANO/FUFPI;19588170000167.0;MARIANA MOREIRA ANDRASCHKO LTDA;L20RLM6000N;COLEGIOS TECNICOS DA UFPI;339030;Material de Consumo;154048152652026NE000518;15404805900182024 - UASG MINUTA: 154048;2026;2026;9466.4;9466.4;9466.4;0.0;0.0;0.0;0.0;28399.2;Sem contrato;Despesas Correntes;0.0;9466.4;9466.4;0.0;9466.4;
154087;PRO-REITORIA DE ADMINISTRACAOFUFPI;9094300000151.0;OPEN SOLUCOES TRIBUTARIAS LTDA;M20RKG01CTN;CONTRATOS EM GERAL.;339040;Serviços de Tecnologia da Informação e Comunicação - pessoa jurídica;154048152652026NE000519;15404807000402025 - UASG MINUTA: 154048;2026;2026;38376.0;38376.0;38376.0;0.0;0.0;0.0;0.0;115128.0;Com contrato;Despesas Correntes;0.0;38376.0;38376.0;0.0;38376.0;
154102;COLEGIO AGRICOLA DE FLRIANO/FUFPI;20534819000146.0;AGROCAMPO LTDA;L20RLM6000N;COLEGIOS TECNICOS DA UFPI;339030;Material de Consumo;154048152652026NE000520;15404805900182024 - UASG MINUTA: 154048;2026;2026;28789.35;0.0;0.0;0.0;0.0;0.0;0.0;28789.35;Sem contrato;Despesas Correntes;0.0;28789.35;0.0;28789.35;0.0;
156181;SUPERINTENDENCIA DE COMUNICACAO SOCIAL;18520187000110.0;SPECOLOGIA COMERCIAL IMPORTACAO E EXPORTACAO LTDA;M20RKG6000N;ENSINO-GESTAO;339030;Material de Consumo;154048152652026NE000522;15404805900042026 - UASG MINUTA: 154048;2026;2026;4004.0;4004.0;4004.0;0.0;0.0;0.0;0.0;12012.0;Sem contrato;Despesas Correntes;0.0;4004.0;4004.0;0.0;4004.0;
154087;PRO-REITORIA DE ADMINISTRACAOFUFPI;53553859000194.0;J R MACHADO IMP. E EXP.;M8282G6000N;REESTRUTURACAO E MODERNIZACAO DAS IFES;449052;Equipamentos e Material Permanente;154048152652026NE000523;15304505900272025 - UASG MINUTA: 154048;2026;2026;206715.0;206715.0;0.0;0.0;0.0;0.0;0.0;413430.0;Sem contrato;Despesas de Capital;0.0;206715.0;206715.0;0.0;0.0;
156181;SUPERINTENDENCIA DE COMUNICACAO SOCIAL;45652976000187.0;KOPU B2B LTDA;M20RKG6000N;ENSINO-GESTAO;339030;Material de Consumo;154048152652026NE000524;15404805900042026 - UASG MINUTA: 154048;2026;2026;25320.0;0.0;0.0;0.0;0.0;0.0;0.0;25320.0;Sem contrato;Despesas Correntes;0.0;25320.0;0.0;25320.0;0.0;
156183;SUPERINTENDENCIA DE RECURSOS HUMANOS;154048.0;FUNDACAO UNIVERSIDADE FEDERAL DO PIAUI;V4572N5600N;TREINAMENTO DE SERVIDORES     .;339036;Outros Serviços de Terceiros - Pessoa Física;154048152652026NE000525;SEM INFORMACAO;2026;2026;5981.7;5981.7;5981.7;0.0;0.0;0.0;0.0;17945.1;Sem contrato;Despesas Correntes;0.0;5981.7;5981.7;0.0;5981.7;
156182;PREFEITURA UNIVERSITARIA;154048.0;FUNDACAO UNIVERSIDADE FEDERAL DO PIAUI;V4572N5600N;TREINAMENTO DE SERVIDORES     .;339036;Outros Serviços de Terceiros - Pessoa Física;154048152652026NE000526;SEM INFORMACAO;2026;2026;5981.7;5981.7;5981.7;0.0;0.0;0.0;0.0;17945.1;Sem contrato;Despesas Correntes;0.0;5981.7;5981.7;0.0;5981.7;
154356;PRO-REITORIA ASS.ESTUDANTIS E COMUNITARIOS;154048.0;FUNDACAO UNIVERSIDADE FEDERAL DO PIAUI;V4002N23CBN;CONCESSAO DE BOLSAS.;339018;Auxílio Financeiro a Estudantes;154048152652026NE000527;SEM INFORMACAO;2026;2026;2625.0;0.0;0.0;0.0;0.0;0.0;0.0;2625.0;Sem contrato;Despesas Correntes;0.0;2625.0;0.0;2625.0;0.0;
154104;COLEGIO AGRICOLA DE BOM JESUS/FUFPI;20534819000146.0;AGROCAMPO LTDA;L20RLM6000N;COLEGIOS TECNICOS DA UFPI;339030;Material de Consumo;154048152652026NE000528;15404805900182024 - UASG MINUTA: 154048;2026;2026;13848.84;13848.84;13848.84;0.0;0.0;0.0;0.0;41546.52;Sem contrato;Despesas Correntes;0.0;13848.84;13848.84;0.0;13848.84;
154098;CENTRO DE CIENCAS AGRARIAS/FUFPI;20534819000146.0;AGROCAMPO LTDA;M20RKG6000N;ENSINO-GESTAO;339030;Material de Consumo;154048152652026NE000530;15404805900182024 - UASG MINUTA: 154048;2026;2026;7856.34;7856.34;7856.34;0.0;0.0;0.0;0.0;23569.02;Sem contrato;Despesas Correntes;0.0;7856.34;7856.34;0.0;7856.34;
154093;BIBLIOTECA CENTRAL/FUFPI;60501293000112.0;EDITORA REVISTA DOS TRIBUNAIS LTDA;M20RKG01CTN;CONTRATOS EM GERAL.;339039;Outros Serviços de Terceiros - Pessoa Jurídica;154048152652026NE000532;15404807000112026 - UASG MINUTA: 154048;2026;2026;18043.07;18043.07;17646.12;0.0;0.0;0.0;0.0;53732.26;Com contrato;Despesas Correntes;0.0;18043.07;18043.07;0.0;17646.12;
154087;PRO-REITORIA DE ADMINISTRACAOFUFPI;71052559000103.0;BELMICRO TECNOLOGIA S/A;M8282G6000N;REESTRUTURACAO E MODERNIZACAO DAS IFES;449052;Equipamentos e Material Permanente;154048152652026NE000533;15404805900082024 - UASG MINUTA: 154048;2026;2026;1801.86;1801.86;0.0;0.0;0.0;0.0;0.0;3603.72;Sem contrato;Despesas de Capital;0.0;1801.86;1801.86;0.0;0.0;
151064;CAMPUS AMILCAR FERREIRA SOBRAL;12663839000199.0;JASP COMERCIO DE EQUIPAMENTOS DE INFORMATICA LTDA;M8282G9500N;BIBLIOTECA COMUNITARIA;449052;Equipamentos e Material Permanente;154048152652026NE000535;15404805900082026 - UASG MINUTA: 154048;2026;2026;408800.0;0.0;0.0;0.0;0.0;0.0;0.0;408800.0;Sem contrato;Despesas de Capital;0.0;408800.0;0.0;408800.0;0.0;
154091;PRO-REITORIA DE PLANEJAMENTO/FUFPI;5343348000103.0;FEDERACAO ACADEMICA DE ESPORTES PIAUIENSE;V00PWN01PEN;CONT. A ENTIDADES NACIONAIS (FAEP);335041;CONTRIBUICOES;154048152652026NE000543;SEM INFORMACAO;2026;2026;350.0;350.0;350.0;0.0;0.0;0.0;0.0;1050.0;Sem contrato;Despesas Correntes;0.0;350.0;350.0;0.0;350.0;
154091;PRO-REITORIA DE PLANEJAMENTO/FUFPI;5343348000103.0;FEDERACAO ACADEMICA DE ESPORTES PIAUIENSE;V00PWN01PEN;CONT. A ENTIDADES NACIONAIS (FAEP);335092;DESPESAS DE EXERCICIOS ANTERIORES;154048152652026NE000544;SEM INFORMACAO;2026;2026;300.0;300.0;300.0;0.0;0.0;0.0;0.0;900.0;Sem contrato;Despesas Correntes;0.0;300.0;300.0;0.0;300.0;
151064;CAMPUS AMILCAR FERREIRA SOBRAL;63505812000109.0;ROBEVALDO ALVES LIMA LTDA;V4002N2300N;RESTAURANTE UNIVERSITARIO E OUTRAS DESPESAS;339030;Material de Consumo;154048152652026NE000545;15404805900092024 - UASG MINUTA: 154048;2026;2026;30628.1;8611.6;8611.6;0.0;0.0;0.0;0.0;47851.3;Sem contrato;Despesas Correntes;0.0;30628.1;8611.6;22016.5;8611.6;
156182;PREFEITURA UNIVERSITARIA;10013974000163.0;SERVFAZ SERVICOS DE MAO DE OBRA LTDA;M20RKG01CTN;CONTRATOS EM GERAL.;339092;Despesas de Exercícios Anteriores;154048152652026NE000546;15404805000422025 - UASG MINUTA: 154048;2026;2026;12802.96;12802.96;12802.96;0.0;0.0;0.0;0.0;38408.88;Com contrato;Despesas Correntes;0.0;12802.96;12802.96;0.0;12802.96;
154578;PRO-REITORIA DE PESQUISA;2161408000170.0;F BRASILEIRO FILHO & CIA LTDA;M20RKG6000N;ENSINO-GESTAO;339030;Material de Consumo;154048152652026NE000548;15404805900162025 - UASG MINUTA: 154048;2026;2026;3851.2;0.0;0.0;0.0;0.0;0.0;0.0;3851.2;Sem contrato;Despesas Correntes;0.0;3851.2;0.0;3851.2;0.0;
154093;BIBLIOTECA CENTRAL/FUFPI;17228496000158.0;17.228.496 DIVINO IGNACIO RIBEIRO JUNIOR;V4572N5600N;TREINAMENTO DE SERVIDORES     .;339039;Outros Serviços de Terceiros - Pessoa Jurídica;154048152652026NE000549;15404807001182026 - UASG MINUTA: 154048;2026;2026;15000.0;0.0;0.0;0.0;0.0;0.0;0.0;15000.0;Sem contrato;Despesas Correntes;0.0;15000.0;0.0;15000.0;0.0;
151064;CAMPUS AMILCAR FERREIRA SOBRAL;16684742000113.0;IDM SOLUCOES PUBLICAS LTDA;M8282G6000N;REESTRUTURACAO E MODERNIZACAO DAS IFES;449052;Equipamentos e Material Permanente;154048152652026NE000550;15303805900212025 - UASG MINUTA: 154048;2026;2026;1579.0;0.0;0.0;0.0;0.0;0.0;0.0;1579.0;Sem contrato;Despesas de Capital;0.0;1579.0;0.0;1579.0;0.0;
151064;CAMPUS AMILCAR FERREIRA SOBRAL;53568001000101.0;EVEN COMERCIAL LTDA;M8282G6000N;REESTRUTURACAO E MODERNIZACAO DAS IFES;449052;Equipamentos e Material Permanente;154048152652026NE000551;15303805900212025 - UASG MINUTA: 154048;2026;2026;1823.0;0.0;0.0;0.0;0.0;0.0;0.0;1823.0;Sem contrato;Despesas de Capital;0.0;1823.0;0.0;1823.0;0.0;
151064;CAMPUS AMILCAR FERREIRA SOBRAL;52132037000177.0;SL MED LABX LTDA;M8282G6000N;REESTRUTURACAO E MODERNIZACAO DAS IFES;449052;Equipamentos e Material Permanente;154048152652026NE000552;15303805900212025 - UASG MINUTA: 154048;2026;2026;8926.17;0.0;0.0;0.0;0.0;0.0;0.0;8926.17;Sem contrato;Despesas de Capital;0.0;8926.17;0.0;8926.17;0.0;
154102;COLEGIO AGRICOLA DE FLRIANO/FUFPI;18717757000166.0;SANTANA DISTRIBUIDORA LTDA;L2994M2300N;RESTAURANTE UNIVERSITARIO;339030;Material de Consumo;154048152652026NE000553;15404805900092024 - UASG MINUTA: 154048;2026;2026;31148.23;0.0;0.0;0.0;0.0;0.0;0.0;31148.23;Sem contrato;Despesas Correntes;0.0;31148.23;0.0;31148.23;0.0;
156182;PREFEITURA UNIVERSITARIA;6554869000164.0;MUNICIPIO DE TERESINA;M20RKG1900N;ENSINO-GESTAO;339047;Obrigações Tributárias e Contributivas;154048152652026NE000554;SEM INFORMACAO;2026;2026;1487.4;1487.4;1487.4;0.0;0.0;0.0;0.0;4462.2;Sem contrato;Despesas Correntes;0.0;1487.4;1487.4;0.0;1487.4;
151064;CAMPUS AMILCAR FERREIRA SOBRAL;154048.0;FUNDACAO UNIVERSIDADE FEDERAL DO PIAUI;V20GKN2300N;CONCESSAO DE BOLSAS.;339018;Auxílio Financeiro a Estudantes;154048152652026NE000555;SEM INFORMACAO;2026;2026;700.0;0.0;0.0;0.0;0.0;0.0;0.0;700.0;Sem contrato;Despesas Correntes;0.0;700.0;0.0;700.0;0.0;
156182;PREFEITURA UNIVERSITARIA;50684889000222.0;PICOS AUTO CENTER LTDA;M20RKG1900N;ENSINO-GESTAO;339039;Outros Serviços de Terceiros - Pessoa Jurídica;154048152652026NE000556;SEM INFORMACAO;2026;2026;151.0;151.0;151.0;0.0;0.0;0.0;0.0;453.0;Sem contrato;Despesas Correntes;0.0;151.0;151.0;0.0;151.0;
154087;PRO-REITORIA DE ADMINISTRACAOFUFPI;59717553000617.0;GRUPO MULTILASER S.A.;M8282G6000N;REESTRUTURACAO E MODERNIZACAO DAS IFES;449052;Equipamentos e Material Permanente;154048152652026NE000557;SEM INFORMACAO;2026;2026;358.59;0.0;0.0;0.0;0.0;0.0;0.0;358.59;Sem contrato;Despesas de Capital;0.0;358.59;0.0;358.59;0.0;
154087;PRO-REITORIA DE ADMINISTRACAOFUFPI;31495962000273.0;B2W INFORMATICA LTDA;M8282G6000N;REESTRUTURACAO E MODERNIZACAO DAS IFES;449052;Equipamentos e Material Permanente;154048152652026NE000558;15844205900412025 - UASG MINUTA: 154048;2026;2026;226195.0;0.0;0.0;0.0;0.0;0.0;0.0;226195.0;Sem contrato;Despesas de Capital;0.0;226195.0;0.0;226195.0;0.0;
154356;PRO-REITORIA ASS.ESTUDANTIS E COMUNITARIOS;21992832000101.0;PONTUAL SERVICOS GERAIS LTDA;V4002N01CTN;CONTRATOS EM GERAL DO RU.;339037;Locação de Mão de Obra;154048152652026NE000559;15404806000432025 - UASG MINUTA: 154048;2026;2026;637255.5;636650.15;636650.15;0.0;0.0;0.0;0.0;1910555.8;Com contrato;Despesas Correntes;0.0;637255.5;636650.15;605.3499999999767;636650.15;
154102;COLEGIO AGRICOLA DE FLRIANO/FUFPI;10721795000180.0;POTY COMERCIO E SERVICOS LTDA;L2994M2300N;RESTAURANTE UNIVERSITARIO;339030;Material de Consumo;154048152652026NE000561;15404805900092024 - UASG MINUTA: 154048;2026;2026;38148.0;0.0;0.0;0.0;0.0;0.0;0.0;38148.0;Sem contrato;Despesas Correntes;0.0;38148.0;0.0;38148.0;0.0;
151064;CAMPUS AMILCAR FERREIRA SOBRAL;43287805000170.0;E CAMPREGUER COMEX LTDA;M8282G6000N;REESTRUTURACAO E MODERNIZACAO DAS IFES;449052;Equipamentos e Material Permanente;154048152652026NE000562;15303805900212025 - UASG MINUTA: 154048;2026;2026;6512.75;0.0;0.0;0.0;0.0;0.0;0.0;6512.75;Sem contrato;Despesas de Capital;0.0;6512.75;0.0;6512.75;0.0;
156182;PREFEITURA UNIVERSITARIA;7154037000113.0;NOSSA LUZ INSTALACOES ELETRICAS LTDA;M20RKG01CTN;CONTRATOS EM GERAL.;339037;Locação de Mão de Obra;154048152652026NE000563;15404805000062025 - UASG MINUTA: 154048;2026;2026;91005.5;40811.51;38624.06;0.0;0.0;0.0;0.0;170441.07;Com contrato;Despesas Correntes;0.0;91005.5;40811.51;50193.99;38624.06;
156182;PREFEITURA UNIVERSITARIA;7154037000113.0;NOSSA LUZ INSTALACOES ELETRICAS LTDA;M20RKG01CTN;CONTRATOS EM GERAL.;339033;Passagens e Despesas com Locomoção;154048152652026NE000564;15404805000062025 - UASG MINUTA: 154048;2026;2026;19401.32;11275.91;9638.28;0.0;0.0;0.0;0.0;40315.51;Com contrato;Despesas Correntes;0.0;19401.32;11275.91;8125.41;9638.28;
151064;CAMPUS AMILCAR FERREIRA SOBRAL;9524545000171.0;WF TECNOLOGIA CIENTIFICA E CONSTRUTORA LTDA;M20RKG01CTN;CONTRATOS EM GERAL.;339039;Outros Serviços de Terceiros - Pessoa Jurídica;154048152652026NE000565;15404805000562025 - UASG MINUTA: 154048;2026;2026;0.0;0.0;0.0;0.0;0.0;0.0;0.0;0.0;Com contrato;Despesas Correntes;0.0;0.0;0.0;0.0;0.0;
156182;PREFEITURA UNIVERSITARIA;13859951000162.0;CONNECT ON MARKETING DE EVENTOS LTDA;V4572N5600N;TREINAMENTO DE SERVIDORES     .;339039;Outros Serviços de Terceiros - Pessoa Jurídica;154048152652026NE000566;15404807001272026 - UASG MINUTA: 154048;2026;2026;11970.0;11970.0;10838.84;0.0;0.0;0.0;0.0;34778.84;Sem contrato;Despesas Correntes;0.0;11970.0;11970.0;0.0;10838.84;
150147;CAMPUS PROFESSORA CINOBELINA ELVAS;7111745000177.0;TOP ARCONDICIONADO LTDA;M20RKG01CTN;CONTRATOS EM GERAL.;339039;Outros Serviços de Terceiros - Pessoa Jurídica;154048152652026NE000567;15404805000162026 - UASG MINUTA: 154048;2026;2026;133541.83;93251.64;93251.64;0.0;0.0;0.0;0.0;320045.11;Com contrato;Despesas Correntes;0.0;133541.83;93251.64;40290.18999999999;93251.64;
150147;CAMPUS PROFESSORA CINOBELINA ELVAS;5340639000130.0;PRIME CONSULTORIA E ASSESSORIA EMPRESARIAL LTDA;M20RKG01CTN;CONTRATOS EM GERAL.;339039;Outros Serviços de Terceiros - Pessoa Jurídica;154048152652026NE000568;15404805000492023 - UASG MINUTA: 154048;2026;2026;54998.96;30546.06;30362.85;0.0;0.0;0.0;0.0;115907.87;Com contrato;Despesas Correntes;0.0;54998.96;30546.06;24452.899999999998;30362.85;
151064;CAMPUS AMILCAR FERREIRA SOBRAL;9524545000171.0;WF TECNOLOGIA CIENTIFICA E CONSTRUTORA LTDA;M20RKG01CTN;CONTRATOS EM GERAL.;339039;Outros Serviços de Terceiros - Pessoa Jurídica;154048152652026NE000571;15404805000562025 - UASG MINUTA: 154048;2026;2026;81757.83;81757.83;79182.45;0.0;0.0;0.0;0.0;242698.11;Com contrato;Despesas Correntes;0.0;81757.83;81757.83;0.0;79182.45;
151064;CAMPUS AMILCAR FERREIRA SOBRAL;12613672000151.0;LOG MATERIAIS E FERRAMENTAS LTDA;M8282G6000N;REESTRUTURACAO E MODERNIZACAO DAS IFES;449052;Equipamentos e Material Permanente;154048152652026NE000572;44304805900012026 - UASG MINUTA: 154048;2026;2026;23000.0;0.0;0.0;0.0;0.0;0.0;0.0;23000.0;Sem contrato;Despesas de Capital;0.0;23000.0;0.0;23000.0;0.0;
156182;PREFEITURA UNIVERSITARIA;5340639000130.0;PRIME CONSULTORIA E ASSESSORIA EMPRESARIAL LTDA;M20RKG01CTN;CONTRATOS EM GERAL.;339039;Outros Serviços de Terceiros - Pessoa Jurídica;154048152652026NE000573;15404805000482023 - UASG MINUTA: 154048;2026;2026;167005.6;72908.53;72290.66;0.0;0.0;0.0;0.0;312204.79;Com contrato;Despesas Correntes;0.0;167005.6;72908.53;94097.07;72290.66;
150147;CAMPUS PROFESSORA CINOBELINA ELVAS;5340639000130.0;PRIME CONSULTORIA E ASSESSORIA EMPRESARIAL LTDA;M20RKG01CTN;CONTRATOS EM GERAL.;339039;Outros Serviços de Terceiros - Pessoa Jurídica;154048152652026NE000574;15404805000392023 - UASG MINUTA: 154048;2026;2026;40001.36;20714.37;20630.42;0.0;0.0;0.0;0.0;81346.15;Com contrato;Despesas Correntes;0.0;40001.36;20714.37;19286.99;20630.42;
150147;CAMPUS PROFESSORA CINOBELINA ELVAS;5340639000130.0;PRIME CONSULTORIA E ASSESSORIA EMPRESARIAL LTDA;M20RKG01CTN;CONTRATOS EM GERAL.;339030;Material de Consumo;154048152652026NE000575;15404805000392023 - UASG MINUTA: 154048;2026;2026;50002.08;32701.69;32194.44;0.0;0.0;0.0;0.0;114898.21;Com contrato;Despesas Correntes;0.0;50002.08;32701.69;17300.390000000003;32194.44;
156182;PREFEITURA UNIVERSITARIA;5340639000130.0;PRIME CONSULTORIA E ASSESSORIA EMPRESARIAL LTDA;M20RKG01CTN;CONTRATOS EM GERAL.;339039;Outros Serviços de Terceiros - Pessoa Jurídica;154048152652026NE000576;15404805000362023 - UASG MINUTA: 154048;2026;2026;84998.75;37683.89;33760.61;0.0;0.0;0.0;0.0;156443.25;Com contrato;Despesas Correntes;0.0;84998.75;37683.89;47314.86;33760.61;
156182;PREFEITURA UNIVERSITARIA;5340639000130.0;PRIME CONSULTORIA E ASSESSORIA EMPRESARIAL LTDA;M20RKG01CTN;CONTRATOS EM GERAL.;339030;Material de Consumo;154048152652026NE000577;15404805000362023 - UASG MINUTA: 154048;2026;2026;166903.06;131613.2;131613.2;0.0;0.0;0.0;0.0;430129.46;Com contrato;Despesas Correntes;0.0;166903.06;131613.2;35289.859999999986;131613.2;
151667;CENTRO DE ENSINO A DISTANCIA;10013974000163.0;SERVFAZ SERVICOS DE MAO DE OBRA LTDA;M21D7G22CTN;ENSINO-GESTAO DE CONTRATOS DO CEAD;339037;Locação de Mão de Obra;154048152652026NE000578;15404805000132024 - UASG MINUTA: 154048;2026;2026;200000.0;0.0;0.0;0.0;0.0;0.0;0.0;200000.0;Com contrato;Despesas Correntes;0.0;200000.0;0.0;200000.0;0.0;
154103;CAMPUS DO JUNCO/FUFPI;9524545000171.0;WF TECNOLOGIA CIENTIFICA E CONSTRUTORA LTDA;M20RKG01CTN;CONTRATOS EM GERAL.;339039;Outros Serviços de Terceiros - Pessoa Jurídica;154048152652026NE000579;15404805000552025 - UASG MINUTA: 154048;2026;2026;44085.72;44085.72;42002.67;0.0;0.0;0.0;0.0;130174.11;Com contrato;Despesas Correntes;0.0;44085.72;44085.72;0.0;42002.67;
154102;COLEGIO AGRICOLA DE FLRIANO/FUFPI;154048.0;FUNDACAO UNIVERSIDADE FEDERAL DO PIAUI;L2994M23CBN;CONCESSAO DE BOLSAS;339018;Auxílio Financeiro a Estudantes;154048152652026NE000580;SEM INFORMACAO;2026;2026;37800.0;18900.0;18900.0;0.0;0.0;0.0;0.0;75600.0;Sem contrato;Despesas Correntes;0.0;37800.0;18900.0;18900.0;18900.0;
151064;CAMPUS AMILCAR FERREIRA SOBRAL;24997187000108.0;CONSULAB DISTRIBUIDORA DE PRODUTOS LABORATORIAIS, HOSPI;M8282G6000N;REESTRUTURACAO E MODERNIZACAO DAS IFES;339030;Material de Consumo;154048152652026NE000581;15303705900152025 - UASG MINUTA: 154048;2026;2026;3127.0;0.0;0.0;0.0;0.0;0.0;0.0;3127.0;Sem contrato;Despesas Correntes;0.0;3127.0;0.0;3127.0;0.0;
151064;CAMPUS AMILCAR FERREIRA SOBRAL;5340639000130.0;PRIME CONSULTORIA E ASSESSORIA EMPRESARIAL LTDA;M20RKG01CTN;CONTRATOS EM GERAL.;339030;Material de Consumo;154048152652026NE000582;15404805000402023 - UASG MINUTA: 154048;2026;2026;34998.47;0.0;0.0;0.0;0.0;0.0;0.0;34998.47;Com contrato;Despesas Correntes;0.0;34998.47;0.0;34998.47;0.0;
156182;PREFEITURA UNIVERSITARIA;24351428000147.0;CENTRO OESTE SERVICOS LTDA - EM RECUPERACAO JUDICIAL;M20RKG01CTN;CONTRATOS EM GERAL.;339037;Locação de Mão de Obra;154048152652026NE000583;15404805000222026 - UASG MINUTA: 154048;2026;2026;0.0;0.0;0.0;0.0;0.0;0.0;0.0;0.0;Com contrato;Despesas Correntes;0.0;0.0;0.0;0.0;0.0;
154103;CAMPUS DO JUNCO/FUFPI;24351428000147.0;CENTRO OESTE SERVICOS LTDA - EM RECUPERACAO JUDICIAL;M20RKG01CTN;CONTRATOS EM GERAL.;339037;Locação de Mão de Obra;154048152652026NE000584;15404805000222026 - UASG MINUTA: 154048;2026;2026;53502.17;53210.88;53210.88;0.0;0.0;0.0;0.0;159923.93;Com contrato;Despesas Correntes;0.0;53502.17;53210.88;291.2900000000009;53210.88;
154356;PRO-REITORIA ASS.ESTUDANTIS E COMUNITARIOS;5343348000103.0;FEDERACAO ACADEMICA DE ESPORTES PIAUIENSE;M20RKG1900N;ENSINO-GESTAO;339039;Outros Serviços de Terceiros - Pessoa Jurídica;154048152652026NE000585;SEM INFORMACAO;2026;2026;200.0;200.0;200.0;0.0;0.0;0.0;0.0;600.0;Sem contrato;Despesas Correntes;0.0;200.0;200.0;0.0;200.0;
150147;CAMPUS PROFESSORA CINOBELINA ELVAS;9524545000171.0;WF TECNOLOGIA CIENTIFICA E CONSTRUTORA LTDA;M20RKG01CTN;CONTRATOS EM GERAL.;339039;Outros Serviços de Terceiros - Pessoa Jurídica;154048152652026NE000586;15404805000642025 - UASG MINUTA: 154048;2026;2026;58940.47;29118.03;29118.03;0.0;0.0;0.0;0.0;117176.53;Com contrato;Despesas Correntes;0.0;58940.47;29118.03;29822.440000000002;29118.03;
154095;CENTRO DE CIENCIAS DA SAUDE/FUFPI;13751395000106.0;INFINYT COMERCIO SERVICOS E REPRESENTACOES LTDA;M20RKG01CTN;CONTRATOS EM GERAL.;339039;Outros Serviços de Terceiros - Pessoa Jurídica;154048152652026NE000587;15404805000152022 - UASG MINUTA: 154048;2026;2026;74378.38;37189.19;37189.19;0.0;0.0;0.0;0.0;148756.76;Com contrato;Despesas Correntes;0.0;74378.38;37189.19;37189.19;37189.19;
156182;PREFEITURA UNIVERSITARIA;26905527000159.0;VALDEMAR DA SILVA DO NASCIMENTO;M20RKG01CTN;CONTRATOS EM GERAL.;339039;Outros Serviços de Terceiros - Pessoa Jurídica;154048152652026NE000588;15404805000192022 - UASG MINUTA: 154048;2026;2026;16706.18;0.0;0.0;0.0;0.0;0.0;0.0;16706.18;Com contrato;Despesas Correntes;0.0;16706.18;0.0;16706.18;0.0;
151064;CAMPUS AMILCAR FERREIRA SOBRAL;17424989000163.0;GLOBALTEC COMERCIO E SERVICOS ODONTO HOSPITALARES LTDA;M20RKG01CTN;CONTRATOS EM GERAL.;339039;Outros Serviços de Terceiros - Pessoa Jurídica;154048152652026NE000589;15404805000232021 - UASG MINUTA: 154048;2026;2026;5000.0;2500.0;2500.0;0.0;0.0;0.0;0.0;10000.0;Com contrato;Despesas Correntes;0.0;5000.0;2500.0;2500.0;2500.0;
154097;CENTRO DE CIENCAS DA EDUCACAO/FUFPI;22561863000170.0;MULTPAR SERVICOS DE CONSTRUCAO LTDA;M20RKG01CTN;CONTRATOS EM GERAL.;339039;Outros Serviços de Terceiros - Pessoa Jurídica;154048152652026NE000590;15404805000622025 - UASG MINUTA: 154048;2026;2026;34594.08;17257.57;17257.57;0.0;0.0;0.0;0.0;69109.22;Com contrato;Despesas Correntes;0.0;34594.08;17257.57;17336.510000000002;17257.57;
154098;CENTRO DE CIENCAS AGRARIAS/FUFPI;22561863000170.0;MULTPAR SERVICOS DE CONSTRUCAO LTDA;M20RKG01CTN;CONTRATOS EM GERAL.;339039;Outros Serviços de Terceiros - Pessoa Jurídica;154048152652026NE000591;15404805000622025 - UASG MINUTA: 154048;2026;2026;34594.08;17556.9;0.0;0.0;0.0;0.0;0.0;52150.98;Com contrato;Despesas Correntes;0.0;34594.08;17556.9;17037.18;0.0;
154094;CENTRO DE CIENCIAS DA NATUREZA/FUFPI;22561863000170.0;MULTPAR SERVICOS DE CONSTRUCAO LTDA;M20RKG01CTN;CONTRATOS EM GERAL.;339039;Outros Serviços de Terceiros - Pessoa Jurídica;154048152652026NE000592;15404805000622025 - UASG MINUTA: 154048;2026;2026;34594.08;13960.59;13960.59;0.0;0.0;0.0;0.0;62515.26;Com contrato;Despesas Correntes;0.0;34594.08;13960.59;20633.49;13960.59;
154095;CENTRO DE CIENCIAS DA SAUDE/FUFPI;22561863000170.0;MULTPAR SERVICOS DE CONSTRUCAO LTDA;M20RKG01CTN;CONTRATOS EM GERAL.;339039;Outros Serviços de Terceiros - Pessoa Jurídica;154048152652026NE000593;15404805000622025 - UASG MINUTA: 154048;2026;2026;34594.08;17056.38;17056.38;0.0;0.0;0.0;0.0;68706.84;Com contrato;Despesas Correntes;0.0;34594.08;17056.38;17537.7;17056.38;
154096;CENTRO DE CIENCIAS HUMANAS E LETRAS/FUFPI;22561863000170.0;MULTPAR SERVICOS DE CONSTRUCAO LTDA;M20RKG01CTN;CONTRATOS EM GERAL.;339039;Outros Serviços de Terceiros - Pessoa Jurídica;154048152652026NE000594;15404805000622025 - UASG MINUTA: 154048;2026;2026;34594.08;16852.42;16852.42;0.0;0.0;0.0;0.0;68298.92;Com contrato;Despesas Correntes;0.0;34594.08;16852.42;17741.660000000003;16852.42;
154099;CENTRO DE TECNOLOGIA/FUFPI;22561863000170.0;MULTPAR SERVICOS DE CONSTRUCAO LTDA;M20RKG01CTN;CONTRATOS EM GERAL.;339039;Outros Serviços de Terceiros - Pessoa Jurídica;154048152652026NE000595;15404805000622025 - UASG MINUTA: 154048;2026;2026;34594.08;0.0;0.0;0.0;0.0;0.0;0.0;34594.08;Com contrato;Despesas Correntes;0.0;34594.08;0.0;34594.08;0.0;
156182;PREFEITURA UNIVERSITARIA;22561863000170.0;MULTPAR SERVICOS DE CONSTRUCAO LTDA;M20RKG01CTN;CONTRATOS EM GERAL.;339039;Outros Serviços de Terceiros - Pessoa Jurídica;154048152652026NE000596;15404805000622025 - UASG MINUTA: 154048;2026;2026;255198.67;76882.71;76882.71;0.0;0.0;0.0;0.0;408964.09;Com contrato;Despesas Correntes;0.0;255198.67;76882.71;178315.96000000002;76882.71;
154087;PRO-REITORIA DE ADMINISTRACAOFUFPI;65149197000251.0;REPREMIG REPRESENTACAO E COMERCIO DE MINAS GERAIS LTDA;M8282G6000N;REESTRUTURACAO E MODERNIZACAO DAS IFES;449052;Equipamentos e Material Permanente;154048152652026NE000597;07001105900142026 - UASG MINUTA: 154048;2026;2026;41970.0;41970.0;0.0;0.0;0.0;0.0;0.0;83940.0;Sem contrato;Despesas de Capital;0.0;41970.0;41970.0;0.0;0.0;
156183;SUPERINTENDENCIA DE RECURSOS HUMANOS;46875281000127.0;CLG TREINAMENTO PROFISSIONAL LTDA;V4572N5600N;TREINAMENTO DE SERVIDORES     .;339039;Outros Serviços de Terceiros - Pessoa Jurídica;154048152652026NE000598;15404807001292026 - UASG MINUTA: 154048;2026;2026;2995.0;2995.0;2995.0;0.0;0.0;0.0;0.0;8985.0;Sem contrato;Despesas Correntes;0.0;2995.0;2995.0;0.0;2995.0;
152660;HOSPITAL VETERINARIO DA UFPI;13048109000140.0;SERVIRE AGENCIAMENTO DE MAO DE OBRA LTDA;M20RKG71HVN;HOSPITAL VETERINARIO DE TERESINA E BOM JESUS.;339037;Locação de Mão de Obra;154048152652026NE000604;15404805900092026 - UASG MINUTA: 154048;2026;2026;0.0;0.0;0.0;0.0;0.0;0.0;0.0;0.0;Sem contrato;Despesas Correntes;0.0;0.0;0.0;0.0;0.0;
152660;HOSPITAL VETERINARIO DA UFPI;13048109000140.0;SERVIRE AGENCIAMENTO DE MAO DE OBRA LTDA;M20RKG71TBN;HOSPITAL VETERINARIO DE TERESINA E BOM JESUS.;339037;Locação de Mão de Obra;154048152652026NE000605;15404805900092026 - UASG MINUTA: 154048;2026;2026;179446.72;0.0;0.0;0.0;0.0;0.0;0.0;179446.72;Sem contrato;Despesas Correntes;0.0;179446.72;0.0;179446.72;0.0;
154103;CAMPUS DO JUNCO/FUFPI;10013974000163.0;SERVFAZ SERVICOS DE MAO DE OBRA LTDA;M20RKG01CTN;CONTRATOS EM GERAL.;339037;Locação de Mão de Obra;154048152652026NE000606;15404805900062026 - UASG MINUTA: 154048;2026;2026;584021.52;0.0;0.0;0.0;0.0;0.0;0.0;584021.52;Com contrato;Despesas Correntes;0.0;584021.52;0.0;584021.52;0.0;
154101;COLEGIO AGRICOLA DE TERESINA/FUFPI;13048109000140.0;SERVIRE AGENCIAMENTO DE MAO DE OBRA LTDA;L20RLM01CTN;CONTRATOS EM GERAL DOS COLEGIOS TECNICOS.;339092;Despesas de Exercícios Anteriores;154048152652026NE000611;15404805000122025 - UASG MINUTA: 154048;2026;2026;0.0;0.0;0.0;0.0;0.0;0.0;0.0;0.0;Com contrato;Despesas Correntes;0.0;0.0;0.0;0.0;0.0;
154101;COLEGIO AGRICOLA DE TERESINA/FUFPI;13048109000140.0;SERVIRE AGENCIAMENTO DE MAO DE OBRA LTDA;L20RLM01CTN;CONTRATOS EM GERAL DOS COLEGIOS TECNICOS.;339092;Despesas de Exercícios Anteriores;154048152652026NE000612;15404805000122025 - UASG MINUTA: 154048;2026;2026;2347.44;2347.44;2347.44;0.0;0.0;0.0;0.0;7042.32;Com contrato;Despesas Correntes;0.0;2347.44;2347.44;0.0;2347.44;
151064;CAMPUS AMILCAR FERREIRA SOBRAL;43287805000170.0;E CAMPREGUER COMEX LTDA;M8282G6000N;REESTRUTURACAO E MODERNIZACAO DAS IFES;449052;Equipamentos e Material Permanente;154048152652026NE000613;15303705900152025 - UASG MINUTA: 154048;2026;2026;3308.0;0.0;0.0;0.0;0.0;0.0;0.0;3308.0;Sem contrato;Despesas de Capital;0.0;3308.0;0.0;3308.0;0.0;
156183;SUPERINTENDENCIA DE RECURSOS HUMANOS;35963479000146.0;ESAFI - ESCOLA DE ADMINISTRACAO E TREINAMENTO LTDA;V4572N5600N;TREINAMENTO DE SERVIDORES     .;339039;Outros Serviços de Terceiros - Pessoa Jurídica;154048152652026NE000615;15404807001372026 - UASG MINUTA: 154048;2026;2026;13770.0;13770.0;12468.73;0.0;0.0;0.0;0.0;40008.73;Sem contrato;Despesas Correntes;0.0;13770.0;13770.0;0.0;12468.73;
154087;PRO-REITORIA DE ADMINISTRACAOFUFPI;31731853000127.0;NEW LINE SOLUCOES CORPORATIVAS LTDA;M8282G6000N;REESTRUTURACAO E MODERNIZACAO DAS IFES;449052;Equipamentos e Material Permanente;154048152652026NE000616;15408005900022025 - UASG MINUTA: 154048;2026;2026;88800.0;0.0;0.0;0.0;0.0;0.0;0.0;88800.0;Sem contrato;Despesas de Capital;0.0;88800.0;0.0;88800.0;0.0;
154103;CAMPUS DO JUNCO/FUFPI;1542171000105.0;SILVA & ALVES FRUTOS TROPICAIS LTDA;V4002N2300N;RESTAURANTE UNIVERSITARIO E OUTRAS DESPESAS;339030;Material de Consumo;154048152652026NE000617;15404805900172024 - UASG MINUTA: 154048;2026;2026;198158.1;24760.73;16399.08;0.0;0.0;0.0;0.0;239317.91;Sem contrato;Despesas Correntes;0.0;198158.1;24760.73;173397.37;16399.08;
154086;ADMINISTRACAO CENTRAL/FUFPI;154048.0;FUNDACAO UNIVERSIDADE FEDERAL DO PIAUI;M20RKG1900N;ENSINO-GESTAO;339036;Outros Serviços de Terceiros - Pessoa Física;154048152652026NE000619;SEM INFORMACAO;2026;2026;1140.0;1045.0;1045.0;0.0;0.0;0.0;0.0;3230.0;Sem contrato;Despesas Correntes;0.0;1140.0;1045.0;95.0;1045.0;
151064;CAMPUS AMILCAR FERREIRA SOBRAL;16858835000117.0;DECISION TEAM LTDA;M20RKG01CTN;CONTRATOS EM GERAL.;339030;Material de Consumo;154048152652026NE000620;15404805000062022 - UASG MINUTA: 154048;2026;2026;5000.03;0.0;0.0;0.0;0.0;0.0;0.0;5000.03;Com contrato;Despesas Correntes;0.0;5000.03;0.0;5000.03;0.0;
154102;COLEGIO AGRICOLA DE FLRIANO/FUFPI;154048.0;FUNDACAO UNIVERSIDADE FEDERAL DO PIAUI;L20RLM1900N;COLEGIOS TECNICOS DA UFPI;339036;Outros Serviços de Terceiros - Pessoa Física;154048152652026NE000622;SEM INFORMACAO;2026;2026;1000.0;837.5;837.5;0.0;0.0;0.0;0.0;2675.0;Sem contrato;Despesas Correntes;0.0;1000.0;837.5;162.5;837.5;
154102;COLEGIO AGRICOLA DE FLRIANO/FUFPI;154048.0;FUNDACAO UNIVERSIDADE FEDERAL DO PIAUI;L2994M23CBN;CONCESSAO DE BOLSAS;339018;Auxílio Financeiro a Estudantes;154048152652026NE000625;SEM INFORMACAO;2026;2026;14000.0;0.0;0.0;0.0;0.0;0.0;0.0;14000.0;Sem contrato;Despesas Correntes;0.0;14000.0;0.0;14000.0;0.0;
154102;COLEGIO AGRICOLA DE FLRIANO/FUFPI;154048.0;FUNDACAO UNIVERSIDADE FEDERAL DO PIAUI;L2994M23CBN;CONCESSAO DE BOLSAS;339018;Auxílio Financeiro a Estudantes;154048152652026NE000626;SEM INFORMACAO;2026;2026;1600.0;0.0;0.0;0.0;0.0;0.0;0.0;1600.0;Sem contrato;Despesas Correntes;0.0;1600.0;0.0;1600.0;0.0;
154102;COLEGIO AGRICOLA DE FLRIANO/FUFPI;154048.0;FUNDACAO UNIVERSIDADE FEDERAL DO PIAUI;L2994M23CBN;CONCESSAO DE BOLSAS;339018;Auxílio Financeiro a Estudantes;154048152652026NE000627;SEM INFORMACAO;2026;2026;4800.0;0.0;0.0;0.0;0.0;0.0;0.0;4800.0;Sem contrato;Despesas Correntes;0.0;4800.0;0.0;4800.0;0.0;
154102;COLEGIO AGRICOLA DE FLRIANO/FUFPI;154048.0;FUNDACAO UNIVERSIDADE FEDERAL DO PIAUI;L2994M23CBN;CONCESSAO DE BOLSAS;339018;Auxílio Financeiro a Estudantes;154048152652026NE000628;SEM INFORMACAO;2026;2026;11200.0;0.0;0.0;0.0;0.0;0.0;0.0;11200.0;Sem contrato;Despesas Correntes;0.0;11200.0;0.0;11200.0;0.0;
154103;CAMPUS DO JUNCO/FUFPI;154048.0;FUNDACAO UNIVERSIDADE FEDERAL DO PIAUI;M20RKQ7200N;IFES SEM HU - FUNC ENS SUPER-CAMPUS DE PICOS;339048;Outros Auxílios Financeiros a Pessoas Físicas;154048152652026NE000629;SEM INFORMACAO;2026;2026;74400.0;74400.0;65100.0;0.0;0.0;0.0;0.0;213900.0;Sem contrato;Despesas Correntes;0.0;74400.0;74400.0;0.0;65100.0;
151064;CAMPUS AMILCAR FERREIRA SOBRAL;5477326000128.0;DANCOLD COMERCIO MANUTENCAO E INSTALACAO DE AR CONDICI;M20RKG01CTN;CONTRATOS EM GERAL.;339039;Outros Serviços de Terceiros - Pessoa Jurídica;154048152652026NE000630;15404805000232026 - UASG MINUTA: 154048;2026;2026;64995.89;37211.84;0.0;0.0;0.0;0.0;0.0;102207.73;Com contrato;Despesas Correntes;0.0;64995.89;37211.84;27784.050000000003;0.0;
156181;SUPERINTENDENCIA DE COMUNICACAO SOCIAL;3637436000184.0;ASSOCIACAO BRASILEIRA DAS EDITORAS UNIVERSITARIAS;M20RKG1900N;ENSINO-GESTAO;339039;Outros Serviços de Terceiros - Pessoa Jurídica;154048152652026NE000631;15404807000042026 - UASG MINUTA: 154048;2026;2026;3200.0;0.0;0.0;0.0;0.0;0.0;0.0;3200.0;Sem contrato;Despesas Correntes;0.0;3200.0;0.0;3200.0;0.0;
154103;CAMPUS DO JUNCO/FUFPI;5340639000130.0;PRIME CONSULTORIA E ASSESSORIA EMPRESARIAL LTDA;M20RKG01CTN;CONTRATOS EM GERAL.;339039;Outros Serviços de Terceiros - Pessoa Jurídica;154048152652026NE000632;15404805000572023 - UASG MINUTA: 154048;2026;2026;22998.94;7595.01;7595.01;0.0;0.0;0.0;0.0;38188.96;Com contrato;Despesas Correntes;0.0;22998.94;7595.01;15403.929999999998;7595.01;
151064;CAMPUS AMILCAR FERREIRA SOBRAL;5340639000130.0;PRIME CONSULTORIA E ASSESSORIA EMPRESARIAL LTDA;M20RKG01CTN;CONTRATOS EM GERAL.;339039;Outros Serviços de Terceiros - Pessoa Jurídica;154048152652026NE000633;15404805000402023 - UASG MINUTA: 154048;2026;2026;14335.16;9371.33;9371.33;0.0;0.0;0.0;0.0;33077.82;Com contrato;Despesas Correntes;0.0;14335.16;9371.33;4963.83;9371.33;
154102;COLEGIO AGRICOLA DE FLRIANO/FUFPI;1542171000105.0;SILVA & ALVES FRUTOS TROPICAIS LTDA;L2994M2300N;RESTAURANTE UNIVERSITARIO;339030;Material de Consumo;154048152652026NE000634;15404805900172024 - UASG MINUTA: 154048;2026;2026;62454.4;0.0;0.0;0.0;0.0;0.0;0.0;62454.4;Sem contrato;Despesas Correntes;0.0;62454.4;0.0;62454.4;0.0;
156182;PREFEITURA UNIVERSITARIA;7154037000113.0;NOSSA LUZ INSTALACOES ELETRICAS LTDA;M20RKG01CTN;CONTRATOS EM GERAL.;339030;Material de Consumo;154048152652026NE000636;15404805000062025 - UASG MINUTA: 154048;2026;2026;25501.54;5415.02;4426.15;0.0;0.0;0.0;0.0;35342.71;Com contrato;Despesas Correntes;0.0;25501.54;5415.02;20086.52;4426.15;
154103;CAMPUS DO JUNCO/FUFPI;8644690000123.0;CET-SEG SEGURANCA ARMADA LTDA;M20RKG01CTN;CONTRATOS EM GERAL.;339092;Despesas de Exercícios Anteriores;154048152652026NE000637;15404805000182020 - UASG MINUTA: 154048;2026;2026;0.0;0.0;0.0;0.0;0.0;0.0;0.0;0.0;Com contrato;Despesas Correntes;0.0;0.0;0.0;0.0;0.0;
154103;CAMPUS DO JUNCO/FUFPI;8644690000123.0;CET-SEG SEGURANCA ARMADA LTDA;M20RKG01CTN;CONTRATOS EM GERAL.;339092;Despesas de Exercícios Anteriores;154048152652026NE000638;15404805000182020 - UASG MINUTA: 154048;2026;2026;40257.97;40253.97;32475.17;0.0;0.0;0.0;0.0;112987.11;Com contrato;Despesas Correntes;0.0;40257.97;40253.97;4.0;32475.17;
154103;CAMPUS DO JUNCO/FUFPI;58425324000151.0;AGUAS DO PIAUI SPE S.A.;M20RKG1900N;ENSINO-GESTAO;339039;Outros Serviços de Terceiros - Pessoa Jurídica;154048152652026NE000639;SEM INFORMACAO;2026;2026;9414.82;9414.82;9414.82;0.0;0.0;0.0;0.0;28244.46;Sem contrato;Despesas Correntes;0.0;9414.82;9414.82;0.0;9414.82;
156182;PREFEITURA UNIVERSITARIA;7111745000177.0;TOP ARCONDICIONADO LTDA;M20RKG01CTN;CONTRATOS EM GERAL.;339039;Outros Serviços de Terceiros - Pessoa Jurídica;154048152652026NE000641;15404805000182026 - UASG MINUTA: 154048;2026;2026;110243.0;53833.68;0.0;0.0;0.0;0.0;0.0;164076.68;Com contrato;Despesas Correntes;0.0;110243.0;53833.68;56409.32;0.0;
156181;SUPERINTENDENCIA DE COMUNICACAO SOCIAL;33736327000185.0;BRENO P DELLING LTDA;M20RKG01CTN;CONTRATOS EM GERAL.;339039;Outros Serviços de Terceiros - Pessoa Jurídica;154048152652026NE000642;15404805000182024 - UASG MINUTA: 154048;2026;2026;15350.0;7675.0;7675.0;0.0;0.0;0.0;0.0;30700.0;Com contrato;Despesas Correntes;0.0;15350.0;7675.0;7675.0;7675.0;
154089;PRO-REITORIA DE EXTENSAOFUFPI;154048.0;FUNDACAO UNIVERSIDADE FEDERAL DO PIAUI;V20GKN2300N;CONCESSAO DE BOLSAS.;339018;Auxílio Financeiro a Estudantes;154048152652026NE000644;SEM INFORMACAO;2026;2026;2100.0;2100.0;2100.0;0.0;0.0;0.0;0.0;6300.0;Sem contrato;Despesas Correntes;0.0;2100.0;2100.0;0.0;2100.0;
154095;CENTRO DE CIENCIAS DA SAUDE/FUFPI;8014804000151.0;LAERDAL MEDICAL IMPORTACAO E COMERCIO DE PRODUTOS MEDI;M20RKG01CTN;CONTRATOS EM GERAL.;339040;Serviços de Tecnologia da Informação e Comunicação - pessoa jurídica;154048152652026NE000646;15404807000232023 - UASG MINUTA: 154048;2026;2026;63347.43;0.0;0.0;0.0;0.0;0.0;0.0;63347.43;Com contrato;Despesas Correntes;0.0;63347.43;0.0;63347.43;0.0;
150147;CAMPUS PROFESSORA CINOBELINA ELVAS;18471673000195.0;CONSTRUTORA J M EXCELENCIA LTDA;M20RKG01CTN;CONTRATOS EM GERAL.;339039;Outros Serviços de Terceiros - Pessoa Jurídica;154048152652026NE000647;15404805000592025 - UASG MINUTA: 154048;2026;2026;80000.7;0.0;0.0;0.0;0.0;0.0;0.0;80000.7;Com contrato;Despesas Correntes;0.0;80000.7;0.0;80000.7;0.0;
154356;PRO-REITORIA ASS.ESTUDANTIS E COMUNITARIOS;12957444000107.0;FLEX PROJETOS E SISTEMAS LTDA;V4002N23PIN;CONCESSAO DE BOLSAS - PROGRAMA INCLUIR;339039;Outros Serviços de Terceiros - Pessoa Jurídica;154048152652026NE000648;15485405900012025 - UASG MINUTA: 154048;2026;2026;243480.0;0.0;0.0;0.0;0.0;0.0;0.0;243480.0;Sem contrato;Despesas Correntes;0.0;243480.0;0.0;243480.0;0.0;
154356;PRO-REITORIA ASS.ESTUDANTIS E COMUNITARIOS;12957444000107.0;FLEX PROJETOS E SISTEMAS LTDA;M20RKG1900N;ENSINO-GESTAO;339039;Outros Serviços de Terceiros - Pessoa Jurídica;154048152652026NE000649;15485405900012025 - UASG MINUTA: 154048;2026;2026;73120.0;0.0;0.0;0.0;0.0;0.0;0.0;73120.0;Sem contrato;Despesas Correntes;0.0;73120.0;0.0;73120.0;0.0;
154095;CENTRO DE CIENCIAS DA SAUDE/FUFPI;66563430000120.0;66.563.430 JORGE MOUTINHO FRAGA;M20RKG1900N;ENSINO-GESTAO;339030;Material de Consumo;154048152652026NE000652;15404806001072026 - UASG MINUTA: 154048;2026;2026;28561.2;0.0;0.0;0.0;0.0;0.0;0.0;28561.2;Sem contrato;Despesas Correntes;0.0;28561.2;0.0;28561.2;0.0;
154095;CENTRO DE CIENCIAS DA SAUDE/FUFPI;61498917000152.0;61.498.917 VICTOR DE ARAUJO ALMEIDA;M20RKG1900N;ENSINO-GESTAO;339030;Material de Consumo;154048152652026NE000653;15404806001072026 - UASG MINUTA: 154048;2026;2026;4735.2;0.0;0.0;0.0;0.0;0.0;0.0;4735.2;Sem contrato;Despesas Correntes;0.0;4735.2;0.0;4735.2;0.0;
154095;CENTRO DE CIENCIAS DA SAUDE/FUFPI;55764652000194.0;55.764.652 VAGNER SILVA DOS SANTOS;M20RKG1900N;ENSINO-GESTAO;339030;Material de Consumo;154048152652026NE000654;15404806001072026 - UASG MINUTA: 154048;2026;2026;6100.0;0.0;0.0;0.0;0.0;0.0;0.0;6100.0;Sem contrato;Despesas Correntes;0.0;6100.0;0.0;6100.0;0.0;
152660;HOSPITAL VETERINARIO DA UFPI;23533848000181.0;R T COSTA FELICIANO;M20RKG71TBN;HOSPITAL VETERINARIO DE TERESINA E BOM JESUS.;339030;Material de Consumo;154048152652026NE000655;25703405900092025 - UASG MINUTA: 154048;2026;2026;1175.16;0.0;0.0;0.0;0.0;0.0;0.0;1175.16;Sem contrato;Despesas Correntes;0.0;1175.16;0.0;1175.16;0.0;
156180;NUCLEO DE TECNOLOGIA DA INFORMACAO-NTI;18153504000107.0;LCPAR IMPORTACAO E EXPORTACAO LTDA;M8282G6000N;REESTRUTURACAO E MODERNIZACAO DAS IFES;449052;Equipamentos e Material Permanente;154048152652026NE000656;07002005900272025 - UASG MINUTA: 154048;2026;2026;0.0;0.0;0.0;0.0;0.0;0.0;0.0;0.0;Sem contrato;Despesas de Capital;0.0;0.0;0.0;0.0;0.0;
156182;PREFEITURA UNIVERSITARIA;10846808000148.0;LP TOTAL SERVICE LTDA;M20RKG01CTN;CONTRATOS EM GERAL.;339039;Outros Serviços de Terceiros - Pessoa Jurídica;154048152652026NE000657;15404805000222021 - UASG MINUTA: 154048;2026;2026;15999.35;0.0;0.0;0.0;0.0;0.0;0.0;15999.35;Com contrato;Despesas Correntes;0.0;15999.35;0.0;15999.35;0.0;
156180;NUCLEO DE TECNOLOGIA DA INFORMACAO-NTI;18153504000107.0;LCPAR IMPORTACAO E EXPORTACAO LTDA;M20RKG1900N;ENSINO-GESTAO;339030;Material de Consumo;154048152652026NE000658;07002005900272025 - UASG MINUTA: 154048;2026;2026;29055.0;0.0;0.0;0.0;0.0;0.0;0.0;29055.0;Sem contrato;Despesas Correntes;0.0;29055.0;0.0;29055.0;0.0;
152660;HOSPITAL VETERINARIO DA UFPI;7083538000156.0;CONSELHO REGIONAL DE MEDICINA VETERINARIA DO ESTADO DO;M20RKG71TBN;HOSPITAL VETERINARIO DE TERESINA E BOM JESUS.;339047;Obrigações Tributárias e Contributivas;154048152652026NE000659;SEM INFORMACAO;2026;2026;1700.0;0.0;0.0;0.0;0.0;0.0;0.0;1700.0;Sem contrato;Despesas Correntes;0.0;1700.0;0.0;1700.0;0.0;
154091;PRO-REITORIA DE PLANEJAMENTO/FUFPI;11263121000142.0;ASSOCIACAO BRASILEIRA DE EDUCACAO INTERNACIONAL;V00PWN01BAN;CONT A ENTIDADES NACIONAIS (FAUBAI);335041;CONTRIBUICOES;154048152652026NE000660;SEM INFORMACAO;2026;2026;3037.92;0.0;0.0;0.0;0.0;0.0;0.0;3037.92;Sem contrato;Despesas Correntes;0.0;3037.92;0.0;3037.92;0.0;
154095;CENTRO DE CIENCIAS DA SAUDE/FUFPI;23460299000162.0;OK DENTAL COMERCIO DE MATERIAIS ODONTO MEDICO E HOSPIT;M20RKG6000N;ENSINO-GESTAO;339030;Material de Consumo;154048152652026NE000661;15404806001212026 - UASG MINUTA: 154048;2026;2026;501.0;0.0;0.0;0.0;0.0;0.0;0.0;501.0;Sem contrato;Despesas Correntes;0.0;501.0;0.0;501.0;0.0;
154095;CENTRO DE CIENCIAS DA SAUDE/FUFPI;49444772000101.0;LH SOLUCOES EMPRESARIAIS LTDA;M20RKG6000N;ENSINO-GESTAO;339030;Material de Consumo;154048152652026NE000662;15404806001212026 - UASG MINUTA: 154048;2026;2026;3945.0;0.0;0.0;0.0;0.0;0.0;0.0;3945.0;Sem contrato;Despesas Correntes;0.0;3945.0;0.0;3945.0;0.0;
154095;CENTRO DE CIENCIAS DA SAUDE/FUFPI;10709819000186.0;KENYA CARRILO -  MATERIAIS,  VESTUARIO, EQUIPAMENTOS E;M20RKG6000N;ENSINO-GESTAO;339030;Material de Consumo;154048152652026NE000663;15404806001212026 - UASG MINUTA: 154048;2026;2026;8431.25;0.0;0.0;0.0;0.0;0.0;0.0;8431.25;Sem contrato;Despesas Correntes;0.0;8431.25;0.0;8431.25;0.0;
154095;CENTRO DE CIENCIAS DA SAUDE/FUFPI;11737090000114.0;FARMED MEDICAMENTOS E PRODUTOS HOSPITALARES LTDA;M20RKG6000N;ENSINO-GESTAO;339030;Material de Consumo;154048152652026NE000664;15404806001212026 - UASG MINUTA: 154048;2026;2026;963.0;0.0;0.0;0.0;0.0;0.0;0.0;963.0;Sem contrato;Despesas Correntes;0.0;963.0;0.0;963.0;0.0;
154095;CENTRO DE CIENCIAS DA SAUDE/FUFPI;62813695000188.0;DUO SAUDE COMERCIO DE PRODUTOS MEDICOS E ODONTOLOGICOS;M20RKG6000N;ENSINO-GESTAO;339030;Material de Consumo;154048152652026NE000665;15404806001212026 - UASG MINUTA: 154048;2026;2026;1780.0;0.0;0.0;0.0;0.0;0.0;0.0;1780.0;Sem contrato;Despesas Correntes;0.0;1780.0;0.0;1780.0;0.0;
154095;CENTRO DE CIENCIAS DA SAUDE/FUFPI;2482141000113.0;DENTAL BONSUCESSO PRODUTOS ODONTOLOGICOS LTDA;M20RKG6000N;ENSINO-GESTAO;339030;Material de Consumo;154048152652026NE000666;15404806001212026 - UASG MINUTA: 154048;2026;2026;12432.74;0.0;0.0;0.0;0.0;0.0;0.0;12432.74;Sem contrato;Despesas Correntes;0.0;12432.74;0.0;12432.74;0.0;
154095;CENTRO DE CIENCIAS DA SAUDE/FUFPI;50060469000194.0;CELER PRODUTOS ODONTOLOGICOS LTDA;M20RKG6000N;ENSINO-GESTAO;339030;Material de Consumo;154048152652026NE000667;15404806001212026 - UASG MINUTA: 154048;2026;2026;15636.32;0.0;0.0;0.0;0.0;0.0;0.0;15636.32;Sem contrato;Despesas Correntes;0.0;15636.32;0.0;15636.32;0.0;
154095;CENTRO DE CIENCIAS DA SAUDE/FUFPI;67854959000165.0;67.854.959 GRACE ANNE ALVES DE LIMA;M20RKG6000N;ENSINO-GESTAO;339030;Material de Consumo;154048152652026NE000668;15404806001212026 - UASG MINUTA: 154048;2026;2026;5000.0;0.0;0.0;0.0;0.0;0.0;0.0;5000.0;Sem contrato;Despesas Correntes;0.0;5000.0;0.0;5000.0;0.0;
